trade_date,timestamp,action,leg,side,raw_price,exec_price,qty,brokerage,stt,exchange_charge,ipft,sebi_fee,stamp_duty,gst,total_cost,slippage_points
2024-10-01,2024-10-01 09:30:00,ENTRY,ce,SELL,118.8,117.8,25,10.0,2.945,1.0316335,0.014725000000000002,0.0029449999999999997,0.0,1.98887463,15.98317813,1.0
2024-10-01,2024-10-01 09:30:00,ENTRY,pe,SELL,151.44,150.44,25,10.0,3.761,1.3174783,0.018805000000000002,0.003761,0.0,2.041207974,17.142252274,1.0
2024-10-01,2024-10-01 10:19:00,ADJUST_CLOSE,ce,BUY,80.0,81.0,25,10.0,0.0,0.7093575,0.010125,0.002025,0.06075,1.9298713499999998,12.71212885,1.0
2024-10-01,2024-10-01 10:19:00,ADJUST_OPEN,ce,SELL,170.75,169.75,25,10.0,4.24375,1.486585625,0.02121875,0.00424375,0.0,2.0721686624999998,17.8279667875,1.0
2024-10-01,2024-10-01 15:15:00,TIME_EXIT,ce,BUY,137.3,138.3,25,10.0,0.0,1.21116225,0.017287500000000004,0.0034575000000000005,0.10372500000000001,2.021743305,13.357375555,1.0
2024-10-01,2024-10-01 15:15:00,TIME_EXIT,pe,BUY,164.5,165.5,25,10.0,0.0,1.44936625,0.0206875,0.0041375,0.124125,2.065354425,13.663670675,1.0
2024-10-03,2024-10-03 09:30:00,ENTRY,ce,SELL,63.5,62.5,25,10.0,1.5625,0.54734375,0.0078125,0.0015624999999999999,0.0,1.900209375,14.019428125,1.0
2024-10-03,2024-10-03 09:30:00,ENTRY,pe,SELL,155.5,154.5,25,10.0,3.8625000000000003,1.35303375,0.019312500000000003,0.0038624999999999996,0.0,2.047717575,17.286426325,1.0
2024-10-03,2024-10-03 09:32:00,ADJUST_CLOSE,ce,BUY,70.9,71.9,25,10.0,0.0,0.62966425,0.008987500000000002,0.0017975,0.05392500000000001,1.915280865,12.609655114999999,1.0
2024-10-03,2024-10-03 09:32:00,ADJUST_OPEN,ce,SELL,133.3,132.3,25,10.0,3.3075000000000006,1.1586172500000003,0.016537500000000004,0.0033075,0.0,2.012123205,16.498085455000002,1.0
2024-10-03,2024-10-03 10:12:00,ADJUST_CLOSE,ce,BUY,78.34,79.34,25,10.0,0.0,0.69482005,0.009917500000000001,0.0019835,0.059505,1.927209789,12.693435839,1.0
2024-10-03,2024-10-03 10:12:00,ADJUST_OPEN,ce,SELL,187.65,186.65,25,10.0,4.66625,1.634587375,0.02333125,0.004666249999999999,0.0,2.0992652775,18.428100152499997,1.0
2024-10-03,2024-10-03 11:22:00,ADJUST_CLOSE,ce,BUY,110.85,111.85,25,10.0,0.0,0.9795263750000001,0.01398125,0.0027962499999999997,0.0838875,1.9793346975000001,13.0595260725,1.0
2024-10-03,2024-10-03 11:22:00,ADJUST_OPEN,ce,SELL,236.55,235.55,25,10.0,5.88875,2.062829125,0.02944375,0.00588875,0.0,2.1776690925,20.164580717499998,1.0
2024-10-03,2024-10-03 13:20:00,ADJUST_CLOSE,ce,BUY,146.5,147.5,25,10.0,0.0,1.29173125,0.018437500000000002,0.0036875,0.110625,2.036494125,13.460975375,1.0
2024-10-03,2024-10-03 13:20:00,ADJUST_OPEN,ce,SELL,293.05,292.05,25,10.0,7.3012500000000005,2.557627875,0.036506250000000004,0.00730125,0.0,2.2682583674999997,22.1709437425,1.0
2024-10-03,2024-10-03 13:56:00,ADJUST_CLOSE,ce,BUY,179.95,180.95,25,10.0,0.0,1.584669625,0.022618750000000003,0.00452375,0.1357125,2.0901261825,13.837650807500001,1.0
2024-10-03,2024-10-03 13:56:00,ADJUST_OPEN,ce,SELL,374.65,373.65,25,10.0,9.34125,3.272239875,0.046706250000000005,0.009341249999999999,0.0,2.3990917275,25.0686291025,1.0
2024-10-03,2024-10-03 15:15:00,TIME_EXIT,ce,BUY,404.95,405.95,25,10.0,0.0,3.555107125,0.050743750000000004,0.01014875,0.3044625,2.4508799325,16.3713420575,1.0
2024-10-03,2024-10-03 15:15:00,TIME_EXIT,pe,BUY,313.75,314.75,25,10.0,0.0,2.756423125,0.039343750000000004,0.007868749999999999,0.2360625,2.3046544125,15.344352537499999,1.0
2024-10-04,2024-10-04 09:30:00,ENTRY,ce,SELL,210.2,209.2,25,10.0,5.23,1.832069,0.026150000000000003,0.005229999999999999,0.0,2.1354208199999998,19.228869820000003,1.0
2024-10-04,2024-10-04 09:30:00,ENTRY,pe,SELL,224.7,223.7,25,10.0,5.5925,1.9590527500000001,0.0279625,0.005592499999999999,0.0,2.158669395,19.743777145000003,1.0
2024-10-04,2024-10-04 10:56:00,ADJUST_CLOSE,pe,BUY,151.65,152.65,25,10.0,0.0,1.336832375,0.01908125,0.0038162499999999998,0.1144875,2.0447513775,13.518968752499998,1.0
2024-10-04,2024-10-04 10:56:00,ADJUST_OPEN,pe,SELL,321.7,320.7,25,10.0,8.0175,2.80853025,0.040087500000000005,0.0080175,0.0,2.3141943449999998,23.188329595,1.0
2024-10-04,2024-10-04 12:50:00,ADJUST_CLOSE,ce,BUY,212.45,213.45,25,10.0,0.0,1.869288375,0.026681250000000004,0.00533625,0.1600875,2.1422350574999998,14.203628432499997,1.0
2024-10-04,2024-10-04 12:50:00,ADJUST_OPEN,ce,SELL,454.45,453.45,25,10.0,11.33625,3.971088375,0.05668125,0.011336249999999999,0.0,2.5270390575,27.902394932500002,1.0
2024-10-04,2024-10-04 15:01:00,ADJUST_CLOSE,ce,BUY,289.3,290.3,25,10.0,0.0,2.54230225,0.0362875,0.0072575,0.217725,2.265452505,15.069024755000001,1.0
2024-10-04,2024-10-04 15:01:00,ADJUST_OPEN,ce,SELL,613.25,612.25,25,10.0,15.30625,5.361779375,0.07653125000000001,0.015306249999999999,0.0,2.7816510375,33.5415179125,1.0
2024-10-04,2024-10-04 15:15:00,TIME_EXIT,ce,BUY,611.6,612.6,25,10.0,0.0,5.3648445,0.076575,0.015314999999999999,0.45945,2.78221221,18.69839671,1.0
2024-10-04,2024-10-04 15:15:00,TIME_EXIT,pe,BUY,568.25,569.25,25,10.0,0.0,4.985206875,0.07115625,0.014231249999999999,0.4269375,2.7127069875,18.2102388625,1.0
2024-10-07,2024-10-07 09:30:00,ENTRY,ce,SELL,180.35,179.35,25,10.0,4.48375,1.570657625,0.02241875,0.00448375,0.0,2.0875608225,18.168870947499997,1.0
2024-10-07,2024-10-07 09:30:00,ENTRY,pe,SELL,208.35,207.35,25,10.0,5.18375,1.815867625,0.02591875,0.00518375,0.0,2.1324546225,19.163174747499998,1.0
2024-10-07,2024-10-07 10:40:00,ADJUST_CLOSE,ce,BUY,133.35,134.35,25,10.0,0.0,1.176570125,0.01679375,0.0033587499999999998,0.1007625,2.0154100725,13.3128951975,1.0
2024-10-07,2024-10-07 10:40:00,ADJUST_OPEN,ce,SELL,280.05,279.05,25,10.0,6.97625,2.4437803750000002,0.03488125,0.00697625,0.0,2.2474148174999997,21.709302692500003,1.0
2024-10-07,2024-10-07 13:03:00,ADJUST_CLOSE,ce,BUY,182.8,183.8,25,10.0,0.0,1.6096285,0.022975000000000002,0.004595,0.13785,2.0946957299999998,13.86974423,1.0
2024-10-07,2024-10-07 13:03:00,ADJUST_OPEN,ce,SELL,365.55,364.55,25,10.0,9.11375,3.192546625,0.045568750000000005,0.00911375,0.0,2.3845012425,24.7454803675,1.0
2024-10-07,2024-10-07 15:15:00,TIME_EXIT,ce,BUY,351.2,352.2,25,10.0,0.0,3.0843915,0.044025,0.008805,0.26415,2.36469987,15.766071370000002,1.0
2024-10-07,2024-10-07 15:15:00,TIME_EXIT,pe,BUY,371.3,372.3,25,10.0,0.0,3.26041725,0.0465375,0.0093075,0.279225,2.396927205,15.992414454999999,1.0
2024-10-08,2024-10-08 09:30:00,ENTRY,ce,SELL,214.3,213.3,25,10.0,5.3325000000000005,1.8679747500000001,0.026662500000000002,0.0053325,0.0,2.141994555,19.374464305,1.0
2024-10-08,2024-10-08 09:30:00,ENTRY,pe,SELL,212.35,211.35,25,10.0,5.28375,1.850897625,0.02641875,0.005283749999999999,0.0,2.1388680225,19.3052181475,1.0
2024-10-08,2024-10-08 11:32:00,ADJUST_CLOSE,pe,BUY,139.44,140.44,25,10.0,0.0,1.2299033,0.017555,0.003511,0.10533000000000001,2.025174474,13.381473774,1.0
2024-10-08,2024-10-08 11:32:00,ADJUST_OPEN,pe,SELL,270.25,269.25,25,10.0,6.73125,2.357956875,0.033656250000000006,0.006731249999999999,0.0,2.2317019874999997,21.3612963625,1.0
2024-10-08,2024-10-08 15:15:00,TIME_EXIT,ce,BUY,244.15,245.15,25,10.0,0.0,2.146901125,0.03064375,0.00612875,0.1838625,2.1930612524999997,14.560597377499999,1.0
2024-10-08,2024-10-08 15:15:00,TIME_EXIT,pe,BUY,280.39,281.39,25,10.0,0.0,2.464272925,0.035173750000000004,0.007034749999999999,0.2110425,2.2511666565,14.9686905815,1.0
2024-10-09,2024-10-09 09:30:00,ENTRY,ce,SELL,106.75,105.75,25,10.0,2.6437500000000003,0.926105625,0.013218750000000001,0.00264375,0.0,1.9695542625,15.5552723875,1.0
2024-10-09,2024-10-09 09:30:00,ENTRY,pe,SELL,207.6,206.6,25,10.0,5.165,1.8092995,0.025825,0.0051649999999999995,0.0,2.1312521099999997,19.136541610000002,1.0
2024-10-09,2024-10-09 11:22:00,ADJUST_CLOSE,pe,BUY,107.2,108.2,25,10.0,0.0,0.9475615000000001,0.013525,0.002705,0.08115,1.9734824700000002,13.01842397,1.0
2024-10-09,2024-10-09 11:22:00,ADJUST_OPEN,pe,SELL,232.05,231.05,25,10.0,5.77625,2.023420375,0.02888125,0.00577625,0.0,2.1704540175,20.004781892500002,1.0
2024-10-09,2024-10-09 11:55:00,ADJUST_CLOSE,ce,BUY,141.44,142.44,25,10.0,0.0,1.2474183,0.017805,0.003561,0.10683000000000001,2.0283811739999997,13.403995473999998,1.0
2024-10-09,2024-10-09 11:55:00,ADJUST_OPEN,ce,SELL,295.0,294.0,25,10.0,7.3500000000000005,2.5747050000000002,0.036750000000000005,0.00735,0.0,2.2713848999999997,22.240189900000004,1.0
2024-10-09,2024-10-09 14:30:00,ADJUST_CLOSE,ce,BUY,186.95,187.95,25,10.0,0.0,1.6459721250000001,0.02349375,0.00469875,0.1409625,2.1013496325,13.9164767575,1.0
2024-10-09,2024-10-09 14:30:00,ADJUST_OPEN,ce,SELL,359.6,358.6,25,10.0,8.965,3.1404395,0.044825000000000004,0.008964999999999999,0.0,2.3749613099999998,24.53419081,1.0
2024-10-09,2024-10-09 15:15:00,TIME_EXIT,ce,BUY,314.5,315.5,25,10.0,0.0,2.7629912500000002,0.0394375,0.0078875,0.236625,2.305856925,15.352798175000002,1.0
2024-10-09,2024-10-09 15:15:00,TIME_EXIT,pe,BUY,412.3,413.3,25,10.0,0.0,3.61947475,0.05166250000000001,0.0103325,0.309975,2.4626645550000004,16.454109305000003,1.0
2024-10-10,2024-10-10 09:30:00,ENTRY,ce,SELL,63.75,62.75,25,10.0,1.56875,0.549533125,0.00784375,0.0015687499999999998,0.0,1.9006102125,14.0283058375,1.0
2024-10-10,2024-10-10 09:30:00,ENTRY,pe,SELL,162.55,161.55,25,10.0,4.03875,1.414774125,0.020193750000000003,0.004038750000000001,0.0,2.0590211925,17.536777817500003,1.0
2024-10-10,2024-10-10 09:32:00,ADJUST_CLOSE,ce,BUY,52.15,53.15,25,10.0,0.0,0.46546112500000003,0.00664375,0.0013287499999999999,0.0398625,1.8852180525000002,12.398514177500003,1.0
2024-10-10,2024-10-10 09:32:00,ADJUST_OPEN,ce,SELL,188.85,187.85,25,10.0,4.69625,1.645096375,0.023481250000000002,0.00469625,0.0,2.1011892975,18.470713172499998,1.0
2024-10-10,2024-10-10 10:06:00,ADJUST_CLOSE,pe,BUY,125.95,126.95,25,10.0,0.0,1.111764625,0.01586875,0.00317375,0.0952125,2.0035452824999997,13.229564907499999,1.0
2024-10-10,2024-10-10 10:06:00,ADJUST_OPEN,pe,SELL,248.0,247.0,25,10.0,6.175,2.1631025,0.030875000000000003,0.006175,0.0,2.1960274500000003,20.57117995,1.0
2024-10-10,2024-10-10 11:20:00,ADJUST_CLOSE,ce,BUY,152.1,153.1,25,10.0,0.0,1.34077325,0.0191375,0.0038274999999999997,0.114825,2.0454728849999997,13.524036135,1.0
2024-10-10,2024-10-10 11:20:00,ADJUST_OPEN,ce,SELL,298.5,297.5,25,10.0,7.4375,2.60535625,0.037187500000000005,0.0074375,0.0,2.2769966249999998,22.364477875000002,1.0
2024-10-10,2024-10-10 15:15:00,TIME_EXIT,ce,BUY,301.1,302.1,25,10.0,0.0,2.6456407500000005,0.037762500000000004,0.0075525,0.22657500000000003,2.2843720349999996,15.201902784999998,1.0
2024-10-10,2024-10-10 15:15:00,TIME_EXIT,pe,BUY,327.14,328.14,25,10.0,0.0,2.87368605,0.041017500000000005,0.008203499999999999,0.24610500000000002,2.326123269,15.495135319000001,1.0
2024-10-11,2024-10-11 09:30:00,ENTRY,ce,SELL,196.75,195.75,25,10.0,4.89375,1.714280625,0.02446875,0.00489375,0.0,2.1138557625,18.751248887500005,1.0
2024-10-11,2024-10-11 09:30:00,ENTRY,pe,SELL,178.6,177.6,25,10.0,4.44,1.555332,0.0222,0.0044399999999999995,0.0,2.08475496,18.106726960000003,1.0
2024-10-11,2024-10-11 15:15:00,TIME_EXIT,ce,BUY,145.9,146.9,25,10.0,0.0,1.28647675,0.0183625,0.0036725,0.11017500000000001,2.035532115,13.454218865000001,1.0
2024-10-11,2024-10-11 15:15:00,TIME_EXIT,pe,BUY,186.45,187.45,25,10.0,0.0,1.641593375,0.02343125,0.0046862499999999994,0.1405875,2.1005479575,13.9108463325,1.0
2024-10-14,2024-10-14 09:30:00,ENTRY,ce,SELL,124.2,123.2,25,10.0,3.08,1.078924,0.0154,0.00308,0.0,1.9975327200000002,16.17493672,1.0
2024-10-14,2024-10-14 09:30:00,ENTRY,pe,SELL,183.0,182.0,25,10.0,4.55,1.593865,0.022750000000000003,0.00455,0.0,2.0918097,18.262974699999997,1.0
2024-10-14,2024-10-14 15:15:00,TIME_EXIT,ce,BUY,154.4,155.4,25,10.0,0.0,1.3609155,0.019425,0.003885,0.11655,2.04916059,13.549936090000001,1.0
2024-10-14,2024-10-14 15:15:00,TIME_EXIT,pe,BUY,134.9,135.9,25,10.0,0.0,1.19014425,0.016987500000000003,0.0033975,0.101925,2.017895265,13.330349515,1.0
2024-10-15,2024-10-15 09:30:00,ENTRY,ce,SELL,90.6,89.6,25,10.0,2.24,0.784672,0.011200000000000002,0.00224,0.0,1.9436601600000003,14.981772160000002,1.0
2024-10-15,2024-10-15 09:30:00,ENTRY,pe,SELL,160.05,159.05,25,10.0,3.9762500000000007,1.3928803750000003,0.019881250000000003,0.003976250000000001,0.0,2.0550128174999998,17.4480006925,1.0
2024-10-15,2024-10-15 09:46:00,ADJUST_CLOSE,ce,BUY,82.4,83.4,25,10.0,0.0,0.7303755,0.010425,0.002085,0.06255000000000001,1.9337193899999996,12.739154889999998,1.0
2024-10-15,2024-10-15 09:46:00,ADJUST_OPEN,ce,SELL,170.3,169.3,25,10.0,4.2325,1.48264475,0.0211625,0.0042325,0.0,2.0714471550000004,17.811986905,1.0
2024-10-15,2024-10-15 10:02:00,ADJUST_CLOSE,ce,BUY,117.95,118.95,25,10.0,0.0,1.041704625,0.014868750000000002,0.00297375,0.0892125,1.9907184825,13.1394781075,1.0
2024-10-15,2024-10-15 10:02:00,ADJUST_OPEN,ce,SELL,248.6,247.6,25,10.0,6.19,2.168357,0.030950000000000002,0.006189999999999999,0.0,2.19698946,20.592486460000003,1.0
2024-10-15,2024-10-15 15:15:00,TIME_EXIT,ce,BUY,215.2,216.2,25,10.0,0.0,1.8933715,0.027025000000000004,0.005405,0.16215000000000002,2.14664427,14.23459577,1.0
2024-10-15,2024-10-15 15:15:00,TIME_EXIT,pe,BUY,244.1,245.1,25,10.0,0.0,2.14646325,0.0306375,0.0061275,0.18382500000000002,2.1929810849999996,14.560034335,1.0
2024-10-16,2024-10-16 09:30:00,ENTRY,ce,SELL,70.0,69.0,25,10.0,1.725,0.6042675,0.008625,0.001725,0.0,1.9106311500000002,14.250248650000001,1.0
2024-10-16,2024-10-16 09:30:00,ENTRY,pe,SELL,168.3,167.3,25,10.0,4.1825,1.46512975,0.0209125,0.0041825,0.0,2.0682404549999998,17.740965205000002,1.0
2024-10-16,2024-10-16 10:40:00,ADJUST_CLOSE,ce,BUY,72.0,73.0,25,10.0,0.0,0.6392975,0.009125000000000001,0.001825,0.05475,1.9170445499999997,12.62204205,1.0
2024-10-16,2024-10-16 10:40:00,ADJUST_OPEN,ce,SELL,166.4,165.4,25,10.0,4.135,1.4484905000000001,0.020675000000000002,0.004135,0.0,2.06519409,17.67349459,1.0
2024-10-16,2024-10-16 11:41:00,ADJUST_CLOSE,ce,BUY,100.45,101.45,25,10.0,0.0,0.888448375,0.012681250000000002,0.00253625,0.0760875,1.9626598574999998,12.9424132325,1.0
2024-10-16,2024-10-16 11:41:00,ADJUST_OPEN,ce,SELL,204.3,203.3,25,10.0,5.0825000000000005,1.78039975,0.0254125,0.005082499999999999,0.0,2.1259610550000003,19.019355805000004,1.0
2024-10-16,2024-10-16 14:27:00,ADJUST_CLOSE,pe,BUY,148.6,149.6,25,10.0,0.0,1.310122,0.0187,0.00374,0.11220000000000001,2.03986116,13.484623160000002,1.0
2024-10-16,2024-10-16 14:27:00,ADJUST_OPEN,pe,SELL,319.89,318.89,25,10.0,7.97225,2.792679175,0.03986125,0.00797225,0.0,2.3112922814999997,23.1240549565,1.0
2024-10-16,2024-10-16 15:15:00,TIME_EXIT,ce,BUY,240.9,241.9,25,10.0,0.0,2.11843925,0.030237500000000004,0.0060475,0.181425,2.1878503649999996,14.523999615,1.0
2024-10-16,2024-10-16 15:15:00,TIME_EXIT,pe,BUY,368.95,369.95,25,10.0,0.0,3.239837125,0.04624375000000001,0.00924875,0.2774625,2.3931593325000002,15.965951457500001,1.0
2024-10-17,2024-10-17 09:30:00,ENTRY,ce,SELL,71.65,70.65,25,10.0,1.7662500000000003,0.6187173750000001,0.008831250000000002,0.0017662500000000002,0.0,1.9132766774999996,14.308841552499997,1.0
2024-10-17,2024-10-17 09:30:00,ENTRY,pe,SELL,128.05,127.05000000000001,25,10.0,3.1762500000000005,1.1126403750000002,0.015881250000000003,0.0031762500000000003,0.0,2.0037056174999996,16.3116534925,1.0
2024-10-17,2024-10-17 09:35:00,ADJUST_CLOSE,ce,BUY,53.25,54.25,25,10.0,0.0,0.475094375,0.006781250000000001,0.00135625,0.0406875,1.8869817374999998,12.4109011125,1.0
2024-10-17,2024-10-17 09:35:00,ADJUST_OPEN,ce,SELL,159.65,158.65,25,10.0,3.96625,1.389377375,0.01983125,0.00396625,0.0,2.0543714774999997,17.4337963525,1.0
2024-10-17,2024-10-17 09:55:00,ADJUST_CLOSE,ce,BUY,89.4,90.4,25,10.0,0.0,0.791678,0.011300000000000001,0.00226,0.0678,1.9449428399999997,12.817980839999999,1.0
2024-10-17,2024-10-17 09:55:00,ADJUST_OPEN,ce,SELL,172.6,171.6,25,10.0,4.29,1.502787,0.02145,0.0042899999999999995,0.0,2.0751348599999995,17.893661859999998,1.0
2024-10-17,2024-10-17 13:51:00,ADJUST_CLOSE,ce,BUY,107.1,108.1,25,10.0,0.0,0.94668575,0.013512500000000002,0.0027025,0.08107500000000001,1.9733221349999999,13.017297885,1.0
2024-10-17,2024-10-17 13:51:00,ADJUST_OPEN,ce,SELL,206.3,205.3,25,10.0,5.1325,1.7979147500000001,0.0256625,0.0051325,0.0,2.129167755,19.090377505,1.0
2024-10-17,2024-10-17 15:15:00,TIME_EXIT,ce,BUY,203.85,204.85,25,10.0,0.0,1.793973875,0.02560625,0.00512125,0.1536375,2.1284462475,14.1067851225,1.0
2024-10-17,2024-10-17 15:15:00,TIME_EXIT,pe,BUY,199.85,200.85,25,10.0,0.0,1.758943875,0.025106250000000004,0.00502125,0.1506375,2.1220328475,14.0617417225,1.0
2024-10-18,2024-10-18 09:30:00,ENTRY,ce,SELL,153.1,152.1,25,10.0,3.8025,1.33201575,0.0190125,0.0038025,0.0,2.0438695350000002,17.201200285000002,1.0
2024-10-18,2024-10-18 09:30:00,ENTRY,pe,SELL,238.55,237.55,25,10.0,5.93875,2.080344125,0.02969375,0.00593875,0.0,2.1808757924999997,20.235602417499997,1.0
2024-10-18,2024-10-18 11:40:00,ADJUST_CLOSE,pe,BUY,130.19,131.19,25,10.0,0.0,1.148896425,0.01639875,0.0032797499999999997,0.09839250000000001,2.0103434865,13.2773109115,1.0
2024-10-18,2024-10-18 11:40:00,ADJUST_OPEN,pe,SELL,275.1,274.1,25,10.0,6.852500000000001,2.4004307500000004,0.03426250000000001,0.006852500000000001,0.0,2.239478235,21.533523985000002,1.0
2024-10-18,2024-10-18 15:15:00,TIME_EXIT,ce,BUY,284.0,285.0,25,10.0,0.0,2.4958875,0.035625000000000004,0.007124999999999999,0.21375,2.25695475,15.00934225,1.0
2024-10-18,2024-10-18 15:15:00,TIME_EXIT,pe,BUY,233.35,234.35,25,10.0,0.0,2.052320125,0.029293750000000004,0.005858749999999999,0.17576250000000002,2.1757450725,14.4389801975,1.0
2024-10-21,2024-10-21 09:30:00,ENTRY,ce,SELL,175.9,174.9,25,10.0,4.3725000000000005,1.53168675,0.021862500000000003,0.0043725,0.0,2.080425915,18.010847665,1.0
2024-10-21,2024-10-21 09:30:00,ENTRY,pe,SELL,146.44,145.44,25,10.0,3.636,1.2736908,0.01818,0.003636,0.0,2.033191224,16.964698024,1.0
2024-10-21,2024-10-21 09:46:00,ADJUST_CLOSE,ce,BUY,101.3,102.3,25,10.0,0.0,0.8958922500000001,0.0127875,0.0025575,0.076725,1.9640227049999999,12.951984954999999,1.0
2024-10-21,2024-10-21 09:46:00,ADJUST_OPEN,ce,SELL,214.55,213.55,25,10.0,5.33875,1.870164125,0.026693750000000002,0.00533875,0.0,2.1423953925,19.3833420175,1.0
2024-10-21,2024-10-21 10:09:00,ADJUST_CLOSE,pe,BUY,150.6,151.6,25,10.0,0.0,1.327637,0.01895,0.00379,0.11370000000000001,2.04306786,13.50714486,1.0
2024-10-21,2024-10-21 10:09:00,ADJUST_OPEN,pe,SELL,331.0,330.0,25,10.0,8.25,2.889975,0.04125,0.00825,0.0,2.3291055,23.518580500000002,1.0
2024-10-21,2024-10-21 11:35:00,ADJUST_CLOSE,ce,BUY,212.8,213.8,25,10.0,0.0,1.8723535,0.026725000000000002,0.005345,0.16035,2.14279623,14.20756973,1.0
2024-10-21,2024-10-21 11:35:00,ADJUST_OPEN,ce,SELL,408.0,407.0,25,10.0,10.175,3.5643025,0.050875000000000004,0.010175,0.0,2.45256345,26.252915950000002,1.0
2024-10-21,2024-10-21 15:15:00,TIME_EXIT,ce,BUY,427.25,428.25,25,10.0,0.0,3.750399375,0.05353125,0.010706249999999999,0.3211875,2.4866346375000004,16.622459012500002,1.0
2024-10-21,2024-10-21 15:15:00,TIME_EXIT,pe,BUY,405.0,406.0,25,10.0,0.0,3.555545,0.05075,0.01015,0.3045,2.4509601,16.3719051,1.0
2024-10-22,2024-10-22 09:30:00,ENTRY,ce,SELL,119.85,118.85,25,10.0,2.97125,1.040828875,0.014856250000000001,0.00297125,0.0,1.9905581474999998,16.0204645225,1.0
2024-10-22,2024-10-22 09:30:00,ENTRY,pe,SELL,166.45,165.45,25,10.0,4.13625,1.448928375,0.02068125,0.00413625,0.0,2.0652742575,17.6752701325,1.0
2024-10-22,2024-10-22 10:14:00,ADJUST_CLOSE,ce,BUY,88.95,89.95,25,10.0,0.0,0.787737125,0.01124375,0.00224875,0.06746250000000001,1.9442213324999997,12.812913457499999,1.0
2024-10-22,2024-10-22 10:14:00,ADJUST_OPEN,ce,SELL,175.6,174.6,25,10.0,4.365,1.5290595,0.021825,0.004365,0.0,2.07994491,18.00019441,1.0
2024-10-22,2024-10-22 10:29:00,ADJUST_CLOSE,ce,BUY,122.85,123.85,25,10.0,0.0,1.084616375,0.015481250000000002,0.00309625,0.0928875,1.9985748975,13.1946562725,1.0
2024-10-22,2024-10-22 10:29:00,ADJUST_OPEN,ce,SELL,252.45,251.45,25,10.0,6.28625,2.202073375,0.03143125,0.006286249999999999,0.0,2.2031623575,20.729203232499998,1.0
2024-10-22,2024-10-22 14:55:00,ADJUST_CLOSE,ce,BUY,161.8,162.8,25,10.0,0.0,1.4257210000000002,0.020350000000000004,0.004070000000000001,0.12210000000000001,2.06102538,13.63326638,1.0
2024-10-22,2024-10-22 14:55:00,ADJUST_OPEN,ce,SELL,310.45,309.45,25,10.0,7.73625,2.710008375,0.03868125,0.00773625,0.0,2.2961566575,22.7888325325,1.0
2024-10-22,2024-10-22 15:15:00,TIME_EXIT,ce,BUY,258.85,259.85,25,10.0,0.0,2.2756363750000004,0.03248125000000001,0.00649625,0.19488750000000002,2.2166304975,14.726131872500002,1.0
2024-10-22,2024-10-22 15:15:00,TIME_EXIT,pe,BUY,370.3,371.3,25,10.0,0.0,3.25165975,0.0464125,0.009282499999999999,0.27847500000000003,2.395323855,15.981153605,1.0
2024-10-23,2024-10-23 09:30:00,ENTRY,ce,SELL,148.6,147.6,25,10.0,3.69,1.292607,0.01845,0.0036899999999999997,0.0,2.03665446,17.04140146,1.0
2024-10-23,2024-10-23 09:30:00,ENTRY,pe,SELL,160.3,159.3,25,10.0,3.9825000000000004,1.3950697500000002,0.019912500000000003,0.0039825,0.0,2.055413655,17.456878404999998,1.0
2024-10-23,2024-10-23 14:24:00,ADJUST_CLOSE,ce,BUY,73.34,74.34,25,10.0,0.0,0.65103255,0.0092925,0.0018585,0.055755,1.9191930390000003,12.637131589,1.0
2024-10-23,2024-10-23 14:24:00,ADJUST_OPEN,ce,SELL,168.15,167.15,25,10.0,4.17875,1.463816125,0.020893750000000003,0.00417875,0.0,2.0679999524999997,17.7356385775,1.0
2024-10-23,2024-10-23 15:15:00,TIME_EXIT,ce,BUY,158.9,159.9,25,10.0,0.0,1.40032425,0.019987500000000002,0.0039975,0.119925,2.056375665,13.600609915,1.0
2024-10-23,2024-10-23 15:15:00,TIME_EXIT,pe,BUY,175.0,176.0,25,10.0,0.0,1.54132,0.022000000000000002,0.004399999999999999,0.132,2.0821896,13.7819096,1.0
2024-10-24,2024-10-24 09:30:00,ENTRY,ce,SELL,60.5,59.5,25,10.0,1.4875,0.52107125,0.0074375000000000005,0.0014874999999999999,0.0,1.8953993249999999,13.912895575,1.0
2024-10-24,2024-10-24 09:30:00,ENTRY,pe,SELL,151.94,150.94,25,10.0,3.7735000000000003,1.32185705,0.018867500000000002,0.0037735,0.0,2.042009649,17.160007699,1.0
2024-10-24,2024-10-24 09:32:00,ADJUST_CLOSE,ce,BUY,59.25,60.25,25,10.0,0.0,0.527639375,0.007531250000000001,0.00150625,0.0451875,1.8966018374999998,12.4784662125,1.0
2024-10-24,2024-10-24 09:32:00,ADJUST_OPEN,ce,SELL,168.2,167.2,25,10.0,4.18,1.464254,0.020900000000000002,0.00418,0.0,2.06808012,17.73741412,1.0
2024-10-24,2024-10-24 15:15:00,TIME_EXIT,ce,BUY,149.85,150.85,25,10.0,0.0,1.321068875,0.01885625,0.00377125,0.1131375,2.0418653475,13.4986992225,1.0
2024-10-24,2024-10-24 15:15:00,TIME_EXIT,pe,BUY,138.35,139.35,25,10.0,0.0,1.2203576250000001,0.01741875,0.00348375,0.10451250000000001,2.0234268225,13.369199447499998,1.0
2024-10-25,2024-10-25 09:30:00,ENTRY,ce,SELL,205.05,204.05,25,10.0,5.10125,1.786967875,0.02550625,0.00510125,0.0,2.1271635675,19.045988942499996,1.0
2024-10-25,2024-10-25 09:30:00,ENTRY,pe,SELL,179.85,178.85,25,10.0,4.47125,1.566278875,0.02235625,0.0044712499999999995,0.0,2.0867591475,18.151115522500003,1.0
2024-10-25,2024-10-25 09:59:00,ADJUST_CLOSE,ce,BUY,122.9,123.9,25,10.0,0.0,1.08505425,0.015487500000000001,0.0030975,0.09292500000000001,1.9986550650000003,13.195219315000003,1.0
2024-10-25,2024-10-25 09:59:00,ADJUST_OPEN,ce,SELL,264.05,263.05,25,10.0,6.57625,2.303660375,0.03288125,0.00657625,0.0,2.2217612175,21.141129092499998,1.0
2024-10-25,2024-10-25 12:25:00,ADJUST_CLOSE,ce,BUY,171.7,172.7,25,10.0,0.0,1.51242025,0.021587500000000003,0.0043175,0.129525,2.076898545,13.744748795000001,1.0
2024-10-25,2024-10-25 12:25:00,ADJUST_OPEN,ce,SELL,374.05,373.05,25,10.0,9.32625,3.266985375,0.046631250000000006,0.00932625,0.0,2.3981297175000003,25.047322592500006,1.0
2024-10-25,2024-10-25 15:15:00,TIME_EXIT,ce,BUY,429.55,430.55,25,10.0,0.0,3.770541625,0.053818750000000005,0.010763749999999999,0.3229125,2.4903223425,16.6483589675,1.0
2024-10-25,2024-10-25 15:15:00,TIME_EXIT,pe,BUY,306.8,307.8,25,10.0,0.0,2.6955585,0.038475,0.007695,0.23085,2.29351113,15.266089630000002,1.0
2024-10-28,2024-10-28 09:30:00,ENTRY,ce,SELL,157.1,156.1,25,10.0,3.9025000000000003,1.36704575,0.019512500000000002,0.0039024999999999997,0.0,2.050282935,17.343243684999997,1.0
2024-10-28,2024-10-28 09:30:00,ENTRY,pe,SELL,210.05,209.05,25,10.0,5.22625,1.830755375,0.02613125,0.00522625,0.0,2.1351803175,19.2235431925,1.0
2024-10-28,2024-10-28 10:41:00,ADJUST_CLOSE,pe,BUY,135.75,136.75,25,10.0,0.0,1.197588125,0.01709375,0.00341875,0.1025625,2.0192581124999998,13.339921237499999,1.0
2024-10-28,2024-10-28 10:41:00,ADJUST_OPEN,pe,SELL,269.7,268.7,25,10.0,6.7175,2.35314025,0.0335875,0.0067174999999999995,0.0,2.2308201449999996,21.341765395,1.0
2024-10-28,2024-10-28 15:15:00,TIME_EXIT,ce,BUY,215.85,216.85,25,10.0,0.0,1.899063875,0.027106250000000002,0.00542125,0.1626375,2.1476864474999995,14.241915322499999,1.0
2024-10-28,2024-10-28 15:15:00,TIME_EXIT,pe,BUY,299.14,300.14,25,10.0,0.0,2.62847605,0.0375175,0.0075035,0.225105,2.281229469,15.179831518999999,1.0
2024-10-29,2024-10-29 09:30:00,ENTRY,ce,SELL,133.05,132.05,25,10.0,3.3012500000000005,1.156427875,0.016506250000000004,0.0033012500000000004,0.0,2.0117223675,16.4892077425,1.0
2024-10-29,2024-10-29 09:30:00,ENTRY,pe,SELL,197.25,196.25,25,10.0,4.90625,1.718659375,0.02453125,0.00490625,0.0,2.1146574375,18.7690043125,1.0
2024-10-29,2024-10-29 09:49:00,ADJUST_CLOSE,ce,BUY,108.9,109.9,25,10.0,0.0,0.96244925,0.013737500000000001,0.0027475,0.082425,1.9762081649999999,13.037567415,1.0
2024-10-29,2024-10-29 09:49:00,ADJUST_OPEN,ce,SELL,232.1,231.1,25,10.0,5.7775,2.02385825,0.028887500000000003,0.0057775,0.0,2.170534185,20.006557435,1.0
2024-10-29,2024-10-29 13:03:00,ADJUST_CLOSE,pe,BUY,162.0,163.0,25,10.0,0.0,1.4274725,0.020375,0.004075,0.12225,2.06134605,13.63551855,1.0
2024-10-29,2024-10-29 13:03:00,ADJUST_OPEN,pe,SELL,327.7,326.7,25,10.0,8.1675,2.86107525,0.040837500000000006,0.0081675,0.0,2.323814445,23.401394694999997,1.0
2024-10-29,2024-10-29 15:15:00,TIME_EXIT,ce,BUY,444.45,445.45,25,10.0,0.0,3.901028375,0.05568125,0.01113625,0.3340875,2.5142122574999997,16.8161456325,1.0
2024-10-29,2024-10-29 15:15:00,TIME_EXIT,pe,BUY,252.9,253.9,25,10.0,0.0,2.22352925,0.0317375,0.0063475,0.190425,2.207090565,14.659129815,1.0
2024-10-30,2024-10-30 09:30:00,ENTRY,ce,SELL,122.25,121.25,25,10.0,3.03125,1.061846875,0.015156250000000001,0.0030312499999999997,0.0,1.9944061875,16.1056905625,1.0
2024-10-30,2024-10-30 09:30:00,ENTRY,pe,SELL,192.55,191.55,25,10.0,4.78875,1.677499125,0.023943750000000003,0.00478875,0.0,2.1071216925000003,18.602103317500003,1.0
2024-10-30,2024-10-30 13:44:00,ADJUST_CLOSE,ce,BUY,92.7,93.7,25,10.0,0.0,0.82057775,0.0117125,0.0023425,0.070275,1.9502338949999998,12.855141645,1.0
2024-10-30,2024-10-30 13:44:00,ADJUST_OPEN,ce,SELL,197.25,196.25,25,10.0,4.90625,1.718659375,0.02453125,0.00490625,0.0,2.1146574375,18.7690043125,1.0
2024-10-30,2024-10-30 15:15:00,TIME_EXIT,ce,BUY,182.5,183.5,25,10.0,0.0,1.60700125,0.022937500000000003,0.0045874999999999996,0.137625,2.0942147249999996,13.866365974999997,1.0
2024-10-30,2024-10-30 15:15:00,TIME_EXIT,pe,BUY,200.2,201.2,25,10.0,0.0,1.762009,0.025150000000000002,0.00503,0.1509,2.1225940199999997,14.065683019999998,1.0
2024-10-31,2024-10-31 09:30:00,ENTRY,ce,SELL,71.2,70.2,25,10.0,1.7550000000000001,0.6147765000000001,0.008775000000000002,0.0017549999999999998,0.0,1.9125551699999996,14.292861669999999,1.0
2024-10-31,2024-10-31 09:30:00,ENTRY,pe,SELL,190.9,189.9,25,10.0,4.7475000000000005,1.66304925,0.0237375,0.0047475,0.0,2.104476165,18.543510415,1.0
2024-10-31,2024-10-31 09:32:00,ADJUST_CLOSE,ce,BUY,59.05,60.05,25,10.0,0.0,0.525887875,0.007506250000000001,0.00150125,0.0450375,1.8962811675000002,12.4762140425,1.0
2024-10-31,2024-10-31 09:32:00,ADJUST_OPEN,ce,SELL,177.55,176.55,25,10.0,4.41375,1.546136625,0.02206875,0.00441375,0.0,2.0830714424999996,18.0694405675,1.0
2024-10-31,2024-10-31 12:42:00,ADJUST_CLOSE,ce,BUY,104.45,105.45,25,10.0,0.0,0.923478375,0.01318125,0.0026362499999999997,0.0790875,1.9690732575,12.9874566325,1.0
2024-10-31,2024-10-31 12:42:00,ADJUST_OPEN,ce,SELL,202.2,201.2,25,10.0,5.03,1.762009,0.025150000000000002,0.00503,0.0,2.1225940199999997,18.944783020000003,1.0
2024-10-31,2024-10-31 15:15:00,TIME_EXIT,ce,BUY,207.1,208.1,25,10.0,0.0,1.82243575,0.0260125,0.0052025,0.156075,2.133657135,14.143382885,1.0
2024-10-31,2024-10-31 15:15:00,TIME_EXIT,pe,BUY,196.4,197.4,25,10.0,0.0,1.7287305,0.024675000000000002,0.004935,0.14805000000000001,2.11650129,14.02289179,1.0
2024-11-04,2024-11-04 09:30:00,ENTRY,ce,SELL,234.2,233.2,25,10.0,5.83,2.042249,0.029150000000000002,0.00583,0.0,2.17390122,20.081130220000002,1.0
2024-11-04,2024-11-04 09:30:00,ENTRY,pe,SELL,247.0,246.0,25,10.0,6.15,2.154345,0.030750000000000003,0.00615,0.0,2.1944240999999995,20.5356691,1.0
2024-11-04,2024-11-04 10:13:00,ADJUST_CLOSE,ce,BUY,163.69,164.69,25,10.0,0.0,1.4422726750000001,0.02058625,0.004117249999999999,0.1235175,2.0640557115,13.6545493865,1.0
2024-11-04,2024-11-04 10:13:00,ADJUST_OPEN,ce,SELL,331.95,330.95,25,10.0,8.27375,2.898294625,0.04136875,0.00827375,0.0,2.3306286825,23.552315807499998,1.0
2024-11-04,2024-11-04 15:15:00,TIME_EXIT,ce,BUY,360.45,361.45,25,10.0,0.0,3.165398375,0.045181250000000006,0.00903625,0.2710875,2.3795308575,15.8702342325,1.0
2024-11-04,2024-11-04 15:15:00,TIME_EXIT,pe,BUY,274.7,275.7,25,10.0,0.0,2.41444275,0.0344625,0.006892499999999999,0.20677500000000001,2.2420435949999997,14.904616344999999,1.0
2024-11-05,2024-11-05 09:30:00,ENTRY,ce,SELL,184.45,183.45,25,10.0,4.58625,1.6065633750000001,0.02293125,0.00458625,0.0,2.0941345575,18.314465432499997,1.0
2024-11-05,2024-11-05 09:30:00,ENTRY,pe,SELL,263.0,262.0,25,10.0,6.55,2.294465,0.03275,0.006549999999999999,0.0,2.2200777,21.1038427,1.0
2024-11-05,2024-11-05 11:39:00,ADJUST_CLOSE,ce,BUY,149.6,150.6,25,10.0,0.0,1.3188795,0.018825,0.0037649999999999997,0.11295000000000001,2.0414645099999995,13.495884009999997,1.0
2024-11-05,2024-11-05 11:39:00,ADJUST_OPEN,ce,SELL,288.14,287.14,25,10.0,7.1785000000000005,2.51462855,0.0358925,0.0071785,0.0,2.2603859189999995,21.996585469,1.0
2024-11-05,2024-11-05 13:54:00,ADJUST_CLOSE,pe,BUY,198.6,199.6,25,10.0,0.0,1.747997,0.024950000000000003,0.00499,0.1497,2.12002866,14.04766566,1.0
2024-11-05,2024-11-05 13:54:00,ADJUST_OPEN,pe,SELL,394.85,393.85,25,10.0,9.84625,3.449141375,0.049231250000000004,0.009846249999999999,0.0,2.4314793975,25.785948272499994,1.0
2024-11-05,2024-11-05 15:15:00,TIME_EXIT,ce,BUY,459.0,460.0,25,10.0,0.0,4.02845,0.0575,0.0115,0.34500000000000003,2.5375409999999996,16.979991,1.0
2024-11-05,2024-11-05 15:15:00,TIME_EXIT,pe,BUY,344.9,345.9,25,10.0,0.0,3.02921925,0.043237500000000005,0.008647499999999999,0.259425,2.354598765,15.695128015000002,1.0
2024-11-06,2024-11-06 09:30:00,ENTRY,ce,SELL,111.5,110.5,25,10.0,2.7625,0.96770375,0.013812500000000002,0.0027624999999999998,0.0,1.977170175,15.723948924999998,1.0
2024-11-06,2024-11-06 09:30:00,ENTRY,pe,SELL,198.15,197.15,25,10.0,4.92875,1.726541125,0.024643750000000002,0.00492875,0.0,2.1161004525,18.8009640775,1.0
2024-11-06,2024-11-06 09:33:00,ADJUST_CLOSE,ce,BUY,103.55,104.55,25,10.0,0.0,0.915596625,0.01306875,0.0026137499999999998,0.0784125,1.9676302424999998,12.9773218675,1.0
2024-11-06,2024-11-06 09:33:00,ADJUST_OPEN,ce,SELL,219.65,218.65,25,10.0,5.4662500000000005,1.914827375,0.02733125,0.00546625,0.0,2.1505724775,19.5644473525,1.0
2024-11-06,2024-11-06 11:57:00,ADJUST_CLOSE,pe,BUY,149.94,150.94,25,10.0,0.0,1.32185705,0.018867500000000002,0.0037735,0.113205,2.042009649,13.499712699000002,1.0
2024-11-06,2024-11-06 11:57:00,ADJUST_OPEN,pe,SELL,321.05,320.05,25,10.0,8.00125,2.802837875,0.04000625,0.00800125,0.0,2.3131521674999997,23.1652475425,1.0
2024-11-06,2024-11-06 15:15:00,TIME_EXIT,ce,BUY,302.35,303.35,25,10.0,0.0,2.6565876250000002,0.03791875000000001,0.00758375,0.22751250000000003,2.2863762225,15.215978847499999,1.0
2024-11-06,2024-11-06 15:15:00,TIME_EXIT,pe,BUY,305.0,306.0,25,10.0,0.0,2.679795,0.038250000000000006,0.00765,0.2295,2.2906250999999997,15.2458201,1.0
2024-11-07,2024-11-07 09:30:00,ENTRY,ce,SELL,60.55,59.55,25,10.0,1.48875,0.521509125,0.007443750000000001,0.0014887499999999998,0.0,1.8954794924999998,13.9146711175,1.0
2024-11-07,2024-11-07 09:30:00,ENTRY,pe,SELL,175.0,174.0,25,10.0,4.3500000000000005,1.523805,0.021750000000000002,0.00435,0.0,2.0789829,17.978887900000004,1.0
2024-11-07,2024-11-07 09:32:00,ADJUST_CLOSE,ce,BUY,58.35,59.35,25,10.0,0.0,0.519757625,0.007418750000000001,0.0014837499999999998,0.0445125,1.8951588225,12.468331447499999,1.0
2024-11-07,2024-11-07 09:32:00,ADJUST_OPEN,ce,SELL,154.44,153.44,25,10.0,3.8360000000000003,1.3437508,0.019180000000000003,0.003836,0.0,2.046018024,17.248784824,1.0
2024-11-07,2024-11-07 10:01:00,ADJUST_CLOSE,ce,BUY,94.1,95.1,25,10.0,0.0,0.83283825,0.0118875,0.0023775,0.071325,1.952478585,12.870906835,1.0
2024-11-07,2024-11-07 10:01:00,ADJUST_OPEN,ce,SELL,205.5,204.5,25,10.0,5.1125,1.79090875,0.025562500000000002,0.0051125,0.0,2.1278850749999996,19.061968824999997,1.0
2024-11-07,2024-11-07 15:15:00,TIME_EXIT,ce,BUY,150.15,151.15,25,10.0,0.0,1.3236961250000001,0.01889375,0.00377875,0.1133625,2.0423463525,13.502077477499999,1.0
2024-11-07,2024-11-07 15:15:00,TIME_EXIT,pe,BUY,246.05,247.05,25,10.0,0.0,2.163540375,0.030881250000000002,0.0061762499999999994,0.1852875,2.1961076175,14.581992992499998,1.0
2024-11-08,2024-11-08 09:30:00,ENTRY,ce,SELL,170.3,169.3,25,10.0,4.2325,1.48264475,0.0211625,0.0042325,0.0,2.0714471550000004,17.811986905,1.0
2024-11-08,2024-11-08 09:30:00,ENTRY,pe,SELL,235.05,234.05,25,10.0,5.85125,2.049692875,0.02925625,0.00585125,0.0,2.1752640674999997,20.111314442499996,1.0
2024-11-08,2024-11-08 11:56:00,ADJUST_CLOSE,ce,BUY,117.0,118.0,25,10.0,0.0,1.033385,0.014750000000000001,0.00295,0.0885,1.9891952999999998,13.128780299999999,1.0
2024-11-08,2024-11-08 11:56:00,ADJUST_OPEN,ce,SELL,258.6,257.6,25,10.0,6.440000000000001,2.2559320000000005,0.032200000000000006,0.00644,0.0,2.21302296,20.947594960000004,1.0
2024-11-08,2024-11-08 15:15:00,TIME_EXIT,ce,BUY,281.45,282.45,25,10.0,0.0,2.473555875,0.035306250000000004,0.00706125,0.2118375,2.2528662075,14.9806270825,1.0
2024-11-08,2024-11-08 15:15:00,TIME_EXIT,pe,BUY,212.85,213.85,25,10.0,0.0,1.872791375,0.02673125,0.0053462499999999994,0.16038750000000002,2.1428763975,14.2081327725,1.0
2024-11-11,2024-11-11 09:30:00,ENTRY,ce,SELL,108.7,107.7,25,10.0,2.6925,0.94318275,0.0134625,0.0026925,0.0,1.9726807949999998,15.624518544999999,1.0
2024-11-11,2024-11-11 09:30:00,ENTRY,pe,SELL,211.1,210.1,25,10.0,5.2525,1.83995075,0.0262625,0.005252499999999999,0.0,2.1368638349999998,19.260829585000003,1.0
2024-11-11,2024-11-11 11:14:00,ADJUST_CLOSE,pe,BUY,113.45,114.45,25,10.0,0.0,1.002295875,0.014306250000000001,0.00286125,0.0858375,1.9835034075,13.088804282500002,1.0
2024-11-11,2024-11-11 11:14:00,ADJUST_OPEN,pe,SELL,236.95,235.95,25,10.0,5.89875,2.066332125,0.029493750000000003,0.0058987499999999995,0.0,2.1783104325,20.1787850575,1.0
2024-11-11,2024-11-11 13:20:00,ADJUST_CLOSE,ce,BUY,145.55,146.55,25,10.0,0.0,1.2834116250000003,0.018318750000000005,0.0036637500000000003,0.10991250000000001,2.0349709424999998,13.450277567499999,1.0
2024-11-11,2024-11-11 13:20:00,ADJUST_OPEN,ce,SELL,321.5,320.5,25,10.0,8.0125,2.80677875,0.0400625,0.008012499999999999,0.0,2.3138736749999995,23.181227425,1.0
2024-11-11,2024-11-11 15:15:00,TIME_EXIT,ce,BUY,302.75,303.75,25,10.0,0.0,2.660090625,0.03796875,0.00759375,0.2278125,2.2870175625,15.220483187500001,1.0
2024-11-11,2024-11-11 15:15:00,TIME_EXIT,pe,BUY,323.0,324.0,25,10.0,0.0,2.83743,0.0405,0.0081,0.243,2.3194854,15.4485154,1.0
2024-11-12,2024-11-12 09:30:00,ENTRY,ce,SELL,101.95,100.95,25,10.0,2.52375,0.884069625,0.012618750000000001,0.00252375,0.0,1.9618581824999999,15.3848203075,1.0
2024-11-12,2024-11-12 09:30:00,ENTRY,pe,SELL,170.75,169.75,25,10.0,4.24375,1.486585625,0.02121875,0.00424375,0.0,2.0721686624999998,17.8279667875,1.0
2024-11-12,2024-11-12 09:38:00,ADJUST_CLOSE,ce,BUY,91.9,92.9,25,10.0,0.0,0.81357175,0.011612500000000001,0.0023225,0.069675,1.948951215,12.846132964999999,1.0
2024-11-12,2024-11-12 09:38:00,ADJUST_OPEN,ce,SELL,203.0,202.0,25,10.0,5.05,1.769015,0.02525,0.00505,0.0,2.1238767,18.9731917,1.0
2024-11-12,2024-11-12 12:49:00,ADJUST_CLOSE,ce,BUY,127.05,128.05,25,10.0,0.0,1.1213978750000002,0.016006250000000003,0.00320125,0.09603750000000001,2.0053089675,13.241951842499999,1.0000000000000142
2024-11-12,2024-11-12 12:49:00,ADJUST_OPEN,ce,SELL,259.7,258.7,25,10.0,6.4675,2.26556525,0.032337500000000005,0.006467499999999999,0.0,2.2147866449999998,20.986656895000003,1.0
2024-11-12,2024-11-12 15:08:00,ADJUST_CLOSE,ce,BUY,167.15,168.15,25,10.0,0.0,1.472573625,0.021018750000000003,0.00420375,0.12611250000000002,2.0696033025,13.693511927500001,1.0
2024-11-12,2024-11-12 15:08:00,ADJUST_OPEN,ce,SELL,323.3,322.3,25,10.0,8.057500000000001,2.82254225,0.040287500000000004,0.0080575,0.0,2.316759705,23.245146955000003,1.0
2024-11-12,2024-11-12 15:15:00,TIME_EXIT,ce,BUY,305.64,306.64,25,10.0,0.0,2.6853998,0.03833,0.007666,0.22998000000000002,2.2916512439999996,15.253027044,1.0
2024-11-12,2024-11-12 15:15:00,TIME_EXIT,pe,BUY,353.2,354.2,25,10.0,0.0,3.1019065,0.044275,0.008855,0.26565,2.36790657,15.788593070000003,1.0
2024-11-13,2024-11-13 09:30:00,ENTRY,ce,SELL,115.25,114.25,25,10.0,2.85625,1.000544375,0.01428125,0.00285625,0.0,1.9831827375000002,15.8571146125,1.0
2024-11-13,2024-11-13 09:30:00,ENTRY,pe,SELL,174.2,173.2,25,10.0,4.33,1.516799,0.021650000000000003,0.00433,0.0,2.0777002199999997,17.95047922,1.0
2024-11-13,2024-11-13 09:48:00,ADJUST_CLOSE,ce,BUY,84.0,85.0,25,10.0,0.0,0.7443875,0.010625,0.0021249999999999997,0.06375,1.9362847499999998,12.75717225,1.0
2024-11-13,2024-11-13 09:48:00,ADJUST_OPEN,ce,SELL,195.35,194.35,25,10.0,4.85875,1.702020125,0.024293750000000003,0.004858749999999999,0.0,2.1116110725,18.701533697500004,1.0
2024-11-13,2024-11-13 13:03:00,ADJUST_CLOSE,ce,BUY,117.6,118.6,25,10.0,0.0,1.0386395,0.014825000000000001,0.0029649999999999998,0.08895,1.9901573099999998,13.135536810000001,1.0
2024-11-13,2024-11-13 13:03:00,ADJUST_OPEN,ce,SELL,261.64,260.64,25,10.0,6.516,2.2825548,0.032580000000000005,0.006516,0.0,2.2178971439999997,21.055547943999997,1.0
2024-11-13,2024-11-13 15:15:00,TIME_EXIT,ce,BUY,188.25,189.25,25,10.0,0.0,1.657356875,0.023656250000000004,0.00473125,0.1419375,2.1034339875,13.9311158625,1.0
2024-11-13,2024-11-13 15:15:00,TIME_EXIT,pe,BUY,297.55,298.55,25,10.0,0.0,2.614551625,0.037318750000000005,0.00746375,0.22391250000000001,2.2786801425000003,15.161926767500002,1.0
2024-11-14,2024-11-14 09:30:00,ENTRY,ce,SELL,70.2,69.2,25,10.0,1.73,0.606019,0.008650000000000001,0.00173,0.0,1.9109518199999997,14.25735082,1.0
2024-11-14,2024-11-14 09:30:00,ENTRY,pe,SELL,164.55,163.55,25,10.0,4.08875,1.4322891250000003,0.020443750000000004,0.00408875,0.0,2.0622278924999997,17.607799517500002,1.0
2024-11-14,2024-11-14 09:32:00,ADJUST_CLOSE,ce,BUY,64.0,65.0,25,10.0,0.0,0.5692375,0.008125,0.001625,0.04875,1.90421775,12.53195525,1.0
2024-11-14,2024-11-14 09:32:00,ADJUST_OPEN,ce,SELL,157.69,156.69,25,10.0,3.91725,1.372212675,0.019586250000000003,0.00391725,0.0,2.0512289115,17.3641950865,1.0
2024-11-14,2024-11-14 11:06:00,ADJUST_CLOSE,ce,BUY,77.25,78.25,25,10.0,0.0,0.685274375,0.00978125,0.00195625,0.058687500000000004,1.9254621374999998,12.6811615125,1.0
2024-11-14,2024-11-14 11:06:00,ADJUST_OPEN,ce,SELL,166.85,165.85,25,10.0,4.14625,1.452431375,0.020731250000000003,0.00414625,0.0,2.0659155975,17.689474472500002,1.0
2024-11-14,2024-11-14 15:15:00,TIME_EXIT,ce,BUY,183.05,184.05,25,10.0,0.0,1.611817875,0.023006250000000002,0.0046012499999999994,0.1380375,2.0950965674999997,13.872559442499998,1.0
2024-11-14,2024-11-14 15:15:00,TIME_EXIT,pe,BUY,161.75,162.75,25,10.0,0.0,1.425283125,0.02034375,0.0040687499999999995,0.1220625,2.0609452125,13.6327033375,1.0
2024-11-18,2024-11-18 09:30:00,ENTRY,ce,SELL,155.75,154.75,25,10.0,3.86875,1.355223125,0.019343750000000003,0.00386875,0.0,2.0481184125,17.295304037500003,1.0
2024-11-18,2024-11-18 09:30:00,ENTRY,pe,SELL,206.75,205.75,25,10.0,5.14375,1.801855625,0.025718750000000002,0.00514375,0.0,2.1298892625,19.106357387499997,1.0
2024-11-18,2024-11-18 09:39:00,ADJUST_CLOSE,ce,BUY,116.1,117.1,25,10.0,0.0,1.02550325,0.014637500000000001,0.0029275,0.087825,1.9877522849999998,13.118645534999999,1.0
2024-11-18,2024-11-18 09:39:00,ADJUST_OPEN,ce,SELL,234.15,233.15,25,10.0,5.82875,2.041811125,0.029143750000000003,0.00582875,0.0,2.1738210524999997,20.079354677499996,1.0
2024-11-18,2024-11-18 12:28:00,ADJUST_CLOSE,pe,BUY,160.19,161.19,25,10.0,0.0,1.411621425,0.02014875,0.0040297499999999995,0.1208925,2.0584439865000004,13.615136411500002,1.0
2024-11-18,2024-11-18 12:28:00,ADJUST_OPEN,pe,SELL,326.5,325.5,25,10.0,8.1375,2.85056625,0.0406875,0.008137499999999999,0.0,2.321890425,23.358781675,1.0
2024-11-18,2024-11-18 15:15:00,TIME_EXIT,ce,BUY,250.5,251.5,25,10.0,0.0,2.20251125,0.0314375,0.0062875,0.18862500000000001,2.203242525,14.632103775,1.0
2024-11-18,2024-11-18 15:15:00,TIME_EXIT,pe,BUY,374.0,375.0,25,10.0,0.0,3.2840625,0.04687500000000001,0.009375,0.28125,2.4012562500000003,16.022818750000003,1.0
2024-11-19,2024-11-19 09:30:00,ENTRY,ce,SELL,119.3,118.3,25,10.0,2.9575,1.03601225,0.014787500000000002,0.0029575,0.0,1.9896763050000004,16.000933555000003,1.0
2024-11-19,2024-11-19 09:30:00,ENTRY,pe,SELL,160.6,159.6,25,10.0,3.99,1.397697,0.019950000000000002,0.00399,0.0,2.05589466,17.46753166,1.0
2024-11-19,2024-11-19 14:52:00,ADJUST_CLOSE,ce,BUY,81.84,82.84,25,10.0,0.0,0.7254713,0.010355000000000001,0.002071,0.062130000000000005,1.9328215140000002,12.732848814000002,1.0
2024-11-19,2024-11-19 14:52:00,ADJUST_OPEN,ce,SELL,172.95,171.95,25,10.0,4.29875,1.505852125,0.021493750000000002,0.00429875,0.0,2.0756960325,17.906090657500002,1.0
2024-11-19,2024-11-19 15:02:00,ADJUST_CLOSE,ce,BUY,117.2,118.2,25,10.0,0.0,1.0351365,0.014775000000000002,0.0029549999999999997,0.08865,1.98951597,13.13103247,1.0
2024-11-19,2024-11-19 15:02:00,ADJUST_OPEN,ce,SELL,255.7,254.7,25,10.0,6.3675,2.23053525,0.031837500000000005,0.0063675,0.0,2.2083732449999998,20.844613495,1.0
2024-11-19,2024-11-19 15:15:00,TIME_EXIT,ce,BUY,207.25,208.25,25,10.0,0.0,1.823749375,0.026031250000000002,0.00520625,0.1561875,2.1338976375,14.145072012500002,1.0
2024-11-19,2024-11-19 15:15:00,TIME_EXIT,pe,BUY,288.2,289.2,25,10.0,0.0,2.532669,0.03615,0.0072299999999999994,0.2169,2.2636888199999996,15.056637819999999,1.0
2024-11-21,2024-11-21 09:30:00,ENTRY,ce,SELL,96.2,95.2,25,10.0,2.38,0.833714,0.0119,0.0023799999999999997,0.0,1.9526389200000003,15.18063292,1.0
2024-11-21,2024-11-21 09:30:00,ENTRY,pe,SELL,169.35,168.35,25,10.0,4.20875,1.474325125,0.021043750000000003,0.00420875,0.0,2.0699239725,17.778251597500002,1.0
2024-11-21,2024-11-21 09:32:00,ADJUST_CLOSE,ce,BUY,75.0,76.0,25,10.0,0.0,0.66557,0.009500000000000001,0.0019,0.057,1.9218545999999996,12.655824599999999,1.0
2024-11-21,2024-11-21 09:32:00,ADJUST_OPEN,ce,SELL,180.65,179.65,25,10.0,4.49125,1.573284875,0.02245625,0.00449125,0.0,2.0880418274999997,18.1795242025,1.0
2024-11-21,2024-11-21 15:15:00,TIME_EXIT,ce,BUY,198.4,199.4,25,10.0,0.0,1.7462455000000001,0.024925000000000003,0.004985,0.14955000000000002,2.1197079899999998,14.04541349,1.0
2024-11-21,2024-11-21 15:15:00,TIME_EXIT,pe,BUY,168.7,169.7,25,10.0,0.0,1.48614775,0.021212500000000002,0.0042425,0.127275,2.072088495,13.710966245000002,1.0
2024-11-22,2024-11-22 09:30:00,ENTRY,ce,SELL,203.1,202.1,25,10.0,5.0525,1.76989075,0.025262500000000004,0.0050525,0.0,2.1240370349999997,18.976742785000003,1.0
2024-11-22,2024-11-22 09:30:00,ENTRY,pe,SELL,205.95,204.95,25,10.0,5.12375,1.7948496250000001,0.025618750000000003,0.00512375,0.0,2.1286065825,19.0779487075,1.0
2024-11-22,2024-11-22 12:42:00,ADJUST_CLOSE,pe,BUY,169.3,170.3,25,10.0,0.0,1.49140225,0.0212875,0.0042575,0.127725,2.073050505,13.717722754999999,1.0
2024-11-22,2024-11-22 12:42:00,ADJUST_OPEN,pe,SELL,332.95,331.95,25,10.0,8.29875,2.907052125,0.04149375,0.008298749999999999,0.0,2.3322320325,23.5878266575,1.0
2024-11-22,2024-11-22 13:02:00,STOP_EXIT,ce,BUY,358.6,359.6,25,10.0,0.0,3.149197,0.044950000000000004,0.00899,0.2697,2.37656466,15.849401660000002,1.0
2024-11-22,2024-11-22 13:02:00,STOP_EXIT,pe,BUY,316.25,317.25,25,10.0,0.0,2.7783168750000002,0.039656250000000004,0.007931249999999999,0.2379375,2.3086627875,15.372504662499999,1.0
2024-11-25,2024-11-25 09:30:00,ENTRY,ce,SELL,181.85,180.85,25,10.0,4.52125,1.583793875,0.02260625,0.00452125,0.0,2.0899658475,18.2221372225,1.0
2024-11-25,2024-11-25 09:30:00,ENTRY,pe,SELL,210.75,209.75,25,10.0,5.24375,1.836885625,0.026218750000000002,0.00524375,0.0,2.1363026625,19.248400787500003,1.0
2024-11-25,2024-11-25 12:54:00,ADJUST_CLOSE,ce,BUY,113.45,114.45,25,10.0,0.0,1.002295875,0.014306250000000001,0.00286125,0.0858375,1.9835034075,13.088804282500002,1.0
2024-11-25,2024-11-25 12:54:00,ADJUST_OPEN,ce,SELL,257.05,256.05,25,10.0,6.40125,2.242357875,0.03200625,0.00640125,0.0,2.2105377675,20.8925531425,1.0
2024-11-25,2024-11-25 15:15:00,TIME_EXIT,ce,BUY,278.85,279.85,25,10.0,0.0,2.4507863750000003,0.034981250000000005,0.006996250000000001,0.20988750000000003,2.2486974975,14.9513488725,1.0
2024-11-25,2024-11-25 15:15:00,TIME_EXIT,pe,BUY,215.3,216.3,25,10.0,0.0,1.89424725,0.027037500000000003,0.0054075,0.162225,2.146804605,14.235721855,1.0
2024-11-26,2024-11-26 09:30:00,ENTRY,ce,SELL,132.0,131.0,25,10.0,3.275,1.1472325,0.016375,0.0032749999999999997,0.0,2.01003885,16.45192135,1.0
2024-11-26,2024-11-26 09:30:00,ENTRY,pe,SELL,194.55,193.55,25,10.0,4.83875,1.695014125,0.024193750000000003,0.00483875,0.0,2.1103283925,18.673125017500002,1.0
2024-11-26,2024-11-26 09:48:00,ADJUST_CLOSE,ce,BUY,109.95,110.95,25,10.0,0.0,0.971644625,0.013868750000000001,0.0027737499999999997,0.08321250000000001,1.9778916825,13.049391307499999,1.0
2024-11-26,2024-11-26 09:48:00,ADJUST_OPEN,ce,SELL,227.05,226.05,25,10.0,5.65125,1.979632875,0.028256250000000004,0.00565125,0.0,2.1624372675,19.8272276425,1.0
2024-11-26,2024-11-26 15:15:00,TIME_EXIT,ce,BUY,189.3,190.3,25,10.0,0.0,1.66655225,0.023787500000000003,0.0047575,0.142725,2.105117505,13.942939755000001,1.0
2024-11-26,2024-11-26 15:15:00,TIME_EXIT,pe,BUY,210.25,211.25,25,10.0,0.0,1.850021875,0.026406250000000003,0.0052812499999999995,0.1584375,2.1387076874999997,14.1788545625,1.0
2024-11-27,2024-11-27 09:30:00,ENTRY,ce,SELL,114.1,113.1,25,10.0,2.8275,0.99047325,0.0141375,0.0028274999999999997,0.0,1.9813388850000002,15.816277135000002,1.0
2024-11-27,2024-11-27 09:30:00,ENTRY,pe,SELL,159.0,158.0,25,10.0,3.95,1.383685,0.01975,0.0039499999999999995,0.0,2.0533292999999997,17.4107143,1.0
2024-11-27,2024-11-27 12:40:00,ADJUST_CLOSE,pe,BUY,100.25,101.25,25,10.0,0.0,0.886696875,0.01265625,0.00253125,0.0759375,1.9623391874999998,12.9401610625,1.0
2024-11-27,2024-11-27 12:40:00,ADJUST_OPEN,pe,SELL,193.85,192.85,25,10.0,4.82125,1.688883875,0.024106250000000003,0.00482125,0.0,2.1092060475000003,18.648267422499995,1.0
2024-11-27,2024-11-27 15:15:00,TIME_EXIT,ce,BUY,176.8,177.8,25,10.0,0.0,1.5570835,0.022225,0.004445,0.13335,2.0850756300000004,13.802179130000003,1.0
2024-11-27,2024-11-27 15:15:00,TIME_EXIT,pe,BUY,198.9,199.9,25,10.0,0.0,1.75062425,0.024987500000000003,0.0049975,0.149925,2.1205096649999997,14.051043915,1.0
2024-11-28,2024-11-28 09:30:00,ENTRY,ce,SELL,61.1,60.1,25,10.0,1.5025,0.52632575,0.007512500000000001,0.0015025,0.0,1.8963613350000001,13.934202085,1.0
2024-11-28,2024-11-28 09:30:00,ENTRY,pe,SELL,155.55,154.55,25,10.0,3.8637500000000005,1.353471625,0.019318750000000003,0.0038637500000000004,0.0,2.0477977425000002,17.2882018675,1.0
2024-11-28,2024-11-28 09:32:00,ADJUST_CLOSE,ce,BUY,56.6,57.6,25,10.0,0.0,0.504432,0.007200000000000001,0.0014399999999999999,0.0432,1.8923529599999998,12.44862496,1.0
2024-11-28,2024-11-28 09:32:00,ADJUST_OPEN,ce,SELL,149.0,148.0,25,10.0,3.7,1.29611,0.018500000000000003,0.0036999999999999997,0.0,2.0372958,17.0556058,1.0
2024-11-28,2024-11-28 10:37:00,ADJUST_CLOSE,ce,BUY,102.6,103.6,25,10.0,0.0,0.907277,0.012950000000000001,0.00259,0.0777,1.96610706,12.966624060000001,1.0
2024-11-28,2024-11-28 10:37:00,ADJUST_OPEN,ce,SELL,202.4,201.4,25,10.0,5.035,1.7637605,0.025175000000000003,0.0050349999999999995,0.0,2.12291469,18.95188519,1.0
2024-11-28,2024-11-28 10:49:00,ADJUST_CLOSE,ce,BUY,138.69,139.69,25,10.0,0.0,1.223335175,0.01746125,0.0034922499999999997,0.1047675,2.0239719615,13.3730281365,1.0
2024-11-28,2024-11-28 10:49:00,ADJUST_OPEN,ce,SELL,288.95,287.95,25,10.0,7.19875,2.521722125,0.035993750000000005,0.007198749999999999,0.0,2.2616846324999997,22.0253492575,1.0
2024-11-28,2024-11-28 13:17:00,ADJUST_CLOSE,ce,BUY,173.3,174.3,25,10.0,0.0,1.52643225,0.0217875,0.004357499999999999,0.130725,2.079463905,13.762766154999998,1.0
2024-11-28,2024-11-28 13:17:00,ADJUST_OPEN,ce,SELL,367.0,366.0,25,10.0,9.15,3.205245,0.045750000000000006,0.00915,0.0,2.3868261,24.796971100000004,1.0
2024-11-28,2024-11-28 15:15:00,TIME_EXIT,ce,BUY,303.89,304.89,25,10.0,0.0,2.670074175,0.038111250000000006,0.00762225,0.2286675,2.2888453815,15.2333205565,1.0
2024-11-28,2024-11-28 15:15:00,TIME_EXIT,pe,BUY,364.8,365.8,25,10.0,0.0,3.2034935,0.045725,0.009145,0.27435,2.3865054299999997,15.91921893,1.0
2024-11-29,2024-11-29 09:30:00,ENTRY,ce,SELL,202.25,201.25,25,10.0,5.03125,1.762446875,0.02515625,0.00503125,0.0,2.1226741875,18.946558562499995,1.0
2024-11-29,2024-11-29 09:30:00,ENTRY,pe,SELL,237.75,236.75,25,10.0,5.91875,2.073338125,0.029593750000000002,0.0059187499999999995,0.0,2.1795931124999997,20.2071937375,1.0
2024-11-29,2024-11-29 15:15:00,TIME_EXIT,ce,BUY,236.6,237.6,25,10.0,0.0,2.080782,0.0297,0.00594,0.1782,2.18095596,14.47557796,1.0
2024-11-29,2024-11-29 15:15:00,TIME_EXIT,pe,BUY,164.45,165.45,25,10.0,0.0,1.448928375,0.02068125,0.00413625,0.1240875,2.0652742575,13.663107632500001,1.0
2024-12-02,2024-12-02 09:30:00,ENTRY,ce,SELL,132.1,131.1,25,10.0,3.2775,1.14810825,0.016387500000000003,0.0032775,0.0,2.010199185,16.455472435,1.0
2024-12-02,2024-12-02 09:30:00,ENTRY,pe,SELL,229.35,228.35,25,10.0,5.70875,1.999775125,0.028543750000000003,0.005708749999999999,0.0,2.1661249725,19.908902597500003,1.0
2024-12-02,2024-12-02 14:05:00,ADJUST_CLOSE,pe,BUY,146.4,147.4,25,10.0,0.0,1.2908555,0.018425,0.003685,0.11055000000000001,2.03633379,13.459849290000001,1.0
2024-12-02,2024-12-02 14:05:00,ADJUST_OPEN,pe,SELL,286.39,285.39,25,10.0,7.13475,2.499302925,0.035673750000000004,0.00713475,0.0,2.2575800565,21.9344414815,1.0
2024-12-02,2024-12-02 15:15:00,TIME_EXIT,ce,BUY,290.35,291.35,25,10.0,0.0,2.5514976250000005,0.03641875000000001,0.00728375,0.21851250000000003,2.2671360224999995,15.080848647499996,1.0
2024-12-02,2024-12-02 15:15:00,TIME_EXIT,pe,BUY,279.0,280.0,25,10.0,0.0,2.4521,0.035,0.006999999999999999,0.21,2.248938,14.953038,1.0
2024-12-03,2024-12-03 09:30:00,ENTRY,ce,SELL,164.55,163.55,25,10.0,4.08875,1.4322891250000003,0.020443750000000004,0.00408875,0.0,2.0622278924999997,17.607799517500002,1.0
2024-12-03,2024-12-03 09:30:00,ENTRY,pe,SELL,222.1,221.1,25,10.0,5.5275,1.93628325,0.027637500000000002,0.005527499999999999,0.0,2.154500685,19.651448934999998,1.0
2024-12-03,2024-12-03 15:15:00,TIME_EXIT,ce,BUY,222.5,223.5,25,10.0,0.0,1.95730125,0.027937500000000004,0.0055875,0.167625,2.158348725,14.316799975,1.0
2024-12-03,2024-12-03 15:15:00,TIME_EXIT,pe,BUY,155.15,156.15,25,10.0,0.0,1.367483625,0.01951875,0.0039037499999999997,0.11711250000000001,2.0503631024999995,13.558381727499999,1.0
2024-12-04,2024-12-04 09:30:00,ENTRY,ce,SELL,101.4,100.4,25,10.0,2.5100000000000002,0.8792530000000001,0.01255,0.00251,0.0,1.9609763399999998,15.365289339999999,1.0
2024-12-04,2024-12-04 09:30:00,ENTRY,pe,SELL,236.7,235.7,25,10.0,5.8925,2.06414275,0.029462500000000003,0.005892499999999999,0.0,2.1779095949999996,20.169907345000002,1.0
2024-12-04,2024-12-04 09:32:00,ADJUST_CLOSE,ce,BUY,105.0,106.0,25,10.0,0.0,0.928295,0.013250000000000001,0.00265,0.0795,1.9699550999999997,12.993650099999998,1.0
2024-12-04,2024-12-04 09:32:00,ADJUST_OPEN,ce,SELL,227.8,226.8,25,10.0,5.67,1.986201,0.028350000000000004,0.00567,0.0,2.16363978,19.853860779999998,1.0
2024-12-04,2024-12-04 11:58:00,ADJUST_CLOSE,ce,BUY,133.05,134.05,25,10.0,0.0,1.1739428750000003,0.016756250000000004,0.0033512500000000005,0.10053750000000002,2.0149290675,13.3095169425,1.0
2024-12-04,2024-12-04 11:58:00,ADJUST_OPEN,ce,SELL,336.65,335.65,25,10.0,8.39125,2.939454875,0.04195625,0.00839125,0.0,2.3381644274999998,23.719216802499997,1.0
2024-12-04,2024-12-04 13:33:00,ADJUST_CLOSE,pe,BUY,222.75,223.75,25,10.0,0.0,1.959490625,0.02796875,0.00559375,0.1678125,2.1587495624999997,14.319615187499998,1.0
2024-12-04,2024-12-04 13:33:00,ADJUST_OPEN,pe,SELL,503.9,502.9,25,10.0,12.5725,4.40414675,0.0628625,0.012572499999999999,0.0,2.6063247149999995,29.658406465,1.0
2024-12-04,2024-12-04 15:15:00,TIME_EXIT,ce,BUY,418.45,419.45,25,10.0,0.0,3.673333375,0.052431250000000006,0.010486249999999999,0.3145875,2.4725251575,16.5233635325,1.0
2024-12-04,2024-12-04 15:15:00,TIME_EXIT,pe,BUY,551.29,552.29,25,10.0,0.0,4.836679675,0.06903625000000001,0.01380725,0.4142175,2.6855141714999995,18.019254846499997,1.0
2024-12-05,2024-12-05 09:30:00,ENTRY,ce,SELL,116.05,115.05,25,10.0,2.87625,1.007550375,0.014381250000000002,0.00287625,0.0,1.9844654175,15.8855232925,1.0
2024-12-05,2024-12-05 09:30:00,ENTRY,pe,SELL,220.0,219.0,25,10.0,5.4750000000000005,1.9178925,0.027375000000000003,0.005475,0.0,2.1511336500000002,19.576876150000004,1.0
2024-12-05,2024-12-05 09:39:00,ADJUST_CLOSE,ce,BUY,108.9,109.9,25,10.0,0.0,0.96244925,0.013737500000000001,0.0027475,0.082425,1.9762081649999999,13.037567415,1.0
2024-12-05,2024-12-05 09:39:00,ADJUST_OPEN,ce,SELL,227.8,226.8,25,10.0,5.67,1.986201,0.028350000000000004,0.00567,0.0,2.16363978,19.853860779999998,1.0
2024-12-05,2024-12-05 10:59:00,ADJUST_CLOSE,ce,BUY,146.0,147.0,25,10.0,0.0,1.2873525000000001,0.018375000000000002,0.003675,0.11025,2.03569245,13.45534495,1.0
2024-12-05,2024-12-05 10:59:00,ADJUST_OPEN,ce,SELL,332.1,331.1,25,10.0,8.2775,2.89960825,0.0413875,0.0082775,0.0,2.330869185,23.557642434999998,1.0
2024-12-05,2024-12-05 12:07:00,ADJUST_CLOSE,pe,BUY,245.4,246.4,25,10.0,0.0,2.157848,0.0308,0.00616,0.1848,2.1950654399999996,14.574673439999998,1.0
2024-12-05,2024-12-05 12:07:00,ADJUST_OPEN,pe,SELL,473.3,472.3,25,10.0,11.807500000000001,4.13616725,0.05903750000000001,0.0118075,0.0,2.557262205,28.571774455,1.0
2024-12-05,2024-12-05 12:08:00,STOP_EXIT,ce,BUY,512.04,513.04,25,10.0,0.0,4.4929478000000005,0.06413,0.012825999999999999,0.38478,2.622582684,17.577266484,1.0
2024-12-05,2024-12-05 12:08:00,STOP_EXIT,pe,BUY,470.9,471.9,25,10.0,0.0,4.13266425,0.058987500000000005,0.011797499999999999,0.353925,2.556620865,17.113995115,1.0
2024-12-06,2024-12-06 09:30:00,ENTRY,ce,SELL,244.05,243.05,25,10.0,6.07625,2.128510375,0.030381250000000002,0.00607625,0.0,2.1896942174999996,20.4309120925,1.0
2024-12-06,2024-12-06 09:30:00,ENTRY,pe,SELL,276.7,275.7,25,10.0,6.8925,2.41444275,0.0344625,0.006892499999999999,0.0,2.2420435949999997,21.590341344999995,1.0
2024-12-06,2024-12-06 15:15:00,TIME_EXIT,ce,BUY,184.4,185.4,25,10.0,0.0,1.6236405,0.023175,0.004634999999999999,0.13905,2.09726109,13.88776159,1.0
2024-12-06,2024-12-06 15:15:00,TIME_EXIT,pe,BUY,235.0,236.0,25,10.0,0.0,2.06677,0.029500000000000002,0.0059,0.177,2.1783906,14.4575606,1.0
2024-12-09,2024-12-09 09:30:00,ENTRY,ce,SELL,173.8,172.8,25,10.0,4.32,1.513296,0.0216,0.00432,0.0,2.07705888,17.93627488,1.0
2024-12-09,2024-12-09 09:30:00,ENTRY,pe,SELL,233.25,232.25,25,10.0,5.80625,2.033929375,0.02903125,0.00580625,0.0,2.1723780374999997,20.0473949125,1.0
2024-12-09,2024-12-09 10:09:00,ADJUST_CLOSE,ce,BUY,132.1,133.1,25,10.0,0.0,1.16562325,0.016637500000000003,0.0033274999999999997,0.099825,2.0134058849999996,13.298819134999997,1.0
2024-12-09,2024-12-09 10:09:00,ADJUST_OPEN,ce,SELL,270.0,269.0,25,10.0,6.7250000000000005,2.3557675000000002,0.033625,0.006725,0.0,2.23130115,21.35241865,1.0
2024-12-09,2024-12-09 15:15:00,TIME_EXIT,ce,BUY,267.14,268.14,25,10.0,0.0,2.34823605,0.033517500000000006,0.006703499999999999,0.201105,2.2299222690000002,14.819484319,1.0
2024-12-09,2024-12-09 15:15:00,TIME_EXIT,pe,BUY,244.0,245.0,25,10.0,0.0,2.1455875,0.030625000000000003,0.006124999999999999,0.18375,2.19282075,14.558908250000002,1.0
2024-12-10,2024-12-10 09:30:00,ENTRY,ce,SELL,108.1,107.1,25,10.0,2.6775,0.93792825,0.013387500000000002,0.0026774999999999998,0.0,1.9717187850000002,15.603212035000002,1.0
2024-12-10,2024-12-10 09:30:00,ENTRY,pe,SELL,237.1,236.1,25,10.0,5.9025,2.06764575,0.029512500000000004,0.0059025,0.0,2.1785509349999996,20.184111685,1.0
2024-12-10,2024-12-10 10:40:00,ADJUST_CLOSE,ce,BUY,105.7,106.7,25,10.0,0.0,0.93442525,0.0133375,0.0026674999999999997,0.080025,1.971077445,13.001532695,1.0
2024-12-10,2024-12-10 10:40:00,ADJUST_OPEN,ce,SELL,220.5,219.5,25,10.0,5.4875,1.92227125,0.027437500000000004,0.005487499999999999,0.0,2.1519353249999997,19.594631575000005,1.0
2024-12-10,2024-12-10 15:15:00,TIME_EXIT,ce,BUY,201.2,202.2,25,10.0,0.0,1.7707665,0.025275000000000002,0.005055,0.15165,2.12419737,14.076943870000001,1.0
2024-12-10,2024-12-10 15:15:00,TIME_EXIT,pe,BUY,229.1,230.1,25,10.0,0.0,2.01510075,0.028762500000000003,0.0057525,0.172575,2.168930835,14.391121584999999,1.0
2024-12-11,2024-12-11 09:30:00,ENTRY,ce,SELL,80.09,79.09,25,10.0,1.97725,0.692630675,0.009886250000000001,0.00197725,0.0,1.9268089514999998,14.608553126499999,1.0
2024-12-11,2024-12-11 09:30:00,ENTRY,pe,SELL,202.0,201.0,25,10.0,5.025,1.7602575,0.025125,0.005025,0.0,2.1222733499999995,18.93768085,1.0
2024-12-11,2024-12-11 09:32:00,ADJUST_CLOSE,ce,BUY,81.15,82.15,25,10.0,0.0,0.719428625,0.01026875,0.00205375,0.0616125,1.9317152025,12.7250788275,1.0
2024-12-11,2024-12-11 09:32:00,ADJUST_OPEN,ce,SELL,200.3,199.3,25,10.0,4.9825,1.74536975,0.0249125,0.0049825,0.0,2.119547655,18.877312404999998,1.0
2024-12-11,2024-12-11 15:15:00,TIME_EXIT,ce,BUY,206.55,207.55,25,10.0,0.0,1.817619125,0.02594375,0.00518875,0.1556625,2.1327752925,14.1371894175,1.0
2024-12-11,2024-12-11 15:15:00,TIME_EXIT,pe,BUY,160.85,161.85,25,10.0,0.0,1.417401375,0.020231250000000003,0.0040462499999999995,0.12138750000000001,2.0595021975,13.622568572500002,1.0
2024-12-12,2024-12-12 09:30:00,ENTRY,ce,SELL,37.79,36.79,25,10.0,0.9197500000000001,0.322188425,0.00459875,0.00091975,0.0,1.8589872465,13.1064441715,1.0
2024-12-12,2024-12-12 09:30:00,ENTRY,pe,SELL,138.05,137.05,25,10.0,3.4262500000000005,1.2002153750000002,0.017131250000000004,0.0034262500000000005,0.0,2.0197391175000003,16.6667619925,1.0
2024-12-12,2024-12-12 09:32:00,ADJUST_CLOSE,ce,BUY,49.05,50.05,25,10.0,0.0,0.438312875,0.0062562500000000005,0.00125125,0.0375375,1.8802476674999997,12.363605542499998,1.0
2024-12-12,2024-12-12 09:32:00,ADJUST_OPEN,ce,SELL,128.85,127.85,25,10.0,3.19625,1.119646375,0.015981250000000002,0.00319625,0.0,2.0049882974999997,16.340062172499998,1.0
2024-12-12,2024-12-12 10:13:00,ADJUST_CLOSE,ce,BUY,82.0,83.0,25,10.0,0.0,0.7268725,0.010375,0.002075,0.06225,1.93307805,12.734650550000001,1.0
2024-12-12,2024-12-12 10:13:00,ADJUST_OPEN,ce,SELL,170.15,169.15,25,10.0,4.22875,1.481331125,0.021143750000000003,0.00422875,0.0,2.0712066525,17.8066602775,1.0
2024-12-12,2024-12-12 13:26:00,ADJUST_CLOSE,ce,BUY,98.85,99.85,25,10.0,0.0,0.874436375,0.012481250000000001,0.0024962499999999998,0.0748875,1.9600944975,12.924395872500002,1.0
2024-12-12,2024-12-12 13:26:00,ADJUST_OPEN,ce,SELL,195.75,194.75,25,10.0,4.86875,1.705523125,0.02434375,0.00486875,0.0,2.1122524124999997,18.7157380375,1.0
2024-12-12,2024-12-12 15:15:00,TIME_EXIT,ce,BUY,200.9,201.9,25,10.0,0.0,1.76813925,0.025237500000000003,0.0050475,0.151425,2.123716365,14.073565615,1.0
2024-12-12,2024-12-12 15:15:00,TIME_EXIT,pe,BUY,189.75,190.75,25,10.0,0.0,1.670493125,0.02384375,0.0047687499999999996,0.1430625,2.1058390124999997,13.9480071375,1.0
2024-12-27,2024-12-27 09:30:00,ENTRY,ce,SELL,189.6,188.6,75,10.0,14.145,4.9549935000000005,0.07072500000000001,0.014145,0.0,2.70717543,31.89203893,1.0
2024-12-27,2024-12-27 09:30:00,ENTRY,pe,SELL,211.7,210.7,75,10.0,15.8025,5.53561575,0.07901250000000001,0.0158025,0.0,2.8134775349999996,34.246408285,1.0
2024-12-27,2024-12-27 15:15:00,TIME_EXIT,ce,BUY,145.44,146.44,75,10.0,0.0,3.8473449,0.054915000000000005,0.010983,0.32949,2.5043837219999996,16.747116621999997,1.0
2024-12-27,2024-12-27 15:15:00,TIME_EXIT,pe,BUY,198.45,199.45,75,10.0,0.0,5.240050125,0.07479375,0.01495875,0.4487625,2.7593644724999997,18.5379295975,1.0
2024-12-30,2024-12-30 09:30:00,ENTRY,ce,SELL,132.5,131.5,75,10.0,9.8625,3.45483375,0.0493125,0.0098625,0.0,2.432521575,25.809030325,1.0
2024-12-30,2024-12-30 09:30:00,ENTRY,pe,SELL,187.0,186.0,75,10.0,13.950000000000001,4.886685,0.06975,0.013949999999999999,0.0,2.6946693,31.615054300000004,1.0
2024-12-30,2024-12-30 11:51:00,ADJUST_CLOSE,pe,BUY,125.05,126.05,75,10.0,0.0,3.311648625,0.047268750000000005,0.00945375,0.2836125,2.4063068025,16.0582904275,1.0
2024-12-30,2024-12-30 11:51:00,ADJUST_OPEN,pe,SELL,247.8,246.8,75,10.0,18.51,6.484053,0.09255000000000001,0.01851,0.0,2.9871203399999997,38.09223334,1.0
2024-12-30,2024-12-30 12:32:00,ADJUST_CLOSE,ce,BUY,157.35,158.35,75,10.0,0.0,4.160250375,0.059381250000000003,0.01187625,0.35628750000000003,2.5616714175,17.1494667925,1.0
2024-12-30,2024-12-30 12:32:00,ADJUST_OPEN,ce,SELL,328.0,327.0,75,10.0,24.525000000000002,8.5911075,0.12262500000000001,0.024524999999999998,0.0,3.37288635,46.63614385,1.0
2024-12-30,2024-12-30 14:46:00,STOP_EXIT,ce,BUY,268.89,269.89,75,10.0,0.0,7.090685025,0.10120875000000001,0.02024175,0.6072525,3.0981843945,20.9175724195,1.0
2024-12-30,2024-12-30 14:46:00,STOP_EXIT,pe,BUY,446.2,447.2,75,10.0,0.0,11.749062,0.16770000000000002,0.03354,1.0062,3.95105436,26.90755636,1.0
2024-12-31,2024-12-31 09:30:00,ENTRY,ce,SELL,129.5,128.5,75,10.0,9.637500000000001,3.37601625,0.0481875,0.0096375,0.0,2.4180914249999996,25.489432675000003,1.0
2024-12-31,2024-12-31 09:30:00,ENTRY,pe,SELL,199.35,198.35,75,10.0,14.87625,5.211150375,0.07438125000000001,0.014876249999999999,0.0,2.7540734175,32.9307312925,1.0
2024-12-31,2024-12-31 10:10:00,ADJUST_CLOSE,ce,BUY,106.8,107.8,75,10.0,0.0,2.8321755,0.040425,0.008085,0.24255000000000002,2.3185233899999997,15.44175889,1.0
2024-12-31,2024-12-31 10:10:00,ADJUST_OPEN,ce,SELL,251.3,250.3,75,10.0,18.7725,6.57600675,0.0938625,0.018772499999999998,0.0,3.0039555150000004,38.465097265,1.0
2024-12-31,2024-12-31 10:55:00,ADJUST_CLOSE,pe,BUY,180.15,181.15,75,10.0,0.0,4.759263375,0.06793125000000001,0.01358625,0.4075875,2.6713405574999998,17.9197089325,1.0
2024-12-31,2024-12-31 10:55:00,ADJUST_OPEN,pe,SELL,358.25,357.25,75,10.0,26.79375,9.385850625,0.13396875,0.026793749999999998,0.0,3.5183903625,49.85875348750001,1.0
2024-12-31,2024-12-31 14:04:00,STOP_EXIT,ce,BUY,449.1,450.1,75,10.0,0.0,11.82525225,0.1687875,0.033757499999999996,1.012725,3.965003505,27.005525754999997,1.0
2024-12-31,2024-12-31 14:04:00,STOP_EXIT,pe,BUY,303.0,304.0,75,10.0,0.0,7.98684,0.114,0.022799999999999997,0.684,3.2622552000000002,22.069895200000005,1.0
2025-01-01,2025-01-01 09:30:00,ENTRY,ce,SELL,145.65,144.65,75,10.0,10.84875,3.800317125,0.05424375000000001,0.010848749999999999,0.0,2.4957737324999996,27.209933357500002,1.0
2025-01-01,2025-01-01 09:30:00,ENTRY,pe,SELL,184.65,183.65,75,10.0,13.77375,4.824944625,0.06886875,0.01377375,0.0,2.6833656825,31.3647028075,1.0
2025-01-01,2025-01-01 14:00:00,ADJUST_CLOSE,pe,BUY,132.1,133.1,75,10.0,0.0,3.49686975,0.049912500000000005,0.0099825,0.299475,2.4402176549999997,16.296457404999998,1.0
2025-01-01,2025-01-01 14:00:00,ADJUST_OPEN,pe,SELL,277.05,276.05,75,10.0,20.70375,7.252523625,0.10351875,0.02070375,0.0,3.1278143025,41.2083104275,1.0
2025-01-01,2025-01-01 15:15:00,TIME_EXIT,ce,BUY,243.0,244.0,75,10.0,0.0,6.41049,0.09150000000000001,0.0183,0.549,2.9736521999999996,20.0429422,1.0
2025-01-01,2025-01-01 15:15:00,TIME_EXIT,pe,BUY,300.5,301.5,75,10.0,0.0,7.92115875,0.11306250000000001,0.0226125,0.6783750000000001,3.250230075,21.985438825000003,1.0
2025-01-02,2025-01-02 09:30:00,ENTRY,ce,SELL,94.4,93.4,75,10.0,7.005,2.4538515,0.035025,0.007005,0.0,2.2492586699999997,21.750140169999998,1.0
2025-01-02,2025-01-02 09:30:00,ENTRY,pe,SELL,234.5,233.5,75,10.0,17.5125,6.13462875,0.0875625,0.0175125,0.0,2.923146675,36.675350425,1.0
2025-01-02,2025-01-02 09:32:00,ADJUST_CLOSE,ce,BUY,97.1,98.1,75,10.0,0.0,2.57733225,0.0367875,0.0073574999999999995,0.220725,2.271865905,15.114068155,1.0
2025-01-02,2025-01-02 09:32:00,ADJUST_OPEN,ce,SELL,225.8,224.8,75,10.0,16.86,5.906058,0.08430000000000001,0.01686,0.0,2.88129924,35.74851724,1.0
2025-01-02,2025-01-02 10:50:00,ADJUST_CLOSE,pe,BUY,165.8,166.8,75,10.0,0.0,4.382253,0.06255000000000001,0.01251,0.3753,2.6023163400000002,17.43492934,1.0
2025-01-02,2025-01-02 10:50:00,ADJUST_OPEN,pe,SELL,339.85,338.85,75,10.0,25.41375,8.902436625,0.12706875,0.02541375,0.0,3.4298854424999994,47.8985545675,1.0
2025-01-02,2025-01-02 12:32:00,STOP_EXIT,ce,BUY,481.35,482.35,75,10.0,0.0,12.672540375,0.18088125000000002,0.03617625,1.0852875,4.1201276175,28.0950129925,1.0
2025-01-02,2025-01-02 12:32:00,STOP_EXIT,pe,BUY,262.45,263.45,75,10.0,0.0,6.921490125,0.09879375000000001,0.01975875,0.5927625,3.0672076724999995,20.700012797499998,1.0
2025-01-03,2025-01-03 09:30:00,ENTRY,ce,SELL,196.2,195.2,75,10.0,14.64,5.128392,0.0732,0.014639999999999999,0.0,2.7389217599999998,32.595153759999995,1.0
2025-01-03,2025-01-03 09:30:00,ENTRY,pe,SELL,231.05,230.05,75,10.0,17.25375,6.043988625,0.08626875,0.017253749999999998,0.0,2.9065520024999993,36.307813127500005,1.0
2025-01-03,2025-01-03 10:34:00,ADJUST_CLOSE,ce,BUY,127.15,128.15,75,10.0,0.0,3.366820875,0.04805625,0.00961125,0.2883375,2.4164079075,16.129233782500002,1.0
2025-01-03,2025-01-03 10:34:00,ADJUST_OPEN,ce,SELL,259.64,258.64,75,10.0,19.398,6.7951194,0.09699,0.019398,0.0,3.044071332,39.353578732,1.0
2025-01-03,2025-01-03 15:15:00,TIME_EXIT,ce,BUY,246.45,247.45,75,10.0,0.0,6.501130125,0.09279375000000001,0.01855875,0.5567625,2.9902468724999998,20.159491997499998,1.0
2025-01-03,2025-01-03 15:15:00,TIME_EXIT,pe,BUY,267.05,268.05,75,10.0,0.0,7.042343625,0.10051875,0.02010375,0.6031125,3.0893339025,20.8554125275,1.0
2025-01-06,2025-01-06 09:30:00,ENTRY,ce,SELL,132.55,131.55,75,10.0,9.86625,3.456147375,0.04933125000000001,0.00986625,0.0,2.4327620775,25.814356952500006,1.0
2025-01-06,2025-01-06 09:30:00,ENTRY,pe,SELL,239.85,238.85,75,10.0,17.91375,6.275186625,0.08956875,0.01791375,0.0,2.9488804425000006,37.24529956749999,1.0
2025-01-06,2025-01-06 09:35:00,ADJUST_CLOSE,ce,BUY,116.5,117.5,75,10.0,0.0,3.08701875,0.044062500000000004,0.0088125,0.264375,2.365180875,15.769449625,1.0
2025-01-06,2025-01-06 09:35:00,ADJUST_OPEN,ce,SELL,247.2,246.2,75,10.0,18.465,6.4682895,0.092325,0.018465,0.0,2.9842343099999997,38.02831381,1.0
2025-01-06,2025-01-06 10:52:00,ADJUST_CLOSE,ce,BUY,172.25,173.25,75,10.0,0.0,4.551710625,0.06496875,0.01299375,0.3898125,2.6333411625,17.6528267875,1.0
2025-01-06,2025-01-06 10:52:00,ADJUST_OPEN,ce,SELL,370.95,369.95,75,10.0,27.74625,9.719511375,0.13873125,0.02774625,0.0,3.5794779974999997,51.2117168725,1.0
2025-01-06,2025-01-06 13:54:00,ADJUST_CLOSE,ce,BUY,257.2,258.2,75,10.0,0.0,6.7835595,0.09682500000000001,0.019365,0.58095,3.04195491,20.52265441,1.0
2025-01-06,2025-01-06 13:54:00,ADJUST_OPEN,ce,SELL,509.1,508.1,75,10.0,38.1075,13.34905725,0.19053750000000003,0.038107499999999996,0.0,4.243986405,65.929188655,1.0
2025-01-06,2025-01-06 13:59:00,STOP_EXIT,ce,BUY,525.79,526.79,75,10.0,0.0,13.840090275,0.19754625,0.039509249999999996,1.1852775,4.333886239499999,29.5963095145,1.0
2025-01-06,2025-01-06 13:59:00,STOP_EXIT,pe,BUY,503.95,504.95,75,10.0,0.0,13.266298875,0.18935625,0.037871249999999995,1.1361375,4.2288347475,28.858498622499997,1.0
2025-01-07,2025-01-07 09:30:00,ENTRY,ce,SELL,143.25,142.25,75,10.0,10.668750000000001,3.737263125,0.05334375,0.01066875,0.0,2.4842296125,26.9542552375,1.0
2025-01-07,2025-01-07 09:30:00,ENTRY,pe,SELL,246.05,245.05,75,10.0,18.37875,6.438076125,0.09189375000000001,0.01837875,0.0,2.9787027525000003,37.90580137749999,1.0
2025-01-07,2025-01-07 09:46:00,ADJUST_CLOSE,ce,BUY,124.15,125.15,75,10.0,0.0,3.288003375,0.04693125,0.009386249999999999,0.2815875,2.4019777575,16.0278861325,1.0
2025-01-07,2025-01-07 09:46:00,ADJUST_OPEN,ce,SELL,275.64,274.64,75,10.0,20.598,7.2154794,0.10299000000000001,0.020597999999999998,0.0,3.1210321319999994,41.05809953199999,1.0
2025-01-07,2025-01-07 15:15:00,TIME_EXIT,ce,BUY,216.8,217.8,75,10.0,0.0,5.7221505,0.08167500000000001,0.016335,0.49005,2.8476288899999997,19.15783939,1.0
2025-01-07,2025-01-07 15:15:00,TIME_EXIT,pe,BUY,257.64,258.64,75,10.0,0.0,6.7951194,0.09699,0.019398,0.58194,3.044071332,20.537518732000002,1.0
2025-01-08,2025-01-08 09:30:00,ENTRY,ce,SELL,86.25,85.25,75,10.0,6.39375,2.239730625,0.031968750000000004,0.00639375,0.0,2.2100567625000003,20.8818998875,1.0
2025-01-08,2025-01-08 09:30:00,ENTRY,pe,SELL,211.15,210.15,75,10.0,15.76125,5.521165875,0.07880625000000001,0.01576125,0.0,2.8108320075,34.187815382500006,1.0
2025-01-08,2025-01-08 09:32:00,ADJUST_CLOSE,ce,BUY,87.0,88.0,75,10.0,0.0,2.31198,0.033,0.0066,0.198,2.2232844,14.7728644,1.0
2025-01-08,2025-01-08 09:32:00,ADJUST_OPEN,ce,SELL,217.4,216.4,75,10.0,16.23,5.685369,0.08115,0.016229999999999998,0.0,2.84089482,34.85364382,1.0
2025-01-08,2025-01-08 12:15:00,ADJUST_CLOSE,ce,BUY,125.6,126.6,75,10.0,0.0,3.3260985,0.047475,0.009495,0.28485,2.40895233,16.07687083,1.0
2025-01-08,2025-01-08 12:15:00,ADJUST_OPEN,ce,SELL,242.15,241.15,75,10.0,18.08625,6.335613375,0.09043125,0.018086249999999998,0.0,2.9599435575000004,37.4903244325,1.0
2025-01-08,2025-01-08 13:52:00,ADJUST_CLOSE,pe,BUY,178.0,179.0,75,10.0,0.0,4.7027775,0.067125,0.013425,0.40275,2.6609989499999998,17.84707645,1.0
2025-01-08,2025-01-08 13:52:00,ADJUST_OPEN,pe,SELL,377.6,376.6,75,10.0,28.245,9.8942235,0.14122500000000002,0.028245,0.0,3.6114648299999996,51.92015833000001,1.0
2025-01-08,2025-01-08 15:15:00,TIME_EXIT,ce,BUY,407.05,408.05,75,10.0,0.0,10.720493625,0.15301875,0.03060375,0.9181125,3.7627409025,25.5849695275,1.0
2025-01-08,2025-01-08 15:15:00,TIME_EXIT,pe,BUY,347.3,348.3,75,10.0,0.0,9.15071175,0.13061250000000002,0.0261225,0.783675,3.475340415,23.566462164999997,1.0
2025-01-09,2025-01-09 09:30:00,ENTRY,ce,SELL,44.0,43.0,75,10.0,3.225,1.1297175,0.016125,0.003225,0.0,2.00683215,16.38089965,1.0
2025-01-09,2025-01-09 09:30:00,ENTRY,pe,SELL,163.35,162.35,75,10.0,12.17625,4.265340375,0.060881250000000005,0.01217625,0.0,2.5809116175,29.0955594925,1.0
2025-01-09,2025-01-09 09:32:00,ADJUST_CLOSE,ce,BUY,47.85,48.85,75,10.0,0.0,1.283411625,0.01831875,0.00366375,0.1099125,2.0349709424999998,13.450277567499999,1.0
2025-01-09,2025-01-09 09:32:00,ADJUST_OPEN,ce,SELL,169.05,168.05,75,10.0,12.60375,4.415093625,0.06301875,0.012603749999999999,0.0,2.6083289025,29.7027950275,1.0
2025-01-09,2025-01-09 12:48:00,ADJUST_CLOSE,ce,BUY,92.95,93.95,75,10.0,0.0,2.4683013750000002,0.035231250000000006,0.0070462499999999996,0.2113875,2.2519041975,14.973870572500001,1.0
2025-01-09,2025-01-09 12:48:00,ADJUST_OPEN,ce,SELL,186.75,185.75,75,10.0,13.93125,4.880116875,0.06965625,0.01393125,0.0,2.6934667875,31.588421162499998,1.0
2025-01-09,2025-01-09 15:15:00,TIME_EXIT,ce,BUY,170.25,171.25,75,10.0,0.0,4.499165625,0.06421875,0.01284375,0.3853125,2.6237210625,17.5852616875,1.0
2025-01-09,2025-01-09 15:15:00,TIME_EXIT,pe,BUY,181.45,182.45,75,10.0,0.0,4.793417625,0.06841875,0.01368375,0.4105125,2.6775936225,17.9636262475,1.0
2025-01-10,2025-01-10 09:30:00,ENTRY,ce,SELL,233.7,232.7,75,10.0,17.4525,6.11361075,0.0872625,0.0174525,0.0,2.919298635,36.590124384999996,1.0
2025-01-10,2025-01-10 09:30:00,ENTRY,pe,SELL,210.0,209.0,75,10.0,15.675,5.4909525,0.078375,0.015674999999999998,0.0,2.8053004499999994,34.06530295,1.0
2025-01-10,2025-01-10 15:15:00,TIME_EXIT,ce,BUY,155.4,156.4,75,10.0,0.0,4.109019,0.05865000000000001,0.011729999999999999,0.3519,2.5522918199999998,17.08359082,1.0
2025-01-10,2025-01-10 15:15:00,TIME_EXIT,pe,BUY,241.25,242.25,75,10.0,0.0,6.364513125,0.09084375,0.01816875,0.5450625,2.9652346125000006,19.983822737500006,1.0
2025-01-13,2025-01-13 09:30:00,ENTRY,ce,SELL,173.9,172.9,75,10.0,12.967500000000001,4.54251525,0.0648375,0.0129675,0.0,2.631657645,30.219477895,1.0
2025-01-13,2025-01-13 09:30:00,ENTRY,pe,SELL,242.65,241.65,75,10.0,18.12375,6.348749625,0.09061875000000001,0.018123749999999998,0.0,2.9623485825,37.543590707499995,1.0
2025-01-13,2025-01-13 12:18:00,ADJUST_CLOSE,ce,BUY,126.15,127.15,75,10.0,0.0,3.340548375,0.04768125,0.00953625,0.2860875,2.4115978575,16.0954512325,1.0
2025-01-13,2025-01-13 12:18:00,ADJUST_OPEN,ce,SELL,246.2,245.2,75,10.0,18.39,6.442017,0.09195,0.01839,0.0,2.97942426,37.921781259999996,1.0
2025-01-13,2025-01-13 14:39:00,ADJUST_CLOSE,ce,BUY,162.5,163.5,75,10.0,0.0,4.29555375,0.061312500000000006,0.012262499999999999,0.367875,2.586443175,17.323446925,1.0
2025-01-13,2025-01-13 14:39:00,ADJUST_OPEN,ce,SELL,335.0,334.0,75,10.0,25.05,8.775015,0.12525,0.02505,0.0,3.4065567,47.3818717,1.0
2025-01-13,2025-01-13 15:15:00,TIME_EXIT,ce,BUY,365.65,366.65,75,10.0,0.0,9.632812125000001,0.13749375,0.02749875,0.8249625,3.5636048325000003,24.186371957500004,1.0
2025-01-13,2025-01-13 15:15:00,TIME_EXIT,pe,BUY,297.85,298.85,75,10.0,0.0,7.8515366250000005,0.11206875000000001,0.02241375,0.6724125,3.2374834424999994,21.8959150675,1.0
2025-01-14,2025-01-14 09:30:00,ENTRY,ce,SELL,156.5,155.5,75,10.0,11.6625,4.0853737500000005,0.0583125,0.0116625,0.0,2.547962775,28.365811525,1.0
2025-01-14,2025-01-14 09:30:00,ENTRY,pe,SELL,190.75,189.75,75,10.0,14.231250000000001,4.985206875,0.07115625,0.014231249999999999,0.0,2.7127069875,32.01455136250001,1.0
2025-01-14,2025-01-14 15:15:00,TIME_EXIT,ce,BUY,143.19,144.19,75,10.0,0.0,3.788231775,0.05407125,0.01081425,0.32442750000000004,2.4935611095,16.6711058845,1.0
2025-01-14,2025-01-14 15:15:00,TIME_EXIT,pe,BUY,161.1,162.1,75,10.0,0.0,4.25877225,0.06078750000000001,0.0121575,0.364725,2.579709105,17.276151355,1.0
2025-01-15,2025-01-15 09:30:00,ENTRY,ce,SELL,87.8,86.8,75,10.0,6.51,2.280453,0.03255,0.006509999999999999,0.0,2.21751234,21.047025339999998,1.0
2025-01-15,2025-01-15 09:30:00,ENTRY,pe,SELL,182.75,181.75,75,10.0,13.63125,4.775026875,0.06815625,0.01363125,0.0,2.6742265874999998,31.162290962500002,1.0
2025-01-15,2025-01-15 09:32:00,ADJUST_CLOSE,ce,BUY,84.55,85.55,75,10.0,0.0,2.247612375,0.032081250000000006,0.00641625,0.1924875,2.2114997774999994,14.690097152499998,1.0
2025-01-15,2025-01-15 09:32:00,ADJUST_OPEN,ce,SELL,188.25,187.25,75,10.0,14.043750000000001,4.919525625,0.07021875000000001,0.014043749999999999,0.0,2.7006818625,31.7482199875,1.0
2025-01-15,2025-01-15 15:15:00,TIME_EXIT,ce,BUY,180.0,181.0,75,10.0,0.0,4.7553225,0.067875,0.013574999999999999,0.40725,2.67061905,17.91464155,1.0
2025-01-15,2025-01-15 15:15:00,TIME_EXIT,pe,BUY,167.75,168.75,75,10.0,0.0,4.433484375,0.06328125000000001,0.012656249999999999,0.3796875,2.6116959374999995,17.500805312499995,1.0
2025-01-16,2025-01-16 09:30:00,ENTRY,ce,SELL,29.15,28.15,75,10.0,2.11125,0.739570875,0.010556250000000001,0.00211125,0.0,1.9354029075,14.798891282500001,1.0
2025-01-16,2025-01-16 09:30:00,ENTRY,pe,SELL,163.1,162.1,75,10.0,12.1575,4.25877225,0.06078750000000001,0.0121575,0.0,2.579709105,29.068926355,1.0
2025-01-16,2025-01-16 09:32:00,ADJUST_CLOSE,ce,BUY,27.75,28.75,75,10.0,0.0,0.755334375,0.010781250000000001,0.0021562499999999997,0.0646875,1.9382889375000003,12.771248312500003,1.0
2025-01-16,2025-01-16 09:32:00,ADJUST_OPEN,ce,SELL,140.25,139.25,75,10.0,10.44375,3.658445625,0.05221875,0.01044375,0.0,2.4697994625,26.6346575875,1.0
2025-01-16,2025-01-16 10:05:00,ADJUST_CLOSE,ce,BUY,93.55,94.55,75,10.0,0.0,2.484064875,0.03545625,0.0070912499999999995,0.2127375,2.2547902274999996,14.994140102499998,1.0
2025-01-16,2025-01-16 10:05:00,ADJUST_OPEN,ce,SELL,190.05,189.05,75,10.0,14.17875,4.966816125,0.07089375,0.014178749999999999,0.0,2.7093399524999997,31.9399785775,1.0
2025-01-16,2025-01-16 15:15:00,TIME_EXIT,ce,BUY,202.0,203.0,75,10.0,0.0,5.3333175,0.07612500000000001,0.015224999999999999,0.45675,2.7764401499999996,18.657857649999997,1.0
2025-01-16,2025-01-16 15:15:00,TIME_EXIT,pe,BUY,196.7,197.7,75,10.0,0.0,5.19407325,0.07413750000000001,0.014827499999999999,0.444825,2.750946885,18.478810135,1.0
2025-01-17,2025-01-17 09:30:00,ENTRY,ce,SELL,174.4,173.4,75,10.0,13.005,4.5556515,0.065025,0.013005,0.0,2.63406267,30.27274417,1.0
2025-01-17,2025-01-17 09:30:00,ENTRY,pe,SELL,234.65,233.65,75,10.0,17.52375,6.138569625,0.08761875000000001,0.017523749999999998,0.0,2.9238681824999997,36.6913303075,1.0
2025-01-17,2025-01-17 10:50:00,ADJUST_CLOSE,ce,BUY,137.15,138.15,75,10.0,0.0,3.6295458750000003,0.051806250000000005,0.010361249999999999,0.3108375,2.4645084075,16.4670592825,1.0
2025-01-17,2025-01-17 10:50:00,ADJUST_OPEN,ce,SELL,278.1,277.1,75,10.0,20.7825,7.28010975,0.1039125,0.0207825,0.0,3.132864855,41.320169605000004,1.0
2025-01-17,2025-01-17 15:15:00,TIME_EXIT,ce,BUY,305.14,306.14,75,10.0,0.0,8.04306315,0.11480250000000002,0.0229605,0.6888150000000001,3.2725487070000003,22.142189857000005,1.0
2025-01-17,2025-01-17 15:15:00,TIME_EXIT,pe,BUY,239.5,240.5,75,10.0,0.0,6.31853625,0.0901875,0.018037499999999998,0.541125,2.9568170249999994,19.924703275,1.0
2025-01-20,2025-01-20 09:30:00,ENTRY,ce,SELL,186.05,185.05,75,10.0,13.87875,4.861726125,0.06939375,0.013878749999999999,0.0,2.6900997525,31.5138483775,1.0
2025-01-20,2025-01-20 09:30:00,ENTRY,pe,SELL,231.25,230.25,75,10.0,17.26875,6.049243125,0.08634375000000001,0.01726875,0.0,2.9075140125,36.3291196375,1.0
2025-01-20,2025-01-20 15:15:00,TIME_EXIT,ce,BUY,254.95,255.95,75,10.0,0.0,6.724446375,0.09598125,0.019196249999999998,0.5758875,3.0311322975,20.446643672500002,1.0
2025-01-20,2025-01-20 15:15:00,TIME_EXIT,pe,BUY,150.25,151.25,75,10.0,0.0,3.973715625,0.056718750000000005,0.01134375,0.3403125,2.5275200625,16.9096106875,1.0
2025-01-21,2025-01-21 09:30:00,ENTRY,ce,SELL,167.75,166.75,75,10.0,12.50625,4.380939375,0.06253125000000001,0.01250625,0.0,2.6020758374999997,29.5643027125,1.0
2025-01-21,2025-01-21 09:30:00,ENTRY,pe,SELL,191.15,190.15,75,10.0,14.26125,4.995715875,0.07130625,0.01426125,0.0,2.7146310075,32.0571643825,1.0
2025-01-21,2025-01-21 10:01:00,ADJUST_CLOSE,ce,BUY,123.05,124.05,75,10.0,0.0,3.259103625,0.046518750000000005,0.00930375,0.2791125,2.3966867025000003,15.990725327500002,1.0
2025-01-21,2025-01-21 10:01:00,ADJUST_OPEN,ce,SELL,269.1,268.1,75,10.0,20.1075,7.04365725,0.1005375,0.0201075,0.0,3.0895744050000005,40.36137665500001,1.0
2025-01-21,2025-01-21 14:35:00,ADJUST_CLOSE,ce,BUY,161.6,162.6,75,10.0,0.0,4.2719085,0.06097500000000001,0.012195,0.36585,2.5821141300000003,17.293042630000002,1.0
2025-01-21,2025-01-21 14:35:00,ADJUST_OPEN,ce,SELL,331.6,330.6,75,10.0,24.795,8.6856885,0.12397500000000002,0.024794999999999998,0.0,3.39020253,47.019661029999995,1.0
2025-01-21,2025-01-21 15:15:00,TIME_EXIT,ce,BUY,283.7,284.7,75,10.0,0.0,7.47978075,0.10676250000000001,0.0213525,0.640575,3.1694212349999993,21.417891984999994,1.0
2025-01-21,2025-01-21 15:15:00,TIME_EXIT,pe,BUY,367.9,368.9,75,10.0,0.0,9.69192525,0.1383375,0.027667499999999998,0.830025,3.5744274449999995,24.262382695,1.0
2025-01-22,2025-01-22 09:30:00,ENTRY,ce,SELL,116.75,115.75,75,10.0,8.68125,3.041041875,0.04340625,0.00868125,0.0,2.3567632874999997,24.131142662499997,1.0
2025-01-22,2025-01-22 09:30:00,ENTRY,pe,SELL,213.4,212.4,75,10.0,15.93,5.580279,0.07965000000000001,0.01593,0.0,2.8216546200000003,34.42751362,1.0
2025-01-22,2025-01-22 09:44:00,ADJUST_CLOSE,ce,BUY,101.1,102.1,75,10.0,0.0,2.68242225,0.0382875,0.007657499999999999,0.229725,2.291106105,15.249198355,1.0
2025-01-22,2025-01-22 09:44:00,ADJUST_OPEN,ce,SELL,234.25,233.25,75,10.0,17.493750000000002,6.128060625,0.08746875000000001,0.01749375,0.0,2.9219441624999996,36.6487172875,1.0
2025-01-22,2025-01-22 15:15:00,TIME_EXIT,ce,BUY,283.35,284.35,75,10.0,0.0,7.470585375,0.10663125000000001,0.021326249999999998,0.6397875000000001,3.1677377174999997,21.4060680925,1.0
2025-01-22,2025-01-22 15:15:00,TIME_EXIT,pe,BUY,145.25,146.25,75,10.0,0.0,3.8423531250000003,0.054843750000000004,0.01096875,0.32906250000000004,2.5034698125,16.740697937500002,1.0
2025-01-23,2025-01-23 09:30:00,ENTRY,ce,SELL,54.35,53.35,75,10.0,4.00125,1.401637875,0.020006250000000003,0.00400125,0.0,2.0566161675,17.4835115425,1.0
2025-01-23,2025-01-23 09:30:00,ENTRY,pe,SELL,168.65,167.65,75,10.0,12.57375,4.404584625,0.06286875,0.01257375,0.0,2.6064048824999997,29.660182007500005,1.0
2025-01-23,2025-01-23 09:32:00,ADJUST_CLOSE,ce,BUY,57.0,58.0,75,10.0,0.0,1.523805,0.021750000000000002,0.00435,0.1305,2.0789829,13.7593879,1.0
2025-01-23,2025-01-23 09:32:00,ADJUST_OPEN,ce,SELL,184.4,183.4,75,10.0,13.755,4.8183765,0.068775,0.013755,0.0,2.68216317,31.33806967,1.0
2025-01-23,2025-01-23 09:50:00,ADJUST_CLOSE,pe,BUY,132.1,133.1,75,10.0,0.0,3.49686975,0.049912500000000005,0.0099825,0.299475,2.4402176549999997,16.296457404999998,1.0
2025-01-23,2025-01-23 09:50:00,ADJUST_OPEN,pe,SELL,273.0,272.0,75,10.0,20.400000000000002,7.14612,0.10200000000000001,0.020399999999999998,0.0,3.1083335999999995,40.7768536,1.0
2025-01-23,2025-01-23 15:15:00,TIME_EXIT,ce,BUY,254.4,255.4,75,10.0,0.0,6.7099965,0.09577500000000001,0.019155,0.57465,3.0284867699999998,20.42806327,1.0
2025-01-23,2025-01-23 15:15:00,TIME_EXIT,pe,BUY,257.25,258.25,75,10.0,0.0,6.784873125,0.09684375,0.01936875,0.5810625,3.042195412500001,20.524343537500005,1.0
2025-01-24,2025-01-24 09:30:00,ENTRY,ce,SELL,197.85,196.85,75,10.0,14.76375,5.171741625,0.07381875,0.014763749999999999,0.0,2.7468583424999995,32.7709324675,1.0
2025-01-24,2025-01-24 09:30:00,ENTRY,pe,SELL,317.14,316.14,75,10.0,23.7105,8.30578815,0.1185525,0.0237105,0.0,3.3206492069999993,45.479200356999996,1.0
2025-01-24,2025-01-24 09:50:00,ADJUST_CLOSE,ce,BUY,165.1,166.1,75,10.0,0.0,4.36386225,0.0622875,0.0124575,0.37372500000000003,2.598949305,17.411281555000002,1.0
2025-01-24,2025-01-24 09:50:00,ADJUST_OPEN,ce,SELL,342.95,341.95,75,10.0,25.646250000000002,8.983881375,0.12823125000000002,0.02564625,0.0,3.4447965975,48.22880547250001,1.0
2025-01-24,2025-01-24 15:15:00,TIME_EXIT,ce,BUY,256.0,257.0,75,10.0,0.0,6.7520325,0.096375,0.019275,0.57825,3.0361828499999994,20.482115349999997,1.0
2025-01-24,2025-01-24 15:15:00,TIME_EXIT,pe,BUY,379.9,380.9,75,10.0,0.0,10.00719525,0.1428375,0.0285675,0.857025,3.632148045,24.667773295000003,1.0
2025-01-27,2025-01-27 09:30:00,ENTRY,ce,SELL,156.5,155.5,75,10.0,11.6625,4.0853737500000005,0.0583125,0.0116625,0.0,2.547962775,28.365811525,1.0
2025-01-27,2025-01-27 09:30:00,ENTRY,pe,SELL,327.0,326.0,75,10.0,24.45,8.564835,0.12225000000000001,0.02445,0.0,3.3680763000000007,46.529611300000006,1.0
2025-01-27,2025-01-27 09:32:00,ADJUST_CLOSE,ce,BUY,157.0,158.0,75,10.0,0.0,4.151055,0.059250000000000004,0.01185,0.3555,2.5599879,17.1376429,1.0
2025-01-27,2025-01-27 09:32:00,ADJUST_OPEN,ce,SELL,342.65,341.65,75,10.0,25.62375,8.975999625,0.12811875,0.025623749999999997,0.0,3.4433535825,48.1968457075,1.0
2025-01-27,2025-01-27 15:15:00,TIME_EXIT,ce,BUY,246.4,247.4,75,10.0,0.0,6.4998165,0.09277500000000001,0.018555,0.55665,2.99000637,20.15780287,1.0
2025-01-27,2025-01-27 15:15:00,TIME_EXIT,pe,BUY,385.7,386.7,75,10.0,0.0,10.15957575,0.14501250000000002,0.029002499999999997,0.870075,3.6600463350000005,24.863712085000003,1.0
2025-01-28,2025-01-28 09:30:00,ENTRY,ce,SELL,167.55,166.55,75,10.0,12.49125,4.375684875,0.062456250000000005,0.012491249999999999,0.0,2.6011138275000003,29.542996202500003,1.0
2025-01-28,2025-01-28 09:30:00,ENTRY,pe,SELL,298.2,297.2,75,10.0,22.29,7.808187,0.11145000000000001,0.022289999999999997,0.0,3.2295468600000006,43.46147385999999,1.0
2025-01-28,2025-01-28 09:40:00,ADJUST_CLOSE,ce,BUY,156.65,157.65,75,10.0,0.0,4.141859625,0.059118750000000005,0.01182375,0.3547125,2.5583043825,17.1258190075,1.0
2025-01-28,2025-01-28 09:40:00,ADJUST_OPEN,ce,SELL,312.75,311.75,75,10.0,23.38125,8.190451875,0.11690625,0.02338125,0.0,3.2995330875,45.011522462500004,1.0
2025-01-28,2025-01-28 14:26:00,ADJUST_CLOSE,pe,BUY,224.0,225.0,75,10.0,0.0,5.9113125,0.084375,0.016874999999999998,0.50625,2.88226125,19.401073750000002,1.0
2025-01-28,2025-01-28 14:26:00,ADJUST_OPEN,pe,SELL,464.25,463.25,75,10.0,34.74375,12.170735625,0.17371875,0.03474375,0.0,4.0282556624999994,61.151203787499995,1.0
2025-01-28,2025-01-28 15:15:00,TIME_EXIT,ce,BUY,372.35,373.35,75,10.0,0.0,9.808837875,0.14000625,0.02800125,0.8400375,3.5958321675,24.4127150425,1.0
2025-01-28,2025-01-28 15:15:00,TIME_EXIT,pe,BUY,536.54,537.54,75,10.0,0.0,14.122519650000001,0.20157750000000002,0.0403155,1.209465,4.385594276999999,29.959471927,1.0
2025-01-29,2025-01-29 09:30:00,ENTRY,ce,SELL,129.0,128.0,75,10.0,9.6,3.36288,0.048,0.0096,0.0,2.4156864000000002,25.436166399999998,1.0
2025-01-29,2025-01-29 09:30:00,ENTRY,pe,SELL,331.8,330.8,75,10.0,24.810000000000002,8.690943,0.12405000000000001,0.02481,0.0,3.3911645399999997,47.040967540000004,1.0
2025-01-29,2025-01-29 09:32:00,ADJUST_CLOSE,ce,BUY,139.6,140.6,75,10.0,0.0,3.6939135,0.052725,0.010544999999999999,0.31635,2.4762930300000003,16.54982653,1.0
2025-01-29,2025-01-29 09:32:00,ADJUST_OPEN,ce,SELL,338.05,337.05,75,10.0,25.278750000000002,8.855146125000001,0.12639375,0.02527875,0.0,3.4212273524999994,47.7067959775,1.0
2025-01-29,2025-01-29 15:15:00,TIME_EXIT,ce,BUY,418.05,419.05,75,10.0,0.0,11.009491125,0.15714375000000003,0.03142875,0.9428625,3.8156514524999996,25.9565775775,1.0
2025-01-29,2025-01-29 15:15:00,TIME_EXIT,pe,BUY,278.0,279.0,75,10.0,0.0,7.3300275,0.10462500000000001,0.020925,0.62775,3.1420039499999994,21.225331449999995,1.0
2025-01-30,2025-01-30 09:30:00,ENTRY,ce,SELL,102.8,101.8,75,10.0,7.635,2.6745405,0.038175,0.007634999999999999,0.0,2.28966309,22.645013589999998,1.0
2025-01-30,2025-01-30 09:30:00,ENTRY,pe,SELL,344.4,343.4,75,10.0,25.755,9.021976500000001,0.128775,0.025755,0.0,3.45177117,48.38327766999999,1.0
2025-01-30,2025-01-30 09:32:00,ADJUST_CLOSE,ce,BUY,112.95,113.95,75,10.0,0.0,2.993751375,0.042731250000000005,0.00854625,0.2563875,2.3481051975,15.6495215725,1.0
2025-01-30,2025-01-30 09:32:00,ADJUST_OPEN,ce,SELL,317.6,316.6,75,10.0,23.745,8.3178735,0.11872500000000001,0.023745,0.0,3.32286183,45.52820533,1.0
2025-01-30,2025-01-30 15:15:00,TIME_EXIT,ce,BUY,341.05,342.05,75,10.0,0.0,8.986508625,0.12826875000000001,0.02565375,0.7696125,3.4452776024999996,23.3553212275,1.0
2025-01-30,2025-01-30 15:15:00,TIME_EXIT,pe,BUY,249.25,250.25,75,10.0,0.0,6.5746931250000005,0.09384375,0.01876875,0.5630625,3.0037150125,20.2540831375,1.0
2025-01-31,2025-01-31 09:30:00,ENTRY,ce,SELL,367.2,366.2,75,10.0,27.465,9.6209895,0.137325,0.027465,0.0,3.56144031,50.81221981,1.0
2025-01-31,2025-01-31 09:30:00,ENTRY,pe,SELL,325.45,324.45,75,10.0,24.333750000000002,8.524112625,0.12166875,0.024333749999999998,0.0,3.3606207225,46.3644858475,1.0
2025-01-31,2025-01-31 13:01:00,ADJUST_CLOSE,pe,BUY,212.15,213.15,75,10.0,0.0,5.599983375,0.07993125000000001,0.01598625,0.4795875,2.8252621574999996,19.0007505325,1.0
2025-01-31,2025-01-31 13:01:00,ADJUST_OPEN,pe,SELL,430.0,429.0,75,10.0,32.175,11.2709025,0.16087500000000002,0.032174999999999995,0.0,3.8635114499999994,57.50246394999999,1.0
2025-01-31,2025-01-31 15:15:00,TIME_EXIT,ce,BUY,409.1,410.1,75,10.0,0.0,10.77435225,0.15378750000000002,0.0307575,0.922725,3.772601505,25.654223755,1.0
2025-01-31,2025-01-31 15:15:00,TIME_EXIT,pe,BUY,432.9,433.9,75,10.0,0.0,11.39963775,0.1627125,0.0325425,0.976275,3.8870806950000003,26.458248445000006,1.0
2025-02-01,2025-02-01 09:30:00,ENTRY,ce,SELL,234.95,233.95,75,10.0,17.54625,6.146451375,0.08773125000000001,0.01754625,0.0,2.9253111974999997,36.7232900725,1.0
2025-02-01,2025-02-01 09:30:00,ENTRY,pe,SELL,299.8,298.8,75,10.0,22.41,7.850223,0.11205000000000001,0.02241,0.0,3.23724294,43.63192594,1.0
2025-02-01,2025-02-01 11:55:00,ADJUST_CLOSE,ce,BUY,167.35,168.35,75,10.0,0.0,4.422975375,0.06313125,0.012626249999999999,0.3787875,2.6097719175,17.4872922925,1.0
2025-02-01,2025-02-01 11:55:00,ADJUST_OPEN,ce,SELL,336.15,335.15,75,10.0,25.13625,8.805228375,0.12568125000000002,0.02513625,0.0,3.4120882574999993,47.50438413250001,1.0
2025-02-01,2025-02-01 15:15:00,TIME_EXIT,ce,BUY,310.2,311.2,75,10.0,0.0,8.176002,0.11670000000000001,0.02334,0.7002,3.2968875600000005,22.313129560000004,1.0
2025-02-01,2025-02-01 15:15:00,TIME_EXIT,pe,BUY,252.0,253.0,75,10.0,0.0,6.6469425,0.094875,0.018975,0.56925,3.01694265,20.346985150000002,1.0
2025-02-03,2025-02-03 09:30:00,ENTRY,ce,SELL,161.85,160.85,75,10.0,12.06375,4.225931625,0.060318750000000004,0.01206375,0.0,2.5736965425,28.9357606675,1.0
2025-02-03,2025-02-03 09:30:00,ENTRY,pe,SELL,205.2,204.2,75,10.0,15.315,5.3648445,0.076575,0.015314999999999999,0.0,2.78221221,33.55394671,1.0
2025-02-03,2025-02-03 09:48:00,ADJUST_CLOSE,ce,BUY,115.1,116.1,75,10.0,0.0,3.05023725,0.04353750000000001,0.0087075,0.261225,2.358446805,15.722154054999999,1.0
2025-02-03,2025-02-03 09:48:00,ADJUST_OPEN,ce,SELL,238.5,237.5,75,10.0,17.8125,6.23971875,0.0890625,0.0178125,0.0,2.9423868750000004,37.10148062499999,1.0
2025-02-03,2025-02-03 15:15:00,TIME_EXIT,ce,BUY,329.0,330.0,75,10.0,0.0,8.669925,0.12375000000000001,0.024749999999999998,0.7425,3.3873165000000003,22.9482415,1.0
2025-02-03,2025-02-03 15:15:00,TIME_EXIT,pe,BUY,172.35,173.35,75,10.0,0.0,4.554337875,0.06500625,0.013001249999999999,0.39003750000000004,2.6338221675,17.656205042499998,1.0
2025-02-04,2025-02-04 09:30:00,ENTRY,ce,SELL,121.15,120.15,75,10.0,9.01125,3.156640875,0.045056250000000006,0.00901125,0.0,2.3779275075,24.5998858825,1.0
2025-02-04,2025-02-04 09:30:00,ENTRY,pe,SELL,199.0,198.0,75,10.0,14.85,5.201955,0.07425000000000001,0.014849999999999999,0.0,2.7523898999999994,32.8934449,1.0
2025-02-04,2025-02-04 10:40:00,ADJUST_CLOSE,ce,BUY,129.75,130.75,75,10.0,0.0,3.435129375,0.049031250000000005,0.009806249999999999,0.2941875,2.4289140375,16.217068412499998,1.0
2025-02-04,2025-02-04 10:40:00,ADJUST_OPEN,ce,SELL,276.3,275.3,75,10.0,20.6475,7.23281925,0.10323750000000001,0.0206475,0.0,3.1242067649999994,41.128411015,1.0
2025-02-04,2025-02-04 11:51:00,ADJUST_CLOSE,pe,BUY,183.7,184.7,75,10.0,0.0,4.85253075,0.0692625,0.0138525,0.415575,2.688416235,18.039636985,1.0
2025-02-04,2025-02-04 11:51:00,ADJUST_OPEN,pe,SELL,361.15,360.15,75,10.0,27.01125,9.462040875,0.13505625000000002,0.027011249999999997,0.0,3.5323395075,50.1676978825,1.0
2025-02-04,2025-02-04 11:52:00,STOP_EXIT,ce,BUY,373.25,374.25,75,10.0,0.0,9.832483125,0.14034375000000002,0.02806875,0.8420625,3.6001612124999998,24.4431193375,1.0
2025-02-04,2025-02-04 11:52:00,STOP_EXIT,pe,BUY,370.4,371.4,75,10.0,0.0,9.7576065,0.139275,0.027854999999999998,0.83565,3.58645257,24.34683907,1.0
2025-02-05,2025-02-05 09:30:00,ENTRY,ce,SELL,76.95,75.95,75,10.0,5.69625,1.995396375,0.028481250000000003,0.00569625,0.0,2.1653232975,19.891147172499995,1.0
2025-02-05,2025-02-05 09:30:00,ENTRY,pe,SELL,203.5,202.5,75,10.0,15.1875,5.32018125,0.0759375,0.0151875,0.0,2.774035125,33.372841375,1.0
2025-02-05,2025-02-05 09:32:00,ADJUST_CLOSE,ce,BUY,80.8,81.8,75,10.0,0.0,2.1490905000000002,0.030675,0.006135,0.18405,2.19346209,14.56341259,1.0
2025-02-05,2025-02-05 09:32:00,ADJUST_OPEN,ce,SELL,210.9,209.9,75,10.0,15.7425,5.51459775,0.0787125,0.0157425,0.0,2.809629495,34.161182245000006,1.0
2025-02-05,2025-02-05 15:15:00,TIME_EXIT,ce,BUY,156.4,157.4,75,10.0,0.0,4.1352915,0.05902500000000001,0.011805,0.35415,2.5571018700000003,17.117373370000003,1.0
2025-02-05,2025-02-05 15:15:00,TIME_EXIT,pe,BUY,207.3,208.3,75,10.0,0.0,5.47256175,0.0781125,0.0156225,0.468675,2.8019334149999997,18.836905165,1.0
2025-02-06,2025-02-06 09:30:00,ENTRY,ce,SELL,84.8,83.8,75,10.0,6.285,2.2016355,0.031425,0.006285,0.0,2.20308219,20.727427689999995,1.0
2025-02-06,2025-02-06 09:30:00,ENTRY,pe,SELL,166.1,165.1,75,10.0,12.3825,4.33758975,0.0619125,0.0123825,0.0,2.5941392549999995,29.388524004999997,1.0
2025-02-06,2025-02-06 09:32:00,ADJUST_CLOSE,ce,BUY,81.3,82.3,75,10.0,0.0,2.16222675,0.0308625,0.0061725,0.185175,2.195867115,14.580303865,1.0
2025-02-06,2025-02-06 09:32:00,ADJUST_OPEN,ce,SELL,183.75,182.75,75,10.0,13.70625,4.801299375,0.06853125,0.01370625,0.0,2.6790366375,31.2688235125,1.0
2025-02-06,2025-02-06 11:13:00,ADJUST_CLOSE,ce,BUY,97.85,98.85,75,10.0,0.0,2.597036625,0.037068750000000004,0.007413749999999999,0.2224125,2.2754734424999996,15.139405067499998,1.0
2025-02-06,2025-02-06 11:13:00,ADJUST_OPEN,ce,SELL,193.3,192.3,75,10.0,14.4225,5.05220175,0.07211250000000001,0.0144225,0.0,2.724972615,32.286209365,1.0
2025-02-06,2025-02-06 15:15:00,TIME_EXIT,ce,BUY,193.75,194.75,75,10.0,0.0,5.116569375,0.07303125,0.01460625,0.4381875,2.7367572375,18.3791516125,1.0
2025-02-06,2025-02-06 15:15:00,TIME_EXIT,pe,BUY,192.2,193.2,75,10.0,0.0,5.075847,0.07245,0.01449,0.43470000000000003,2.72930166,18.32678866,1.0
2025-02-07,2025-02-07 09:30:00,ENTRY,ce,SELL,205.2,204.2,75,10.0,15.315,5.3648445,0.076575,0.015314999999999999,0.0,2.78221221,33.55394671,1.0
2025-02-07,2025-02-07 09:30:00,ENTRY,pe,SELL,236.6,235.6,75,10.0,17.67,6.189801,0.08835000000000001,0.017669999999999998,0.0,2.9332477799999994,36.89906878000001,1.0
2025-02-07,2025-02-07 13:54:00,ADJUST_CLOSE,ce,BUY,122.55,123.55,75,10.0,0.0,3.245967375,0.046331250000000004,0.00926625,0.2779875,2.3942816774999995,15.973834052499999,1.0
2025-02-07,2025-02-07 13:54:00,ADJUST_OPEN,ce,SELL,261.89,260.89,75,10.0,19.56675,6.8542325250000005,0.09783375000000001,0.01956675,0.0,3.0548939445,39.5932769695,1.0
2025-02-07,2025-02-07 15:15:00,TIME_EXIT,ce,BUY,294.6,295.6,75,10.0,0.0,7.766151,0.11085,0.02217,0.6651,3.2218507799999996,21.78612178,1.0
2025-02-07,2025-02-07 15:15:00,TIME_EXIT,pe,BUY,225.5,226.5,75,10.0,0.0,5.95072125,0.08493750000000001,0.0169875,0.509625,2.8894763249999995,19.451747575,1.0
2025-02-10,2025-02-10 09:30:00,ENTRY,ce,SELL,161.6,160.6,75,10.0,12.045,4.2193635,0.06022500000000001,0.012045,0.0,2.57249403,28.909127530000003,1.0
2025-02-10,2025-02-10 09:30:00,ENTRY,pe,SELL,207.55,206.55,75,10.0,15.49125,5.426584875,0.07745625,0.01549125,0.0,2.7935158275,33.8042982025,1.0
2025-02-10,2025-02-10 10:13:00,ADJUST_CLOSE,ce,BUY,124.8,125.8,75,10.0,0.0,3.3050805,0.047175,0.009434999999999999,0.28305,2.4051042899999997,16.049844789999998,1.0
2025-02-10,2025-02-10 10:13:00,ADJUST_OPEN,ce,SELL,267.0,266.0,75,10.0,19.95,6.988485,0.09975,0.01995,0.0,3.0794733000000005,40.137658300000005,1.0
2025-02-10,2025-02-10 15:15:00,TIME_EXIT,ce,BUY,272.6,273.6,75,10.0,0.0,7.188156,0.10260000000000001,0.02052,0.6156,3.1160296799999996,21.04290568,1.0
2025-02-10,2025-02-10 15:15:00,TIME_EXIT,pe,BUY,228.55,229.55,75,10.0,0.0,6.030852375,0.08608125000000001,0.01721625,0.5164875,2.9041469775000004,19.554784352500004,1.0
2025-02-11,2025-02-11 09:30:00,ENTRY,ce,SELL,158.69,157.69,75,10.0,11.82675,4.1429105250000005,0.059133750000000006,0.011826749999999999,0.0,2.5584967845000004,28.599117809500004,1.0
2025-02-11,2025-02-11 09:30:00,ENTRY,pe,SELL,195.8,194.8,75,10.0,14.61,5.117883,0.07305,0.01461,0.0,2.7369977399999996,32.55254074,1.0
2025-02-11,2025-02-11 10:45:00,ADJUST_CLOSE,ce,BUY,104.9,105.9,75,10.0,0.0,2.78225775,0.039712500000000005,0.0079425,0.23827500000000001,2.309384295,15.377572045,1.0
2025-02-11,2025-02-11 10:45:00,ADJUST_OPEN,ce,SELL,224.75,223.75,75,10.0,16.78125,5.878471875,0.08390625,0.016781249999999998,0.0,2.8762486874999995,35.636658062500004,1.0
2025-02-11,2025-02-11 13:08:00,ADJUST_CLOSE,ce,BUY,144.4,145.4,75,10.0,0.0,3.8200215,0.054525000000000004,0.010905,0.32715,2.4993812699999998,16.71198277,1.0
2025-02-11,2025-02-11 13:08:00,ADJUST_OPEN,ce,SELL,275.6,274.6,75,10.0,20.595,7.2144285,0.10297500000000001,0.020595,0.0,3.12083973,41.05383823,1.0
2025-02-11,2025-02-11 14:08:00,ADJUST_CLOSE,ce,BUY,187.85,188.85,75,10.0,0.0,4.961561625,0.07081875,0.01416375,0.4249125,2.7083779425,18.1798345675,1.0
2025-02-11,2025-02-11 14:08:00,ADJUST_OPEN,ce,SELL,385.2,384.2,75,10.0,28.815,10.0938945,0.144075,0.028815,0.0,3.64802121,52.72980571,1.0
2025-02-11,2025-02-11 15:15:00,TIME_EXIT,ce,BUY,466.35,467.35,75,10.0,0.0,12.278452875,0.17525625,0.03505125,1.0515375,4.047976867499999,27.588274742499998,1.0
2025-02-11,2025-02-11 15:15:00,TIME_EXIT,pe,BUY,304.45,305.45,75,10.0,0.0,8.024935125,0.11454375000000001,0.02290875,0.6872625,3.2692297724999992,22.118879897499994,1.0
2025-02-12,2025-02-12 09:30:00,ENTRY,ce,SELL,134.94,133.94,75,10.0,10.0455,3.51893865,0.0502275,0.010045499999999999,0.0,2.4442580969999996,26.068969746999997,1.0
2025-02-12,2025-02-12 09:30:00,ENTRY,pe,SELL,168.4,167.4,75,10.0,12.555,4.3980165,0.06277500000000001,0.012555,0.0,2.60520237,29.63354887,1.0
2025-02-12,2025-02-12 09:41:00,ADJUST_CLOSE,ce,BUY,91.55,92.55,75,10.0,0.0,2.431519875,0.03470625,0.0069412499999999995,0.2082375,2.2451701275,14.926575002499998,1.0
2025-02-12,2025-02-12 09:41:00,ADJUST_OPEN,ce,SELL,182.4,181.4,75,10.0,13.605,4.7658315,0.068025,0.013604999999999999,0.0,2.67254307,31.125004569999998,1.0
2025-02-12,2025-02-12 11:46:00,ADJUST_CLOSE,pe,BUY,147.3,148.3,75,10.0,0.0,3.89621175,0.0556125,0.011122499999999999,0.333675,2.513330415,16.809952165,1.0
2025-02-12,2025-02-12 11:46:00,ADJUST_OPEN,pe,SELL,319.8,318.8,75,10.0,23.91,8.375673,0.11955,0.023909999999999997,0.0,3.33344394,45.762576939999995,1.0
2025-02-12,2025-02-12 15:15:00,TIME_EXIT,ce,BUY,270.2,271.2,75,10.0,0.0,7.125102,0.10170000000000001,0.02034,0.6102,3.10448556,20.96182756,1.0
2025-02-12,2025-02-12 15:15:00,TIME_EXIT,pe,BUY,312.35,313.35,75,10.0,0.0,8.232487875,0.11750625,0.023501249999999998,0.7050375,3.3072291675,22.3857620425,1.0
2025-02-13,2025-02-13 09:30:00,ENTRY,ce,SELL,55.3,54.3,75,10.0,4.0725,1.42659675,0.020362500000000002,0.0040725,0.0,2.0611857149999997,17.584717464999997,1.0
2025-02-13,2025-02-13 09:30:00,ENTRY,pe,SELL,218.05,217.05,75,10.0,16.27875,5.702446125,0.08139375,0.016278749999999998,0.0,2.8440213525,34.92288997749999,1.0
2025-02-13,2025-02-13 09:32:00,ADJUST_CLOSE,ce,BUY,64.5,65.5,75,10.0,0.0,1.72084875,0.0245625,0.0049125,0.147375,2.115058275,14.012757024999999,1.0
2025-02-13,2025-02-13 09:32:00,ADJUST_OPEN,ce,SELL,189.5,188.5,75,10.0,14.137500000000001,4.95236625,0.0706875,0.014137499999999999,0.0,2.7066944250000002,31.881385675000004,1.0
2025-02-13,2025-02-13 09:55:00,ADJUST_CLOSE,pe,BUY,141.6,142.6,75,10.0,0.0,3.7464585,0.053475,0.010695,0.32085,2.4859131299999997,16.61739163,1.0
2025-02-13,2025-02-13 09:55:00,ADJUST_OPEN,pe,SELL,293.55,292.55,75,10.0,21.94125,7.686019875,0.10970625,0.02194125,0.0,3.2071801274999996,42.966097502500006,1.0
2025-02-13,2025-02-13 13:41:00,ADJUST_CLOSE,ce,BUY,175.75,176.75,75,10.0,0.0,4.643664375,0.06628125,0.013256249999999999,0.3976875,2.6501763374999996,17.771065712499997,1.0
2025-02-13,2025-02-13 13:41:00,ADJUST_OPEN,ce,SELL,363.0,362.0,75,10.0,27.150000000000002,9.510645,0.13575,0.027149999999999997,0.0,3.5412381,50.364783100000004,1.0
2025-02-13,2025-02-13 15:15:00,TIME_EXIT,ce,BUY,332.0,333.0,75,10.0,0.0,8.7487425,0.12487500000000001,0.024974999999999997,0.74925,3.4017466499999998,23.04958915,1.0
2025-02-13,2025-02-13 15:15:00,TIME_EXIT,pe,BUY,380.0,381.0,75,10.0,0.0,10.0098225,0.142875,0.028575,0.8572500000000001,3.63262905,24.671151549999998,1.0
2025-02-14,2025-02-14 09:30:00,ENTRY,ce,SELL,218.85,217.85,75,10.0,16.33875,5.7234641250000005,0.08169375000000001,0.01633875,0.0,2.8478693924999994,35.00811601750001,1.0
2025-02-14,2025-02-14 09:30:00,ENTRY,pe,SELL,197.35,196.35,75,10.0,14.72625,5.1586053750000005,0.07363125000000001,0.01472625,0.0,2.7444533175,32.7176661925,1.0
2025-02-14,2025-02-14 11:05:00,ADJUST_CLOSE,ce,BUY,137.0,138.0,75,10.0,0.0,3.625605,0.051750000000000004,0.01035,0.3105,2.4637869,16.4619919,1.0
2025-02-14,2025-02-14 11:05:00,ADJUST_OPEN,ce,SELL,269.89,268.89,75,10.0,20.16675,7.064412525,0.10083375000000001,0.02016675,0.0,3.0933743445000004,40.4455373695,1.0
2025-02-14,2025-02-14 15:15:00,TIME_EXIT,ce,BUY,301.95,302.95,75,10.0,0.0,7.959253875,0.11360625,0.02272125,0.6816375,3.2572046475,22.034423522500003,1.0
2025-02-14,2025-02-14 15:15:00,TIME_EXIT,pe,BUY,238.0,239.0,75,10.0,0.0,6.2791275,0.08962500000000001,0.017925,0.5377500000000001,2.949601950000001,19.874029450000005,1.0
2025-02-17,2025-02-17 09:30:00,ENTRY,ce,SELL,221.05,220.05,75,10.0,16.50375,5.781263625,0.08251875,0.016503749999999998,0.0,2.8584515025000004,35.2424876275,1.0
2025-02-17,2025-02-17 09:30:00,ENTRY,pe,SELL,187.0,186.0,75,10.0,13.950000000000001,4.886685,0.06975,0.013949999999999999,0.0,2.6946693,31.615054300000004,1.0
2025-02-17,2025-02-17 13:43:00,ADJUST_CLOSE,pe,BUY,143.75,144.75,75,10.0,0.0,3.802944375,0.05428125,0.01085625,0.3256875,2.4962547374999997,16.6900241125,1.0
2025-02-17,2025-02-17 13:43:00,ADJUST_OPEN,pe,SELL,290.85,289.85,75,10.0,21.73875,7.615084125,0.10869375,0.021738749999999998,0.0,3.1941929925,42.678459617499996,1.0
2025-02-17,2025-02-17 15:15:00,TIME_EXIT,ce,BUY,277.1,278.1,75,10.0,0.0,7.30638225,0.1042875,0.020857499999999998,0.625725,3.1376749050000003,21.194927155000002,1.0
2025-02-17,2025-02-17 15:15:00,TIME_EXIT,pe,BUY,287.25,288.25,75,10.0,0.0,7.573048125,0.10809375,0.02161875,0.6485625,3.186496912499999,21.537820037499998,1.0
2025-02-18,2025-02-18 09:30:00,ENTRY,ce,SELL,157.44,156.44,75,10.0,11.733,4.1100699,0.058665,0.011732999999999999,0.0,2.5524842219999995,28.465952122,1.0
2025-02-18,2025-02-18 09:30:00,ENTRY,pe,SELL,220.45,219.45,75,10.0,16.458750000000002,5.765500125,0.08229375000000001,0.016458749999999998,0.0,2.8555654724999995,35.1785680975,1.0
2025-02-18,2025-02-18 10:22:00,ADJUST_CLOSE,ce,BUY,115.7,116.7,75,10.0,0.0,3.06600075,0.0437625,0.0087525,0.262575,2.361332835,15.742423585000001,1.0
2025-02-18,2025-02-18 10:22:00,ADJUST_OPEN,ce,SELL,258.5,257.5,75,10.0,19.3125,6.76516875,0.09656250000000001,0.0193125,0.0,3.0385878750000006,39.232131624999994,1.0
2025-02-18,2025-02-18 14:50:00,ADJUST_CLOSE,pe,BUY,170.1,171.1,75,10.0,0.0,4.49522475,0.06416250000000001,0.0128325,0.384975,2.622999555,17.580194305,1.0
2025-02-18,2025-02-18 14:50:00,ADJUST_OPEN,pe,SELL,359.05,358.05,75,10.0,26.85375,9.406868625,0.13426875000000002,0.02685375,0.0,3.5222384025,49.943979527500005,1.0
2025-02-18,2025-02-18 15:15:00,TIME_EXIT,ce,BUY,329.4,330.4,75,10.0,0.0,8.680434,0.12390000000000001,0.02478,0.7434000000000001,3.3892405199999995,22.96175452,1.0
2025-02-18,2025-02-18 15:15:00,TIME_EXIT,pe,BUY,374.15,375.15,75,10.0,0.0,9.856128375,0.14068125,0.028136249999999998,0.8440875,3.6044902574999997,24.4735236325,1.0
2025-02-19,2025-02-19 09:30:00,ENTRY,ce,SELL,88.45,87.45,75,10.0,6.55875,2.297530125,0.03279375,0.0065587499999999995,0.0,2.2206388725,21.1162714975,1.0
2025-02-19,2025-02-19 09:30:00,ENTRY,pe,SELL,205.0,204.0,75,10.0,15.3,5.35959,0.07650000000000001,0.0153,0.0,2.7812501999999997,33.5326402,1.0
2025-02-19,2025-02-19 09:32:00,ADJUST_CLOSE,ce,BUY,88.35,89.35,75,10.0,0.0,2.347447875,0.03350625,0.00670125,0.2010375,2.2297779675,14.818470842500002,1.0
2025-02-19,2025-02-19 09:32:00,ADJUST_OPEN,ce,SELL,207.5,206.5,75,10.0,15.4875,5.42527125,0.0774375,0.0154875,0.0,2.793275325,33.798971574999996,1.0
2025-02-19,2025-02-19 09:55:00,ADJUST_CLOSE,pe,BUY,151.4,152.4,75,10.0,0.0,4.003929,0.057150000000000006,0.01143,0.3429,2.5330516199999997,16.94846062,1.0
2025-02-19,2025-02-19 09:55:00,ADJUST_OPEN,pe,SELL,299.0,298.0,75,10.0,22.35,7.829205,0.11175000000000002,0.02235,0.0,3.2333949000000004,43.54669990000001,1.0
2025-02-19,2025-02-19 15:15:00,TIME_EXIT,ce,BUY,260.0,261.0,75,10.0,0.0,6.8571225,0.097875,0.019575,0.58725,3.0554230499999995,20.617245549999996,1.0
2025-02-19,2025-02-19 15:15:00,TIME_EXIT,pe,BUY,320.25,321.25,75,10.0,0.0,8.440040625,0.12046875000000001,0.02409375,0.7228125,3.3452285625,22.6526441875,1.0
2025-02-20,2025-02-20 09:30:00,ENTRY,ce,SELL,59.0,58.0,75,10.0,4.3500000000000005,1.523805,0.021750000000000002,0.00435,0.0,2.0789829,17.978887900000004,1.0
2025-02-20,2025-02-20 09:30:00,ENTRY,pe,SELL,170.5,169.5,75,10.0,12.7125,4.45318875,0.06356250000000001,0.0127125,0.0,2.6153034749999997,29.857267224999998,1.0
2025-02-20,2025-02-20 09:32:00,ADJUST_CLOSE,ce,BUY,64.8,65.8,75,10.0,0.0,1.7287305,0.024675000000000002,0.004935,0.14805000000000001,2.11650129,14.02289179,1.0
2025-02-20,2025-02-20 09:32:00,ADJUST_OPEN,ce,SELL,174.85,173.85,75,10.0,13.03875,4.567474125,0.06519375000000001,0.01303875,0.0,2.6362271925000003,30.3206838175,1.0
2025-02-20,2025-02-20 15:15:00,TIME_EXIT,ce,BUY,215.85,216.85,75,10.0,0.0,5.697191625,0.08131875000000001,0.01626375,0.4879125,2.8430593424999997,19.1257459675,1.0
2025-02-20,2025-02-20 15:15:00,TIME_EXIT,pe,BUY,121.05,122.05,75,10.0,0.0,3.206558625,0.045768750000000004,0.00915375,0.2746125,2.3870666025,15.923160227499999,1.0
2025-02-21,2025-02-21 09:30:00,ENTRY,ce,SELL,168.15,167.15,75,10.0,12.53625,4.391448375,0.06268125000000001,0.012536249999999999,0.0,2.6039998575,29.606915732500003,1.0
2025-02-21,2025-02-21 09:30:00,ENTRY,pe,SELL,198.7,197.7,75,10.0,14.8275,5.19407325,0.07413750000000001,0.014827499999999999,0.0,2.750946885,32.861485134999995,1.0
2025-02-21,2025-02-21 10:14:00,ADJUST_CLOSE,ce,BUY,129.19,130.19,75,10.0,0.0,3.420416775,0.048821250000000004,0.00976425,0.2929275,2.4262204095,16.198150184499998,1.0
2025-02-21,2025-02-21 10:14:00,ADJUST_OPEN,ce,SELL,268.1,267.1,75,10.0,20.0325,7.01738475,0.1001625,0.020032499999999998,0.0,3.0847643549999995,40.254844105,1.0
2025-02-21,2025-02-21 15:15:00,TIME_EXIT,ce,BUY,257.39,258.39,75,10.0,0.0,6.788551275,0.09689625,0.01937925,0.5813775,3.0428688194999998,20.5290730945,1.0
2025-02-21,2025-02-21 15:15:00,TIME_EXIT,pe,BUY,236.05,237.05,75,10.0,0.0,6.227896125,0.08889375000000001,0.01777875,0.5333625,2.9402223525,19.808153477500003,1.0
2025-02-24,2025-02-24 09:30:00,ENTRY,ce,SELL,125.85,124.85,75,10.0,9.36375,3.280121625,0.046818750000000006,0.009363749999999999,0.0,2.4005347425,25.100588867499997,1.0
2025-02-24,2025-02-24 09:30:00,ENTRY,pe,SELL,198.0,197.0,75,10.0,14.775,5.1756825,0.07387500000000001,0.014775,0.0,2.7475798499999997,32.78691235,1.0
2025-02-24,2025-02-24 09:44:00,ADJUST_CLOSE,ce,BUY,104.05,105.05,75,10.0,0.0,2.7599261250000002,0.039393750000000005,0.00787875,0.2363625,2.3052957524999997,15.3488568775,1.0
2025-02-24,2025-02-24 09:44:00,ADJUST_OPEN,ce,SELL,218.0,217.0,75,10.0,16.275,5.7011325,0.081375,0.016274999999999998,0.0,2.84378085,34.91756335,1.0
2025-02-24,2025-02-24 15:15:00,TIME_EXIT,ce,BUY,213.4,214.4,75,10.0,0.0,5.632824,0.08040000000000001,0.01608,0.4824,2.8312747199999997,19.042978719999997,1.0
2025-02-24,2025-02-24 15:15:00,TIME_EXIT,pe,BUY,188.5,189.5,75,10.0,0.0,4.97863875,0.0710625,0.0142125,0.426375,2.711504475,18.201793225,1.0
2025-02-25,2025-02-25 09:30:00,ENTRY,ce,SELL,75.59,74.59,75,10.0,5.59425,1.959665775,0.027971250000000003,0.005594249999999999,0.0,2.1587816295,19.7462629045,1.0
2025-02-25,2025-02-25 09:30:00,ENTRY,pe,SELL,166.9,165.9,75,10.0,12.4425,4.35860775,0.062212500000000004,0.012442499999999999,0.0,2.5979872950000003,29.473750045000003,1.0
2025-02-25,2025-02-25 09:32:00,ADJUST_CLOSE,ce,BUY,78.25,79.25,75,10.0,0.0,2.082095625,0.029718750000000002,0.005943749999999999,0.1783125,2.1811964625000004,14.477267087500003,1.0
2025-02-25,2025-02-25 09:32:00,ADJUST_OPEN,ce,SELL,177.05,176.05,75,10.0,13.20375,4.625273625,0.06601875,0.01320375,0.0,2.6468093025,30.555055427499997,1.0
2025-02-25,2025-02-25 15:15:00,TIME_EXIT,ce,BUY,160.19,161.19,75,10.0,0.0,4.234864275,0.06044625000000001,0.01208925,0.3626775,2.5753319595,17.245409234500002,1.0
2025-02-25,2025-02-25 15:15:00,TIME_EXIT,pe,BUY,143.94,144.94,75,10.0,0.0,3.80793615,0.054352500000000005,0.0108705,0.326115,2.4971686469999996,16.696442797,1.0
2025-02-27,2025-02-27 09:30:00,ENTRY,ce,SELL,43.65,42.65,75,10.0,3.19875,1.120522125,0.01599375,0.0031987499999999998,0.0,2.0051486325,16.3436132575,1.0
2025-02-27,2025-02-27 09:30:00,ENTRY,pe,SELL,117.95,116.95,75,10.0,8.77125,3.072568875,0.043856250000000006,0.00877125,0.0,2.3625353474999997,24.258981722500003,1.0
2025-02-27,2025-02-27 09:32:00,ADJUST_CLOSE,ce,BUY,42.5,43.5,75,10.0,0.0,1.14285375,0.0163125,0.0032624999999999998,0.097875,2.009237175,13.269540925000001,1.0
2025-02-27,2025-02-27 09:32:00,ADJUST_OPEN,ce,SELL,129.55,128.55,75,10.0,9.64125,3.377329875,0.048206250000000006,0.009641249999999999,0.0,2.4183319275,25.4947593025,1.0
2025-02-27,2025-02-27 15:15:00,TIME_EXIT,ce,BUY,99.6,100.6,75,10.0,0.0,2.6430135,0.037725,0.007545,0.22635,2.28389103,15.19852453,1.0
2025-02-27,2025-02-27 15:15:00,TIME_EXIT,pe,BUY,118.0,119.0,75,10.0,0.0,3.1264275,0.044625000000000005,0.008924999999999999,0.26775,2.37239595,15.820123449999999,1.0
2025-02-28,2025-02-28 09:30:00,ENTRY,ce,SELL,198.9,197.9,75,10.0,14.842500000000001,5.19932775,0.0742125,0.0148425,0.0,2.751908895,32.882791645000005,1.0
2025-02-28,2025-02-28 09:30:00,ENTRY,pe,SELL,151.5,150.5,75,10.0,11.2875,3.95401125,0.0564375,0.011287499999999999,0.0,2.523912525,27.833148775000005,1.0
2025-02-28,2025-02-28 12:37:00,ADJUST_CLOSE,ce,BUY,106.65,107.65,75,10.0,0.0,2.828234625,0.04036875,0.00807375,0.2422125,2.3178018825,15.4366915075,1.0
2025-02-28,2025-02-28 12:37:00,ADJUST_OPEN,ce,SELL,221.65,220.65,75,10.0,16.548750000000002,5.7970271250000005,0.08274375,0.01654875,0.0,2.8613375325,35.306407157500004,1.0
2025-02-28,2025-02-28 15:15:00,TIME_EXIT,ce,BUY,199.4,200.4,75,10.0,0.0,5.265009,0.07515000000000001,0.01503,0.4509,2.7639340199999998,18.57002302,1.0
2025-02-28,2025-02-28 15:15:00,TIME_EXIT,pe,BUY,255.55,256.55,75,10.0,0.0,6.740209875,0.09620625000000001,0.019241249999999998,0.5772375000000001,3.0340183274999997,20.4669132025,1.0
2025-03-03,2025-03-03 09:30:00,ENTRY,ce,SELL,173.6,172.6,75,10.0,12.945,4.5346335,0.064725,0.012945,0.0,2.6302146299999998,30.187518129999997,1.0
2025-03-03,2025-03-03 09:30:00,ENTRY,pe,SELL,155.0,154.0,75,10.0,11.55,4.045965,0.05775,0.01155,0.0,2.5407477,28.2060127,1.0
2025-03-03,2025-03-03 10:01:00,ADJUST_CLOSE,ce,BUY,103.3,104.3,75,10.0,0.0,2.74022175,0.0391125,0.0078225,0.234675,2.301688215,15.323519965,1.0
2025-03-03,2025-03-03 10:01:00,ADJUST_OPEN,ce,SELL,216.7,215.7,75,10.0,16.177500000000002,5.66697825,0.0808875,0.0161775,0.0,2.837527785,34.779071035,1.0
2025-03-03,2025-03-03 15:15:00,TIME_EXIT,ce,BUY,254.0,255.0,75,10.0,0.0,6.6994875,0.095625,0.019125,0.57375,3.026562749999999,20.414550249999998,1.0
2025-03-03,2025-03-03 15:15:00,TIME_EXIT,pe,BUY,175.35,176.35,75,10.0,0.0,4.633155375,0.06613125,0.01322625,0.3967875,2.6482523175000003,17.757552692500003,1.0
2025-03-04,2025-03-04 09:30:00,ENTRY,ce,SELL,116.75,115.75,75,10.0,8.68125,3.041041875,0.04340625,0.00868125,0.0,2.3567632874999997,24.131142662499997,1.0
2025-03-04,2025-03-04 09:30:00,ENTRY,pe,SELL,162.94,161.94,75,10.0,12.1455,4.25456865,0.060727500000000004,0.0121455,0.0,2.578939497,29.051881146999996,1.0
2025-03-04,2025-03-04 15:15:00,TIME_EXIT,ce,BUY,140.8,141.8,75,10.0,0.0,3.7254405,0.05317500000000001,0.010635,0.31905,2.48206509,16.59036559,1.0
2025-03-04,2025-03-04 15:15:00,TIME_EXIT,pe,BUY,134.94,135.94,75,10.0,0.0,3.5714836500000002,0.0509775,0.0101955,0.305865,2.4538781970000003,16.392399847000004,1.0
2025-03-05,2025-03-05 09:30:00,ENTRY,ce,SELL,87.3,86.3,75,10.0,6.4725,2.26731675,0.0323625,0.0064725,0.0,2.2151073149999996,20.993759065000003,1.0
2025-03-05,2025-03-05 09:30:00,ENTRY,pe,SELL,158.05,157.05,75,10.0,11.77875,4.126096125,0.05889375,0.01177875,0.0,2.5554183525,28.5309369775,1.0
2025-03-05,2025-03-05 11:51:00,ADJUST_CLOSE,pe,BUY,99.25,100.25,75,10.0,0.0,2.633818125,0.03759375,0.007518749999999999,0.2255625,2.2822075124999994,15.186700637499998,1.0
2025-03-05,2025-03-05 11:51:00,ADJUST_OPEN,pe,SELL,196.55,195.55,75,10.0,14.66625,5.137587375,0.07333125,0.014666249999999999,0.0,2.7406052775,32.632440152499996,1.0
2025-03-05,2025-03-05 15:15:00,TIME_EXIT,ce,BUY,168.7,169.7,75,10.0,0.0,4.45844325,0.0636375,0.0127275,0.381825,2.616265485,17.532898735,1.0
2025-03-05,2025-03-05 15:15:00,TIME_EXIT,pe,BUY,212.1,213.1,75,10.0,0.0,5.59866975,0.07991250000000001,0.0159825,0.479475,2.825021655,18.999061405,1.0
2025-03-06,2025-03-06 09:30:00,ENTRY,ce,SELL,86.0,85.0,75,10.0,6.375,2.2331625,0.031875,0.006375,0.0,2.20885425,20.85526675,1.0
2025-03-06,2025-03-06 09:30:00,ENTRY,pe,SELL,128.75,127.75,75,10.0,9.58125,3.356311875,0.047906250000000004,0.00958125,0.0,2.4144838875,25.409533262500002,1.0
2025-03-06,2025-03-06 09:32:00,ADJUST_CLOSE,ce,BUY,68.0,69.0,75,10.0,0.0,1.8128025,0.025875000000000002,0.005175,0.15525,2.1318934499999997,14.130995949999999,1.0
2025-03-06,2025-03-06 09:32:00,ADJUST_OPEN,ce,SELL,134.9,133.9,75,10.0,10.0425,3.51788775,0.05021250000000001,0.0100425,0.0,2.4440656950000004,26.064708445,1.0
2025-03-06,2025-03-06 09:49:00,ADJUST_CLOSE,ce,BUY,82.6,83.6,75,10.0,0.0,2.196381,0.03135,0.0062699999999999995,0.18810000000000002,2.20212018,14.624221180000001,1.0
2025-03-06,2025-03-06 09:49:00,ADJUST_OPEN,ce,SELL,156.9,155.9,75,10.0,11.6925,4.09588275,0.05846250000000001,0.0116925,0.0,2.549886795,28.408424545000003,1.0
2025-03-06,2025-03-06 10:07:00,ADJUST_CLOSE,pe,BUY,124.1,125.1,75,10.0,0.0,3.28668975,0.0469125,0.0093825,0.28147500000000003,2.401737255,16.026197005,1.0
2025-03-06,2025-03-06 10:07:00,ADJUST_OPEN,pe,SELL,247.6,246.6,75,10.0,18.495,6.4787985,0.092475,0.018494999999999998,0.0,2.9861583300000003,38.070926830000005,1.0
2025-03-06,2025-03-06 12:53:00,ADJUST_CLOSE,pe,BUY,181.3,182.3,75,10.0,0.0,4.78947675,0.0683625,0.013672499999999999,0.410175,2.6768721149999997,17.958558865,1.0
2025-03-06,2025-03-06 12:53:00,ADJUST_OPEN,pe,SELL,378.15,377.15,75,10.0,28.28625,9.908673375,0.14143125,0.02828625,0.0,3.6141103575,51.978751232499995,1.0
2025-03-06,2025-03-06 13:35:00,STOP_EXIT,ce,BUY,381.05,382.05,75,10.0,0.0,10.037408625,0.14326875,0.02865375,0.8596125,3.6376796024999996,24.7066232275,1.0
2025-03-06,2025-03-06 13:35:00,STOP_EXIT,pe,BUY,401.7,402.7,75,10.0,0.0,10.57993575,0.15101250000000002,0.0302025,0.9060750000000001,3.7370071350000003,25.404232885000003,1.0
2025-03-07,2025-03-07 09:30:00,ENTRY,ce,SELL,143.69,142.69,75,10.0,10.70175,3.748823025,0.05350875000000001,0.01070175,0.0,2.4863460345000004,27.0011295595,1.0
2025-03-07,2025-03-07 09:30:00,ENTRY,pe,SELL,210.0,209.0,75,10.0,15.675,5.4909525,0.078375,0.015674999999999998,0.0,2.8053004499999994,34.06530295,1.0
2025-03-07,2025-03-07 15:15:00,TIME_EXIT,ce,BUY,158.44,159.44,75,10.0,0.0,4.1888874000000005,0.05979,0.011958,0.35874,2.566914372,17.186289772,1.0
2025-03-07,2025-03-07 15:15:00,TIME_EXIT,pe,BUY,176.7,177.7,75,10.0,0.0,4.6686232500000004,0.0666375,0.013327499999999999,0.399825,2.654745885,17.803159135,1.0
2025-03-10,2025-03-10 09:30:00,ENTRY,ce,SELL,113.0,112.0,75,10.0,8.4,2.94252,0.042,0.0084,0.0,2.3387256,23.731645600000004,1.0
2025-03-10,2025-03-10 09:30:00,ENTRY,pe,SELL,201.25,200.25,75,10.0,15.01875,5.261068125,0.07509375,0.015018749999999999,0.0,2.7632125125,33.1331431375,1.0
2025-03-10,2025-03-10 13:46:00,ADJUST_CLOSE,ce,BUY,91.2,92.2,75,10.0,0.0,2.4223245,0.034575,0.006914999999999999,0.20745,2.2434866099999997,14.91475111,1.0
2025-03-10,2025-03-10 13:46:00,ADJUST_OPEN,ce,SELL,209.85,208.85,75,10.0,15.66375,5.487011625,0.07831875,0.01566375,0.0,2.8045789425,34.049323067500005,1.0
2025-03-10,2025-03-10 15:15:00,TIME_EXIT,ce,BUY,158.7,159.7,75,10.0,0.0,4.19571825,0.0598875,0.0119775,0.359325,2.5681649849999997,17.195073235,1.0
2025-03-10,2025-03-10 15:15:00,TIME_EXIT,pe,BUY,247.2,248.2,75,10.0,0.0,6.5208345,0.093075,0.018615,0.55845,2.9938544099999995,20.18482891,1.0
2025-03-11,2025-03-11 09:30:00,ENTRY,ce,SELL,121.75,120.75,75,10.0,9.05625,3.172404375,0.04528125,0.00905625,0.0,2.3808135375,24.663805412499997,1.0
2025-03-11,2025-03-11 09:30:00,ENTRY,pe,SELL,177.05,176.05,75,10.0,13.20375,4.625273625,0.06601875,0.01320375,0.0,2.6468093025,30.555055427499997,1.0
2025-03-11,2025-03-11 15:15:00,TIME_EXIT,ce,BUY,195.6,196.6,75,10.0,0.0,5.1651735,0.07372500000000001,0.014745,0.44235,2.7456558299999996,18.441649329999997,1.0
2025-03-11,2025-03-11 15:15:00,TIME_EXIT,pe,BUY,122.0,123.0,75,10.0,0.0,3.2315175,0.046125000000000006,0.009224999999999999,0.27675,2.3916361499999996,15.95525365,1.0
2025-03-12,2025-03-12 09:30:00,ENTRY,ce,SELL,93.65,92.65,75,10.0,6.94875,2.434147125,0.034743750000000004,0.00694875,0.0,2.2456511325,21.6702407575,1.0
2025-03-12,2025-03-12 09:30:00,ENTRY,pe,SELL,169.0,168.0,75,10.0,12.6,4.41378,0.063,0.0126,0.0,2.6080884,29.697468399999998,1.0
2025-03-12,2025-03-12 10:01:00,ADJUST_CLOSE,ce,BUY,80.05,81.05,75,10.0,0.0,2.129386125,0.030393750000000004,0.00607875,0.1823625,2.1898545525,14.5380756775,1.0
2025-03-12,2025-03-12 10:01:00,ADJUST_OPEN,ce,SELL,178.2,177.2,75,10.0,13.290000000000001,4.655487,0.06645000000000001,0.01329,0.0,2.65234086,30.67756786,1.0
2025-03-12,2025-03-12 11:41:00,ADJUST_CLOSE,ce,BUY,101.2,102.2,75,10.0,0.0,2.6850495,0.038325000000000005,0.007665,0.22995000000000002,2.29158711,15.25257661,1.0
2025-03-12,2025-03-12 11:41:00,ADJUST_OPEN,ce,SELL,216.65,215.65,75,10.0,16.173750000000002,5.665664625,0.08086875,0.01617375,0.0,2.8372872825,34.773744407500004,1.0
2025-03-12,2025-03-12 14:17:00,ADJUST_CLOSE,pe,BUY,152.3,153.3,75,10.0,0.0,4.02757425,0.057487500000000004,0.011497499999999999,0.344925,2.537380665,16.978864915000003,1.0
2025-03-12,2025-03-12 14:17:00,ADJUST_OPEN,pe,SELL,330.0,329.0,75,10.0,24.675,8.6436525,0.12337500000000001,0.024675,0.0,3.3825064499999997,46.849208950000005,1.0
2025-03-12,2025-03-12 15:15:00,TIME_EXIT,ce,BUY,340.2,341.2,75,10.0,0.0,8.964177,0.12795,0.025589999999999998,0.7677,3.4411890599999997,23.32660606,1.0
2025-03-12,2025-03-12 15:15:00,TIME_EXIT,pe,BUY,312.65,313.65,75,10.0,0.0,8.240369625,0.11761875000000001,0.02352375,0.7057125,3.308672182499999,22.395896807499998,1.0
2025-03-13,2025-03-13 09:30:00,ENTRY,ce,SELL,25.0,24.0,75,10.0,1.8,0.63054,0.009000000000000001,0.0018,0.0,1.9154411999999998,14.3567812,1.0
2025-03-13,2025-03-13 09:30:00,ENTRY,pe,SELL,151.05,150.05,75,10.0,11.25375,3.942188625,0.056268750000000006,0.01125375,0.0,2.5217480025,27.785209127500003,1.0
2025-03-13,2025-03-13 09:32:00,ADJUST_CLOSE,ce,BUY,25.05,26.05,75,10.0,0.0,0.684398625,0.009768750000000001,0.0019537499999999998,0.058612500000000005,1.9253018025,12.6800354275,1.0
2025-03-13,2025-03-13 09:32:00,ADJUST_OPEN,ce,SELL,171.15,170.15,75,10.0,12.76125,4.470265875,0.06380625000000001,0.01276125,0.0,2.6184300074999998,29.926513382499998,1.0
2025-03-13,2025-03-13 10:03:00,ADJUST_CLOSE,pe,BUY,114.4,115.4,75,10.0,0.0,3.0318465,0.043275,0.008655,0.25965,2.3550797699999997,15.69850627,1.0
2025-03-13,2025-03-13 10:03:00,ADJUST_OPEN,pe,SELL,251.4,250.4,75,10.0,18.78,6.578634,0.09390000000000001,0.018779999999999998,0.0,3.00443652,38.47575052,1.0
2025-03-13,2025-03-13 11:38:00,ADJUST_CLOSE,ce,BUY,145.25,146.25,75,10.0,0.0,3.8423531250000003,0.054843750000000004,0.01096875,0.32906250000000004,2.5034698125,16.740697937500002,1.0
2025-03-13,2025-03-13 11:38:00,ADJUST_OPEN,ce,SELL,338.55,337.55,75,10.0,25.31625,8.868282375,0.12658125,0.02531625,0.0,3.4236323774999997,47.7600622525,1.0
2025-03-13,2025-03-13 15:15:00,TIME_EXIT,ce,BUY,296.55,297.55,75,10.0,0.0,7.817382375,0.11158125,0.02231625,0.6694875,3.2312303775,21.8519977525,1.0
2025-03-13,2025-03-13 15:15:00,TIME_EXIT,pe,BUY,354.95,355.95,75,10.0,0.0,9.351696375,0.13348125000000002,0.026696249999999998,0.8008875,3.5121372975,23.8248986725,1.0
2025-03-17,2025-03-17 09:30:00,ENTRY,ce,SELL,129.69,128.69,75,10.0,9.65175,3.381008025,0.04825875,0.009651749999999999,0.0,2.4190053345,25.509673859499998,1.0
2025-03-17,2025-03-17 09:30:00,ENTRY,pe,SELL,160.85,159.85,75,10.0,11.98875,4.199659125,0.059943750000000004,0.01198875,0.0,2.5688864925,28.829228117499998,1.0
2025-03-17,2025-03-17 10:28:00,ADJUST_CLOSE,ce,BUY,93.1,94.1,75,10.0,0.0,2.47224225,0.0352875,0.0070574999999999995,0.211725,2.2526257050000003,14.978937955000001,1.0
2025-03-17,2025-03-17 10:28:00,ADJUST_OPEN,ce,SELL,177.3,176.3,75,10.0,13.2225,4.63184175,0.0661125,0.0132225,0.0,2.6480118149999994,30.581688565,1.0
2025-03-17,2025-03-17 15:15:00,TIME_EXIT,ce,BUY,193.6,194.6,75,10.0,0.0,5.1126285000000005,0.07297500000000001,0.014594999999999999,0.43785,2.7360357299999998,18.374084229999998,1.0
2025-03-17,2025-03-17 15:15:00,TIME_EXIT,pe,BUY,174.15,175.15,75,10.0,0.0,4.601628375,0.06568125000000001,0.013136249999999999,0.39408750000000003,2.6424802575000004,17.717013632500002,1.0
2025-03-18,2025-03-18 09:30:00,ENTRY,ce,SELL,102.25,101.25,75,10.0,7.59375,2.660090625,0.03796875,0.00759375,0.0,2.2870175625,22.586420687500002,1.0
2025-03-18,2025-03-18 09:30:00,ENTRY,pe,SELL,176.15,175.15,75,10.0,13.13625,4.601628375,0.06568125000000001,0.013136249999999999,0.0,2.6424802575000004,30.4591761325,1.0
2025-03-18,2025-03-18 15:14:00,ADJUST_CLOSE,pe,BUY,98.9,99.9,75,10.0,0.0,2.62462275,0.0374625,0.0074925,0.224775,2.280523995,15.174876744999999,1.0
2025-03-18,2025-03-18 15:14:00,ADJUST_OPEN,pe,SELL,194.75,193.75,75,10.0,14.53125,5.090296875,0.07265625,0.014531249999999999,0.0,2.7319471875,32.440681562500004,1.0
2025-03-18,2025-03-18 15:15:00,TIME_EXIT,ce,BUY,200.5,201.5,75,10.0,0.0,5.29390875,0.0755625,0.0151125,0.45337500000000003,2.769225075,18.607183825,1.0
2025-03-18,2025-03-18 15:15:00,TIME_EXIT,pe,BUY,194.35,195.35,75,10.0,0.0,5.132332875,0.07325625000000001,0.01465125,0.4395375,2.7396432675,18.3994211425,1.0
2025-03-19,2025-03-19 09:30:00,ENTRY,ce,SELL,96.25,95.25,75,10.0,7.14375,2.502455625,0.03571875,0.00714375,0.0,2.2581572624999997,21.9472253875,1.0
2025-03-19,2025-03-19 09:30:00,ENTRY,pe,SELL,146.5,145.5,75,10.0,10.9125,3.82264875,0.05456250000000001,0.0109125,0.0,2.4998622749999995,27.300486024999998,1.0
2025-03-19,2025-03-19 09:36:00,ADJUST_CLOSE,ce,BUY,78.09,79.09,75,10.0,0.0,2.077892025,0.02965875,0.0059317499999999995,0.1779525,2.1804268545,14.4718618795,1.0
2025-03-19,2025-03-19 09:36:00,ADJUST_OPEN,ce,SELL,174.15,173.15,75,10.0,12.98625,4.549083375,0.06493125000000001,0.01298625,0.0,2.6328601575,30.246111032500004,1.0
2025-03-19,2025-03-19 10:19:00,ADJUST_CLOSE,pe,BUY,121.0,122.0,75,10.0,0.0,3.205245,0.045750000000000006,0.00915,0.2745,2.3868261,15.9214711,1.0
2025-03-19,2025-03-19 10:19:00,ADJUST_OPEN,pe,SELL,238.95,237.95,75,10.0,17.84625,6.251541375,0.08923125000000001,0.017846249999999998,0.0,2.9445513975000006,37.149420272499995,1.0
2025-03-19,2025-03-19 15:15:00,TIME_EXIT,ce,BUY,257.45,258.45,75,10.0,0.0,6.790127625,0.09691875000000001,0.019383749999999998,0.5815125,3.0431574224999998,20.531100047499997,1.0
2025-03-19,2025-03-19 15:15:00,TIME_EXIT,pe,BUY,228.65,229.65,75,10.0,0.0,6.033479625,0.08611875000000001,0.01722375,0.5167125,2.9046279824999996,19.558162607499998,1.0
2025-03-20,2025-03-20 09:30:00,ENTRY,ce,SELL,67.25,66.25,75,10.0,4.96875,1.740553125,0.02484375,0.00496875,0.0,2.1186658124999997,18.857781437499995,1.0
2025-03-20,2025-03-20 09:30:00,ENTRY,pe,SELL,129.65,128.65,75,10.0,9.64875,3.3799571250000002,0.04824375,0.00964875,0.0,2.4188129325,25.5054125575,1.0
2025-03-20,2025-03-20 09:32:00,ADJUST_CLOSE,ce,BUY,64.2,65.2,75,10.0,0.0,1.7129670000000001,0.024450000000000003,0.004889999999999999,0.1467,2.11361526,14.002622259999999,1.0
2025-03-20,2025-03-20 09:32:00,ADJUST_OPEN,ce,SELL,140.25,139.25,75,10.0,10.44375,3.658445625,0.05221875,0.01044375,0.0,2.4697994625,26.6346575875,1.0
2025-03-20,2025-03-20 10:12:00,ADJUST_CLOSE,ce,BUY,77.75,78.75,75,10.0,0.0,2.068959375,0.029531250000000002,0.00590625,0.1771875,2.1787914375,14.4603758125,1.0
2025-03-20,2025-03-20 10:12:00,ADJUST_OPEN,ce,SELL,154.55,153.55,75,10.0,11.51625,4.034142375,0.05758125000000001,0.011516249999999999,0.0,2.5385831775,28.1580730525,1.0
2025-03-20,2025-03-20 12:39:00,ADJUST_CLOSE,pe,BUY,114.4,115.4,75,10.0,0.0,3.0318465,0.043275,0.008655,0.25965,2.3550797699999997,15.69850627,1.0
2025-03-20,2025-03-20 12:39:00,ADJUST_OPEN,pe,SELL,245.6,244.6,75,10.0,18.345,6.4262535000000005,0.091725,0.018345,0.0,2.97653823,37.857861729999996,1.0
2025-03-20,2025-03-20 14:08:00,ADJUST_CLOSE,pe,BUY,177.1,178.1,75,10.0,0.0,4.67913225,0.0667875,0.0133575,0.400725,2.6566699049999998,17.816672155,1.0
2025-03-20,2025-03-20 14:08:00,ADJUST_OPEN,pe,SELL,354.9,353.9,75,10.0,26.5425,9.29783775,0.1327125,0.0265425,0.0,3.502276695,49.501869445,1.0
2025-03-20,2025-03-20 15:15:00,TIME_EXIT,ce,BUY,340.7,341.7,75,10.0,0.0,8.97731325,0.12813750000000002,0.025627499999999998,0.768825,3.443594085,23.343497335000002,1.0
2025-03-20,2025-03-20 15:15:00,TIME_EXIT,pe,BUY,377.7,378.7,75,10.0,0.0,9.94939575,0.1420125,0.028402499999999997,0.852075,3.6215659349999996,24.593451684999998,1.0
2025-03-21,2025-03-21 09:30:00,ENTRY,ce,SELL,109.45,108.45,75,10.0,8.133750000000001,2.849252625,0.040668750000000004,0.00813375,0.0,2.3216499225000002,23.353455047499995,1.0
2025-03-21,2025-03-21 09:30:00,ENTRY,pe,SELL,187.25,186.25,75,10.0,13.96875,4.893253125,0.06984375000000001,0.013968749999999999,0.0,2.6958718125,31.641687437500003,1.0
2025-03-21,2025-03-21 12:22:00,ADJUST_CLOSE,pe,BUY,116.4,117.4,75,10.0,0.0,3.0843915,0.044025,0.008805,0.26415,2.36469987,15.766071370000002,1.0
2025-03-21,2025-03-21 12:22:00,ADJUST_OPEN,pe,SELL,239.25,238.25,75,10.0,17.868750000000002,6.259423125,0.08934375000000001,0.01786875,0.0,2.9459944125,37.1813800375,1.0
2025-03-21,2025-03-21 15:15:00,TIME_EXIT,ce,BUY,204.0,205.0,75,10.0,0.0,5.3858625,0.07687500000000001,0.015375,0.46125,2.78606025,18.72542275,1.0
2025-03-21,2025-03-21 15:15:00,TIME_EXIT,pe,BUY,252.2,253.2,75,10.0,0.0,6.652197,0.09495,0.01899,0.5697,3.01790466,20.35374166,1.0
2025-03-24,2025-03-24 09:30:00,ENTRY,ce,SELL,152.94,151.94,75,10.0,11.3955,3.99184365,0.05697750000000001,0.0113955,0.0,2.530838997,27.986555646999996,1.0
2025-03-24,2025-03-24 09:30:00,ENTRY,pe,SELL,151.0,150.0,75,10.0,11.25,3.940875,0.05625,0.01125,0.0,2.5215075000000002,27.7798825,1.0
2025-03-24,2025-03-24 10:54:00,ADJUST_CLOSE,pe,BUY,124.0,125.0,75,10.0,0.0,3.2840625,0.04687500000000001,0.009375,0.28125,2.4012562500000003,16.022818750000003,1.0
2025-03-24,2025-03-24 10:54:00,ADJUST_OPEN,pe,SELL,252.9,251.9,75,10.0,18.892500000000002,6.61804275,0.0944625,0.0188925,0.0,3.0116515949999996,38.635549344999994,1.0
2025-03-24,2025-03-24 15:15:00,TIME_EXIT,ce,BUY,287.64,288.64,75,10.0,0.0,7.5832944,0.10824,0.021648,0.64944,3.1883728319999993,21.550995231999995,1.0
2025-03-24,2025-03-24 15:15:00,TIME_EXIT,pe,BUY,213.05,214.05,75,10.0,0.0,5.623628625,0.08026875,0.01605375,0.4816125,2.8295912024999996,19.031154827499996,1.0
2025-03-25,2025-03-25 09:30:00,ENTRY,ce,SELL,138.3,137.3,75,10.0,10.2975,3.60721425,0.051487500000000005,0.0102975,0.0,2.460419865,26.426919114999997,1.0
2025-03-25,2025-03-25 09:30:00,ENTRY,pe,SELL,199.0,198.0,75,10.0,14.85,5.201955,0.07425000000000001,0.014849999999999999,0.0,2.7523898999999994,32.8934449,1.0
2025-03-25,2025-03-25 10:58:00,ADJUST_CLOSE,ce,BUY,102.5,103.5,75,10.0,0.0,2.71920375,0.0388125,0.0077624999999999994,0.232875,2.297840175,15.296493925,1.0
2025-03-25,2025-03-25 10:58:00,ADJUST_OPEN,ce,SELL,212.15,211.15,75,10.0,15.83625,5.5474383750000005,0.07918125000000001,0.01583625,0.0,2.8156420575,34.2943479325,1.0
2025-03-25,2025-03-25 15:15:00,TIME_EXIT,ce,BUY,214.2,215.2,75,10.0,0.0,5.653842,0.08070000000000001,0.016139999999999998,0.4842,2.83512276,19.070004760000003,1.0
2025-03-25,2025-03-25 15:15:00,TIME_EXIT,pe,BUY,181.95,182.95,75,10.0,0.0,4.806553875,0.06860625000000001,0.013721249999999999,0.4116375,2.6799986474999997,17.980517522499998,1.0
2025-03-26,2025-03-26 09:30:00,ENTRY,ce,SELL,104.0,103.0,75,10.0,7.7250000000000005,2.7060675,0.03862500000000001,0.007724999999999999,0.0,2.29543515,22.77285265,1.0
2025-03-26,2025-03-26 09:30:00,ENTRY,pe,SELL,166.3,165.3,75,10.0,12.3975,4.34284425,0.06198750000000001,0.012397499999999999,0.0,2.595101265,29.409830515,1.0
2025-03-26,2025-03-26 09:36:00,ADJUST_CLOSE,ce,BUY,84.45,85.45,75,10.0,0.0,2.244985125,0.03204375,0.0064087499999999995,0.1922625,2.2110187724999997,14.686718897499999,1.0
2025-03-26,2025-03-26 09:36:00,ADJUST_OPEN,ce,SELL,174.35,173.35,75,10.0,13.00125,4.554337875,0.06500625,0.013001249999999999,0.0,2.6338221675,30.2674175425,1.0
2025-03-26,2025-03-26 13:19:00,ADJUST_CLOSE,ce,BUY,102.4,103.4,75,10.0,0.0,2.7165765,0.038775000000000004,0.007755,0.23265,2.2973591699999996,15.293115669999999,1.0
2025-03-26,2025-03-26 13:19:00,ADJUST_OPEN,ce,SELL,202.65,201.65,75,10.0,15.123750000000001,5.2978496250000005,0.07561875000000001,0.01512375,0.0,2.7699465825000003,33.2822887075,1.0
2025-03-26,2025-03-26 15:15:00,TIME_EXIT,ce,BUY,170.8,171.8,75,10.0,0.0,4.5136155,0.06442500000000001,0.012884999999999999,0.38655,2.62636659,17.60384209,1.0
2025-03-26,2025-03-26 15:15:00,TIME_EXIT,pe,BUY,230.6,231.6,75,10.0,0.0,6.084711,0.08685000000000001,0.01737,0.5211,2.9140075799999994,19.624038579999997,1.0
2025-03-27,2025-03-27 09:30:00,ENTRY,ce,SELL,66.8,65.8,75,10.0,4.9350000000000005,1.7287305,0.024675000000000002,0.004935,0.0,2.11650129,18.809841789999997,1.0
2025-03-27,2025-03-27 09:30:00,ENTRY,pe,SELL,146.44,145.44,75,10.0,10.908,3.8210724000000003,0.054540000000000005,0.010908,0.0,2.499573672,27.294094072,1.0
2025-03-27,2025-03-27 09:33:00,ADJUST_CLOSE,ce,BUY,64.95,65.95,75,10.0,0.0,1.732671375,0.024731250000000003,0.00494625,0.1483875,2.1172227975,14.027959172500001,1.0
2025-03-27,2025-03-27 09:33:00,ADJUST_OPEN,ce,SELL,141.35,140.35,75,10.0,10.526250000000001,3.687345375,0.052631250000000004,0.01052625,0.0,2.4750905174999995,26.751843392500003,1.0
2025-03-27,2025-03-27 15:15:00,TIME_EXIT,ce,BUY,142.5,143.5,75,10.0,0.0,3.77010375,0.053812500000000006,0.0107625,0.322875,2.490242175,16.647795925,1.0
2025-03-27,2025-03-27 15:15:00,TIME_EXIT,pe,BUY,110.0,111.0,75,10.0,0.0,2.9162475,0.041625,0.008324999999999999,0.24975,2.33391555,15.54986305,1.0
2025-03-28,2025-03-28 09:30:00,ENTRY,ce,SELL,179.3,178.3,75,10.0,13.3725,4.68438675,0.0668625,0.013372499999999999,0.0,2.6576319149999996,30.794753665,1.0
2025-03-28,2025-03-28 09:30:00,ENTRY,pe,SELL,181.65,180.65,75,10.0,13.54875,4.746127125,0.06774375,0.01354875,0.0,2.6689355325,31.045105157500004,1.0
2025-03-28,2025-03-28 13:49:00,ADJUST_CLOSE,ce,BUY,93.3,94.3,75,10.0,0.0,2.4774967500000002,0.035362500000000005,0.0070725,0.212175,2.2535877149999997,14.985694465,1.0
2025-03-28,2025-03-28 13:49:00,ADJUST_OPEN,ce,SELL,204.0,203.0,75,10.0,15.225,5.3333175,0.07612500000000001,0.015224999999999999,0.0,2.7764401499999996,33.426107650000006,1.0
2025-03-28,2025-03-28 15:15:00,TIME_EXIT,ce,BUY,260.45,261.45,75,10.0,0.0,6.868945125,0.09804375000000001,0.019608749999999998,0.5882625,3.0575875724999997,20.632447697499998,1.0
2025-03-28,2025-03-28 15:15:00,TIME_EXIT,pe,BUY,174.2,175.2,75,10.0,0.0,4.602942,0.06570000000000001,0.013139999999999999,0.3942,2.6427207599999996,17.71870276,1.0
2025-04-01,2025-04-01 09:30:00,ENTRY,ce,SELL,97.3,96.3,75,10.0,7.2225,2.53004175,0.036112500000000006,0.0072225,0.0,2.263207815,22.059084565000003,1.0
2025-04-01,2025-04-01 09:30:00,ENTRY,pe,SELL,181.65,180.65,75,10.0,13.54875,4.746127125,0.06774375,0.01354875,0.0,2.6689355325,31.045105157500004,1.0
2025-04-01,2025-04-01 10:14:00,ADJUST_CLOSE,ce,BUY,85.0,86.0,75,10.0,0.0,2.259435,0.03225,0.00645,0.1935,2.2136642999999996,14.705299299999998,1.0
2025-04-01,2025-04-01 10:14:00,ADJUST_OPEN,ce,SELL,176.35,175.35,75,10.0,13.151250000000001,4.606882875,0.06575625,0.01315125,0.0,2.6434422674999998,30.4804826425,1.0
2025-04-01,2025-04-01 10:27:00,ADJUST_CLOSE,ce,BUY,116.25,117.25,75,10.0,0.0,3.080450625,0.04396875,0.00879375,0.2638125,2.3639783625,15.7610039875,1.0
2025-04-01,2025-04-01 10:27:00,ADJUST_OPEN,ce,SELL,255.0,254.0,75,10.0,19.05,6.673215,0.09525,0.019049999999999997,0.0,3.0217526999999995,38.859267700000004,1.0
2025-04-01,2025-04-01 11:37:00,ADJUST_CLOSE,ce,BUY,155.6,156.6,75,10.0,0.0,4.1142735,0.058725000000000006,0.011745,0.35235,2.55325383,17.09034733,1.0
2025-04-01,2025-04-01 11:37:00,ADJUST_OPEN,ce,SELL,307.89,306.89,75,10.0,23.016750000000002,8.062767525,0.11508375000000001,0.02301675,0.0,3.2761562444999996,44.493774269499994,1.0
2025-04-01,2025-04-01 15:15:00,TIME_EXIT,ce,BUY,293.7,294.7,75,10.0,0.0,7.74250575,0.11051250000000001,0.0221025,0.663075,3.217521734999999,21.755717484999995,1.0
2025-04-01,2025-04-01 15:15:00,TIME_EXIT,pe,BUY,333.9,334.9,75,10.0,0.0,8.79866025,0.12558750000000002,0.025117499999999997,0.753525,3.410885745,23.113775994999997,1.0
2025-04-02,2025-04-02 09:30:00,ENTRY,ce,SELL,79.55,78.55,75,10.0,5.89125,2.063704875,0.029456250000000003,0.00589125,0.0,2.1778294275,20.1681318025,1.0
2025-04-02,2025-04-02 09:30:00,ENTRY,pe,SELL,186.95,185.95,75,10.0,13.946250000000001,4.885371375,0.06973125000000001,0.013946249999999999,0.0,2.6944287975,31.609727672499996,1.0
2025-04-02,2025-04-02 09:37:00,ADJUST_CLOSE,ce,BUY,84.8,85.8,75,10.0,0.0,2.2541805,0.032175,0.006435,0.19305,2.21270229,14.698542790000001,1.0
2025-04-02,2025-04-02 09:37:00,ADJUST_OPEN,ce,SELL,180.8,179.8,75,10.0,13.485,4.7237955000000005,0.067425,0.013484999999999999,0.0,2.66484699,30.95455249,1.0
2025-04-02,2025-04-02 15:15:00,TIME_EXIT,ce,BUY,191.1,192.1,75,10.0,0.0,5.04694725,0.0720375,0.0144075,0.432225,2.7240106049999997,18.289627855,1.0
2025-04-02,2025-04-02 15:15:00,TIME_EXIT,pe,BUY,151.0,152.0,75,10.0,0.0,3.99342,0.057,0.011399999999999999,0.342,2.5311276,16.9349476,1.0
2025-04-03,2025-04-03 09:30:00,ENTRY,ce,SELL,42.1,41.1,75,10.0,3.0825,1.07979975,0.0154125,0.0030824999999999997,0.0,1.9976930549999998,16.178487805,1.0
2025-04-03,2025-04-03 09:30:00,ENTRY,pe,SELL,164.55,163.55,75,10.0,12.26625,4.296867375,0.061331250000000004,0.01226625,0.0,2.5866836775,29.223398552499994,1.0
2025-04-03,2025-04-03 09:32:00,ADJUST_CLOSE,ce,BUY,39.45,40.45,75,10.0,0.0,1.062722625,0.015168750000000002,0.00303375,0.0910125,1.9945665225,13.1665041475,1.0
2025-04-03,2025-04-03 09:32:00,ADJUST_OPEN,ce,SELL,153.65,152.65,75,10.0,11.44875,4.010497125,0.05724375,0.011448749999999999,0.0,2.5342541324999996,28.0621937575,1.0
2025-04-03,2025-04-03 15:15:00,TIME_EXIT,ce,BUY,153.0,154.0,75,10.0,0.0,4.045965,0.05775,0.01155,0.34650000000000003,2.5407477,17.0025127,1.0
2025-04-03,2025-04-03 15:15:00,TIME_EXIT,pe,BUY,153.6,154.6,75,10.0,0.0,4.0617285,0.057975000000000006,0.011595,0.34785,2.5436337300000003,17.02278223,1.0
2025-04-04,2025-04-04 09:30:00,ENTRY,ce,SELL,132.9,131.9,75,10.0,9.8925,3.46534275,0.049462500000000006,0.0098925,0.0,2.4344455949999997,25.851643345,1.0
2025-04-04,2025-04-04 09:30:00,ENTRY,pe,SELL,225.85,224.85,75,10.0,16.86375,5.907371625,0.08431875000000001,0.01686375,0.0,2.8815397425,35.7538438675,1.0
2025-04-04,2025-04-04 09:51:00,ADJUST_CLOSE,ce,BUY,110.2,111.2,75,10.0,0.0,2.921502,0.0417,0.00834,0.25020000000000003,2.3348775600000002,15.556619560000001,1.0
2025-04-04,2025-04-04 09:51:00,ADJUST_OPEN,ce,SELL,254.6,253.6,75,10.0,19.02,6.662706,0.0951,0.01902,0.0,3.01982868,38.81665468,1.0
2025-04-04,2025-04-04 13:45:00,ADJUST_CLOSE,ce,BUY,141.25,142.25,75,10.0,0.0,3.737263125,0.05334375,0.01066875,0.3200625,2.4842296125,16.605567737500003,1.0
2025-04-04,2025-04-04 13:45:00,ADJUST_OPEN,ce,SELL,317.25,316.25,75,10.0,23.71875,8.308678125,0.11859375000000001,0.02371875,0.0,3.3211783125,45.490918937500005,1.0
2025-04-04,2025-04-04 15:15:00,TIME_EXIT,ce,BUY,319.55,320.55,75,10.0,0.0,8.421649875,0.12020625000000001,0.02404125,0.7212375,3.3418615274999994,22.6289964025,1.0
2025-04-04,2025-04-04 15:15:00,TIME_EXIT,pe,BUY,303.45,304.45,75,10.0,0.0,7.998662625,0.11416875000000001,0.02283375,0.6850125,3.2644197225000005,22.085097347500003,1.0
2025-04-07,2025-04-07 09:30:00,ENTRY,ce,SELL,243.15,242.15,75,10.0,18.16125,6.3618858750000005,0.09080625,0.01816125,0.0,2.9647536074999996,37.5968569825,1.0
2025-04-07,2025-04-07 09:30:00,ENTRY,pe,SELL,378.0,377.0,75,10.0,28.275000000000002,9.9047325,0.141375,0.028274999999999998,0.0,3.61338885,51.962771350000004,1.0
2025-04-07,2025-04-07 09:59:00,ADJUST_CLOSE,ce,BUY,193.75,194.75,75,10.0,0.0,5.116569375,0.07303125,0.01460625,0.4381875,2.7367572375,18.3791516125,1.0
2025-04-07,2025-04-07 09:59:00,ADJUST_OPEN,ce,SELL,448.4,447.4,75,10.0,33.555,11.7543165,0.167775,0.033555,0.0,3.95201637,59.46266287,1.0
2025-04-07,2025-04-07 12:35:00,STOP_EXIT,ce,BUY,383.45,384.45,75,10.0,0.0,10.100462625,0.14416875,0.02883375,0.8650125000000001,3.6492237224999995,24.787701347499997,1.0
2025-04-07,2025-04-07 12:35:00,STOP_EXIT,pe,BUY,595.7,596.7,75,10.0,0.0,15.67680075,0.22376250000000003,0.0447525,1.342575,4.670156834999999,31.958047585,1.0
2025-04-08,2025-04-08 09:30:00,ENTRY,ce,SELL,189.5,188.5,75,10.0,14.137500000000001,4.95236625,0.0706875,0.014137499999999999,0.0,2.7066944250000002,31.881385675000004,1.0
2025-04-08,2025-04-08 09:30:00,ENTRY,pe,SELL,269.35,268.35,75,10.0,20.12625,7.050225375,0.10063125,0.02012625,0.0,3.0907769175,40.38800979249999,1.0
2025-04-08,2025-04-08 09:39:00,ADJUST_CLOSE,ce,BUY,147.9,148.9,75,10.0,0.0,3.9119752500000002,0.055837500000000005,0.0111675,0.335025,2.5162164450000004,16.830221695000002,1.0
2025-04-08,2025-04-08 09:39:00,ADJUST_OPEN,ce,SELL,285.14,284.14,75,10.0,21.3105,7.4650681500000005,0.10655250000000001,0.0213105,0.0,3.1667276069999994,42.070158756999994,1.0
2025-04-08,2025-04-08 10:38:00,ADJUST_CLOSE,ce,BUY,191.9,192.9,75,10.0,0.0,5.06796525,0.0723375,0.0144675,0.434025,2.727858645,18.316653895,1.0
2025-04-08,2025-04-08 10:38:00,ADJUST_OPEN,ce,SELL,412.0,411.0,75,10.0,30.825,10.7979975,0.154125,0.030824999999999998,0.0,3.7769305500000003,55.58487805000001,1.0
2025-04-08,2025-04-08 12:11:00,ADJUST_CLOSE,pe,BUY,301.8,302.8,75,10.0,0.0,7.955313,0.11355000000000001,0.022709999999999998,0.6813,3.25648314,22.02935614,1.0
2025-04-08,2025-04-08 12:11:00,ADJUST_OPEN,pe,SELL,627.04,626.04,75,10.0,46.953,16.4476359,0.23476500000000003,0.046952999999999995,0.0,4.811283702,78.49363760199999,1.0
2025-04-08,2025-04-08 12:14:00,STOP_EXIT,ce,BUY,614.25,615.25,75,10.0,0.0,16.164155625,0.23071875000000003,0.04614375,1.3843125,4.7593832625,32.5847138875,1.0
2025-04-08,2025-04-08 12:14:00,STOP_EXIT,pe,BUY,620.79,621.79,75,10.0,0.0,16.335977775,0.23317125000000002,0.046634249999999995,1.3990275,4.7908409895,32.8056517645,1.0
2025-04-09,2025-04-09 09:30:00,ENTRY,ce,SELL,79.2,78.2,75,10.0,5.865,2.0545095,0.029325000000000004,0.0058649999999999996,0.0,2.17614591,20.13084541,1.0
2025-04-09,2025-04-09 09:30:00,ENTRY,pe,SELL,309.75,308.75,75,10.0,23.15625,8.111634375,0.11578125000000002,0.02315625,0.0,3.2851029375,44.6919248125,1.0
2025-04-09,2025-04-09 09:32:00,ADJUST_CLOSE,ce,BUY,78.65,79.65,75,10.0,0.0,2.092604625,0.029868750000000003,0.00597375,0.1792125,2.1831204825,14.490780107500001,1.0
2025-04-09,2025-04-09 09:32:00,ADJUST_OPEN,ce,SELL,298.75,297.75,75,10.0,22.33125,7.822636875,0.11165625000000001,0.02233125,0.0,3.2321923875,43.5200667625,1.0
2025-04-09,2025-04-09 15:15:00,TIME_EXIT,ce,BUY,299.75,300.75,75,10.0,0.0,7.901454375,0.11278125000000001,0.02255625,0.6766875,3.2466225375000004,21.9601019125,1.0
2025-04-09,2025-04-09 15:15:00,TIME_EXIT,pe,BUY,284.45,285.45,75,10.0,0.0,7.499485125,0.10704375000000001,0.02140875,0.6422625000000001,3.1730287724999995,21.4432288975,1.0
2025-04-11,2025-04-11 09:30:00,ENTRY,ce,SELL,238.8,237.8,75,10.0,17.835,6.2476005,0.089175,0.017835,0.0,2.9438298900000004,37.13344039,1.0
2025-04-11,2025-04-11 09:30:00,ENTRY,pe,SELL,313.64,312.64,75,10.0,23.448,8.2138344,0.11724000000000001,0.023448,0.0,3.303814031999999,45.106336432000006,1.0
2025-04-11,2025-04-11 15:15:00,TIME_EXIT,ce,BUY,283.25,284.25,75,10.0,0.0,7.467958125,0.10659375000000001,0.021318749999999997,0.6395625,3.167256712499999,21.402689837499995,1.0
2025-04-11,2025-04-11 15:15:00,TIME_EXIT,pe,BUY,294.64,295.64,75,10.0,0.0,7.7672019,0.110865,0.022173,0.6651900000000001,3.2220431819999997,21.787473081999998,1.0
2025-04-15,2025-04-15 09:30:00,ENTRY,ce,SELL,171.95,170.95,75,10.0,12.821250000000001,4.491283875,0.06410625,0.01282125,0.0,2.6222780475,30.011739422499996,1.0
2025-04-15,2025-04-15 09:30:00,ENTRY,pe,SELL,191.25,190.25,75,10.0,14.26875,4.998343125,0.07134375000000001,0.01426875,0.0,2.7151120124999997,32.0678176375,1.0
2025-04-15,2025-04-15 15:15:00,TIME_EXIT,ce,BUY,115.55,116.55,75,10.0,0.0,3.062059875,0.04370625,0.008741249999999999,0.2622375,2.3606113274999996,15.737356202499997,1.0
2025-04-15,2025-04-15 15:15:00,TIME_EXIT,pe,BUY,185.45,186.45,75,10.0,0.0,4.898507625,0.06991875,0.01398375,0.4195125,2.6968338225,18.098756447499998,1.0
2025-04-16,2025-04-16 09:30:00,ENTRY,ce,SELL,47.2,46.2,75,10.0,3.465,1.2137895,0.017325,0.0034649999999999998,0.0,2.02222431,16.72180381,1.0
2025-04-16,2025-04-16 09:30:00,ENTRY,pe,SELL,188.8,187.8,75,10.0,14.085,4.9339755,0.070425,0.014084999999999999,0.0,2.7033273899999997,31.80681289,1.0
2025-04-16,2025-04-16 09:32:00,ADJUST_CLOSE,ce,BUY,47.45,48.45,75,10.0,0.0,1.272902625,0.01816875,0.00363375,0.1090125,2.0330469225,13.436764547500001,1.0
2025-04-16,2025-04-16 09:32:00,ADJUST_OPEN,ce,SELL,179.7,178.7,75,10.0,13.4025,4.69489575,0.0670125,0.0134025,0.0,2.659555935,30.837366685000003,1.0
2025-04-16,2025-04-16 15:15:00,TIME_EXIT,ce,BUY,238.6,239.6,75,10.0,0.0,6.294891,0.08985000000000001,0.01797,0.5391,2.9524879799999995,19.89429898,1.0
2025-04-16,2025-04-16 15:15:00,TIME_EXIT,pe,BUY,176.0,177.0,75,10.0,0.0,4.6502325,0.066375,0.013274999999999999,0.39825,2.6513788500000004,17.779511350000003,1.0
2025-04-17,2025-04-17 09:30:00,ENTRY,ce,SELL,42.5,41.5,75,10.0,3.1125000000000003,1.09030875,0.015562500000000002,0.0031125,0.0,1.999617075,16.221100825,1.0
2025-04-17,2025-04-17 09:30:00,ENTRY,pe,SELL,178.8,177.8,75,10.0,13.335,4.6712505,0.06667500000000001,0.013335,0.0,2.65522689,30.741487390000003,1.0
2025-04-17,2025-04-17 09:32:00,ADJUST_CLOSE,ce,BUY,53.05,54.05,75,10.0,0.0,1.420028625,0.020268750000000002,0.00405375,0.1216125,2.0599832025,13.6259468275,1.0
2025-04-17,2025-04-17 09:32:00,ADJUST_OPEN,ce,SELL,167.85,166.85,75,10.0,12.51375,4.383566625,0.06256875,0.012513749999999999,0.0,2.6025568425,29.574955967500003,1.0
2025-04-17,2025-04-17 10:49:00,ADJUST_CLOSE,pe,BUY,138.15,139.15,75,10.0,0.0,3.655818375,0.052181250000000005,0.01043625,0.3130875,2.4693184574999996,16.500841832499997,1.0
2025-04-17,2025-04-17 10:49:00,ADJUST_OPEN,pe,SELL,279.0,278.0,75,10.0,20.85,7.303755,0.10425000000000001,0.02085,0.0,3.1371938999999998,41.41604890000001,1.0
2025-04-17,2025-04-17 11:17:00,STOP_EXIT,ce,BUY,320.1,321.1,75,10.0,0.0,8.43609975,0.1204125,0.0240825,0.722475,3.344507055,22.647576805,1.0
2025-04-17,2025-04-17 11:17:00,STOP_EXIT,pe,BUY,264.8,265.8,75,10.0,0.0,6.9832305,0.09967500000000001,0.019934999999999998,0.59805,3.0785112900000002,20.779401790000005,1.0
2025-04-21,2025-04-21 09:30:00,ENTRY,ce,SELL,136.3,135.3,75,10.0,10.1475,3.55466925,0.050737500000000005,0.0101475,0.0,2.450799765,26.213854015,1.0
2025-04-21,2025-04-21 09:30:00,ENTRY,pe,SELL,268.55,267.55,75,10.0,20.06625,7.029207375,0.10033125000000001,0.02006625,0.0,3.0869288774999997,40.302783752500005,1.0
2025-04-21,2025-04-21 15:15:00,TIME_EXIT,ce,BUY,200.05,201.05,75,10.0,0.0,5.282086125,0.07539375000000001,0.01507875,0.4523625,2.7670605525,18.591981677499998,1.0
2025-04-21,2025-04-21 15:15:00,TIME_EXIT,pe,BUY,161.1,162.1,75,10.0,0.0,4.25877225,0.06078750000000001,0.0121575,0.364725,2.579709105,17.276151355,1.0
2025-04-22,2025-04-22 09:30:00,ENTRY,ce,SELL,94.65,93.65,75,10.0,7.02375,2.460419625,0.035118750000000004,0.00702375,0.0,2.2504611825,21.776773307499997,1.0
2025-04-22,2025-04-22 09:30:00,ENTRY,pe,SELL,211.35,210.35,75,10.0,15.776250000000001,5.526420375,0.07888125,0.01577625,0.0,2.8117940175,34.2091218925,1.0
2025-04-22,2025-04-22 09:32:00,ADJUST_CLOSE,ce,BUY,100.1,101.1,75,10.0,0.0,2.65614975,0.0379125,0.0075825,0.227475,2.2862960549999998,15.215415805,1.0
2025-04-22,2025-04-22 09:32:00,ADJUST_OPEN,ce,SELL,190.55,189.55,75,10.0,14.21625,4.979952375,0.07108125000000001,0.01421625,0.0,2.7117449775,31.993244852500002,1.0
2025-04-22,2025-04-22 15:15:00,TIME_EXIT,ce,BUY,206.85,207.85,75,10.0,0.0,5.460739125,0.07794375,0.015588749999999998,0.46766250000000004,2.7997688924999995,18.8217030175,1.0
2025-04-22,2025-04-22 15:15:00,TIME_EXIT,pe,BUY,182.05,183.05,75,10.0,0.0,4.809181125,0.06864375,0.01372875,0.4118625,2.6804796525,17.9838957775,1.0
2025-04-23,2025-04-23 09:30:00,ENTRY,ce,SELL,88.9,87.9,75,10.0,6.5925,2.30935275,0.032962500000000006,0.006592499999999999,0.0,2.222803395,21.164211145,1.0
2025-04-23,2025-04-23 09:30:00,ENTRY,pe,SELL,179.6,178.6,75,10.0,13.395,4.6922685,0.066975,0.013394999999999999,0.0,2.6590749299999996,30.826713429999998,1.0
2025-04-23,2025-04-23 09:33:00,ADJUST_CLOSE,ce,BUY,88.4,89.4,75,10.0,0.0,2.3487615,0.033525000000000006,0.006705,0.20115,2.2300184699999996,14.820159969999999,1.0
2025-04-23,2025-04-23 09:33:00,ADJUST_OPEN,ce,SELL,185.4,184.4,75,10.0,13.83,4.844649,0.06915,0.013829999999999999,0.0,2.68697322,31.444602219999997,1.0
2025-04-23,2025-04-23 10:15:00,ADJUST_CLOSE,ce,BUY,109.05,110.05,75,10.0,0.0,2.891288625,0.04126875000000001,0.008253749999999999,0.2476125,2.3293460025,15.5177696275,1.0
2025-04-23,2025-04-23 10:15:00,ADJUST_OPEN,ce,SELL,262.75,261.75,75,10.0,19.63125,6.876826875,0.09815625000000001,0.01963125,0.0,3.0590305874999997,39.6848949625,1.0
2025-04-23,2025-04-23 13:55:00,ADJUST_CLOSE,pe,BUY,181.2,182.2,75,10.0,0.0,4.7868495,0.06832500000000001,0.013665,0.40995000000000004,2.6763911099999995,17.95518061,1.0
2025-04-23,2025-04-23 13:55:00,ADJUST_OPEN,pe,SELL,362.7,361.7,75,10.0,27.1275,9.50276325,0.13563750000000002,0.0271275,0.0,3.539795085,50.332823335,1.0
2025-04-23,2025-04-23 15:15:00,TIME_EXIT,ce,BUY,372.55,373.55,75,10.0,0.0,9.814092375,0.14008125000000002,0.02801625,0.8404875,3.5967941775000005,24.419471552500006,1.0
2025-04-23,2025-04-23 15:15:00,TIME_EXIT,pe,BUY,345.5,346.5,75,10.0,0.0,9.10342125,0.1299375,0.0259875,0.779625,3.466682325,23.505653575,1.0
2025-04-24,2025-04-24 09:30:00,ENTRY,ce,SELL,24.9,23.9,75,10.0,1.7925,0.62791275,0.0089625,0.0017924999999999998,0.0,1.9149601950000001,14.346127945000003,1.0
2025-04-24,2025-04-24 09:30:00,ENTRY,pe,SELL,186.55,185.55,75,10.0,13.91625,4.874862375,0.06958125000000001,0.01391625,0.0,2.6925047775,31.567114652499995,1.0
2025-04-24,2025-04-24 09:32:00,ADJUST_CLOSE,ce,BUY,28.7,29.7,75,10.0,0.0,0.78029325,0.011137500000000002,0.0022275,0.066825,1.942858485,12.803341735,1.0
2025-04-24,2025-04-24 09:32:00,ADJUST_OPEN,ce,SELL,187.15,186.15,75,10.0,13.96125,4.8906258750000005,0.06980625,0.01396125,0.0,2.6953908075,31.631034182500002,1.0
2025-04-24,2025-04-24 15:15:00,TIME_EXIT,ce,BUY,147.3,148.3,75,10.0,0.0,3.89621175,0.0556125,0.011122499999999999,0.333675,2.513330415,16.809952165,1.0
2025-04-24,2025-04-24 15:15:00,TIME_EXIT,pe,BUY,210.2,211.2,75,10.0,0.0,5.548752,0.0792,0.01584,0.4752,2.81588256,18.93487456,1.0
2025-04-25,2025-04-25 09:30:00,ENTRY,ce,SELL,196.75,195.75,75,10.0,14.68125,5.142841875,0.07340625,0.01468125,0.0,2.7415672875,32.6537466625,1.0
2025-04-25,2025-04-25 09:30:00,ENTRY,pe,SELL,246.75,245.75,75,10.0,18.431250000000002,6.456466875,0.09215625000000001,0.01843125,0.0,2.9820697874999995,37.980374162500006,1.0
2025-04-25,2025-04-25 09:47:00,ADJUST_CLOSE,ce,BUY,145.35,146.35,75,10.0,0.0,3.844980375,0.054881250000000006,0.01097625,0.3292875,2.5039508175,16.7440761925,1.0
2025-04-25,2025-04-25 09:47:00,ADJUST_OPEN,ce,SELL,290.45,289.45,75,10.0,21.708750000000002,7.604575125,0.10854375000000001,0.02170875,0.0,3.1922689724999995,42.63584659750001,1.0
2025-04-25,2025-04-25 10:01:00,ADJUST_CLOSE,ce,BUY,203.1,204.1,75,10.0,0.0,5.3622172500000005,0.07653750000000001,0.0153075,0.459225,2.7817312050000003,18.695018455000003,1.0
2025-04-25,2025-04-25 10:01:00,ADJUST_OPEN,ce,SELL,406.05,405.05,75,10.0,30.37875,10.641676125,0.15189375000000002,0.03037875,0.0,3.7483107524999997,54.95100937749999,1.0
2025-04-25,2025-04-25 11:51:00,ADJUST_CLOSE,ce,BUY,259.5,260.5,75,10.0,0.0,6.84398625,0.09768750000000001,0.0195375,0.586125,3.0530180249999996,20.600354274999997,1.0
2025-04-25,2025-04-25 11:51:00,ADJUST_OPEN,ce,SELL,531.25,530.25,75,10.0,39.768750000000004,13.930993125,0.19884375,0.03976875,0.0,4.3505290125,68.2888846375,1.0
2025-04-25,2025-04-25 13:37:00,ADJUST_CLOSE,pe,BUY,384.0,385.0,75,10.0,0.0,10.1149125,0.144375,0.028874999999999998,0.8662500000000001,3.6518692500000003,24.806281750000004,1.0
2025-04-25,2025-04-25 13:37:00,ADJUST_OPEN,pe,SELL,744.95,743.95,75,10.0,55.79625,19.545426375,0.27898125,0.05579625,0.0,5.378436697500001,91.05489057250001,1.0
2025-04-25,2025-04-25 13:52:00,STOP_EXIT,ce,BUY,768.5,769.5,75,10.0,0.0,20.21668875,0.2885625,0.0577125,1.731375,5.501333475,37.795672225000004,1.0
2025-04-25,2025-04-25 13:52:00,STOP_EXIT,pe,BUY,744.95,745.95,75,10.0,0.0,19.597971375,0.27973125000000004,0.055946249999999996,1.6783875000000001,5.3880567975,37.0000931725,1.0
2025-04-28,2025-04-28 09:30:00,ENTRY,ce,SELL,101.65,100.65,75,10.0,7.54875,2.6443271250000002,0.037743750000000006,0.00754875,0.0,2.2841315325,22.522501157500002,1.0
2025-04-28,2025-04-28 09:30:00,ENTRY,pe,SELL,270.8,269.8,75,10.0,20.235,7.0883205,0.10117500000000001,0.020235,0.0,3.0977514900000003,40.54248199,1.0
2025-04-28,2025-04-28 09:32:00,ADJUST_CLOSE,ce,BUY,104.25,105.25,75,10.0,0.0,2.765180625,0.039468750000000004,0.00789375,0.2368125,2.3062577624999996,15.355613387499996,1.0
2025-04-28,2025-04-28 09:32:00,ADJUST_OPEN,ce,SELL,268.0,267.0,75,10.0,20.025000000000002,7.0147575,0.100125,0.020024999999999998,0.0,3.08428335,40.244190849999995,1.0
2025-04-28,2025-04-28 10:53:00,ADJUST_CLOSE,pe,BUY,193.8,194.8,75,10.0,0.0,5.117883,0.07305,0.01461,0.4383,2.7369977399999996,18.380840739999996,1.0
2025-04-28,2025-04-28 10:53:00,ADJUST_OPEN,pe,SELL,397.9,396.9,75,10.0,29.767500000000002,10.42755525,0.1488375,0.0297675,0.0,3.709108844999999,54.08276909499999,1.0
2025-04-28,2025-04-28 15:15:00,TIME_EXIT,ce,BUY,415.7,416.7,75,10.0,0.0,10.94775075,0.15626250000000003,0.031252499999999996,0.937575,3.804347835,25.877188585000003,1.0
2025-04-28,2025-04-28 15:15:00,TIME_EXIT,pe,BUY,363.0,364.0,75,10.0,0.0,9.56319,0.1365,0.027299999999999998,0.8190000000000001,3.5508582,24.0968482,1.0
2025-04-29,2025-04-29 09:30:00,ENTRY,ce,SELL,68.4,67.4,75,10.0,5.055,1.7707665,0.025275000000000002,0.005055,0.0,2.12419737,18.98029387,1.0
2025-04-29,2025-04-29 09:30:00,ENTRY,pe,SELL,232.25,231.25,75,10.0,17.34375,6.075515625,0.08671875000000001,0.017343749999999998,0.0,2.9123240624999998,36.435652187500004,1.0
2025-04-29,2025-04-29 09:32:00,ADJUST_CLOSE,ce,BUY,74.45,75.45,75,10.0,0.0,1.982260125,0.028293750000000003,0.00565875,0.1697625,2.1629182725,14.3488933975,1.0
2025-04-29,2025-04-29 09:32:00,ADJUST_OPEN,ce,SELL,212.7,211.7,75,10.0,15.8775,5.56188825,0.0793875,0.0158775,0.0,2.8182875849999998,34.35294083499999,1.0
2025-04-29,2025-04-29 09:43:00,ADJUST_CLOSE,ce,BUY,140.35,141.35,75,10.0,0.0,3.713617875,0.053006250000000005,0.01060125,0.31803750000000003,2.4799005675,16.575163442500003,1.0
2025-04-29,2025-04-29 09:43:00,ADJUST_OPEN,ce,SELL,304.89,303.89,75,10.0,22.79175,7.983950025,0.11395875000000001,0.02279175,0.0,3.2617260944999993,44.1741766195,1.0
2025-04-29,2025-04-29 15:15:00,TIME_EXIT,ce,BUY,275.0,276.0,75,10.0,0.0,7.25121,0.10350000000000001,0.0207,0.621,3.1275738000000004,21.1239838,1.0
2025-04-29,2025-04-29 15:15:00,TIME_EXIT,pe,BUY,282.85,283.85,75,10.0,0.0,7.457449125,0.10644375,0.02128875,0.6386625,3.1653326925,21.3891768175,1.0
2025-04-30,2025-04-30 09:30:00,ENTRY,ce,SELL,20.9,19.9,75,10.0,1.4925,0.52282275,0.0074625,0.0014925,0.0,1.8957199949999999,13.919997745,1.0
2025-04-30,2025-04-30 09:30:00,ENTRY,pe,SELL,232.25,231.25,75,10.0,17.34375,6.075515625,0.08671875000000001,0.017343749999999998,0.0,2.9123240624999998,36.435652187500004,1.0
2025-04-30,2025-04-30 09:32:00,ADJUST_CLOSE,ce,BUY,23.2,24.2,75,10.0,0.0,0.6357945,0.009075000000000001,0.001815,0.05445,1.9164032099999997,12.617537709999999,1.0
2025-04-30,2025-04-30 09:32:00,ADJUST_OPEN,ce,SELL,233.6,232.6,75,10.0,17.445,6.1109835,0.08722500000000001,0.017445,0.0,2.9188176299999995,36.579471129999995,1.0
2025-04-30,2025-04-30 15:15:00,TIME_EXIT,ce,BUY,261.89,262.89,75,10.0,0.0,6.906777525,0.09858375000000001,0.019716749999999998,0.5915025,3.0645140444999996,20.6810945695,1.0
2025-04-30,2025-04-30 15:15:00,TIME_EXIT,pe,BUY,222.9,223.9,75,10.0,0.0,5.88241275,0.08396250000000001,0.0167925,0.503775,2.8769701949999997,19.363912945,1.0
2025-05-02,2025-05-02 09:30:00,ENTRY,ce,SELL,208.55,207.55,75,10.0,15.56625,5.452857375,0.07783125,0.015566249999999998,0.0,2.7983258774999995,33.9108307525,1.0
2025-05-02,2025-05-02 09:30:00,ENTRY,pe,SELL,264.64,263.64,75,10.0,19.773,6.9264819,0.09886500000000001,0.019773,0.0,3.068121582,39.886241482,1.0
2025-05-02,2025-05-02 10:57:00,ADJUST_CLOSE,ce,BUY,154.3,155.3,75,10.0,0.0,4.08011925,0.058237500000000005,0.0116475,0.349425,2.547000765,17.046430015,1.0
2025-05-02,2025-05-02 10:57:00,ADJUST_OPEN,ce,SELL,305.89,304.89,75,10.0,22.86675,8.010222525,0.11433375000000001,0.022866749999999998,0.0,3.2665361444999994,44.2807091695,1.0
2025-05-02,2025-05-02 12:29:00,ADJUST_CLOSE,ce,BUY,197.7,198.7,75,10.0,0.0,5.22034575,0.07451250000000001,0.014902499999999999,0.447075,2.755756935,18.512592685,1.0
2025-05-02,2025-05-02 12:29:00,ADJUST_OPEN,ce,SELL,439.95,438.95,75,10.0,32.92125,11.532313875,0.16460625,0.03292125,0.0,3.9113714474999997,58.5624628225,1.0
2025-05-02,2025-05-02 15:15:00,TIME_EXIT,ce,BUY,511.0,512.0,75,10.0,0.0,13.45152,0.192,0.0384,1.1520000000000001,4.262745600000001,29.0966656,1.0
2025-05-02,2025-05-02 15:15:00,TIME_EXIT,pe,BUY,346.3,347.3,75,10.0,0.0,9.12443925,0.1302375,0.026047499999999998,0.781425,3.470530365,23.532679615,1.0
2025-05-05,2025-05-05 09:30:00,ENTRY,ce,SELL,155.75,154.75,75,10.0,11.606250000000001,4.065669375,0.058031250000000006,0.01160625,0.0,2.5443552375,28.2859121125,1.0
2025-05-05,2025-05-05 09:30:00,ENTRY,pe,SELL,245.15,244.15,75,10.0,18.31125,6.414430875,0.09155625,0.018311249999999998,0.0,2.9743737075,37.8099220825,1.0
2025-05-05,2025-05-05 15:15:00,TIME_EXIT,ce,BUY,136.0,137.0,75,10.0,0.0,3.5993325,0.051375000000000004,0.010275,0.30825,2.45897685,16.42820935,1.0
2025-05-05,2025-05-05 15:15:00,TIME_EXIT,pe,BUY,209.25,210.25,75,10.0,0.0,5.523793125,0.07884375,0.015768749999999998,0.4730625,2.8113130125000003,18.902781137500003,1.0
2025-05-06,2025-05-06 09:30:00,ENTRY,ce,SELL,77.8,76.8,75,10.0,5.76,2.017728,0.028800000000000003,0.0057599999999999995,0.0,2.16941184,19.981699839999997,1.0
2025-05-06,2025-05-06 09:30:00,ENTRY,pe,SELL,228.0,227.0,75,10.0,17.025,5.9638575000000005,0.085125,0.017025,0.0,2.8918813500000002,35.982888849999995,1.0
2025-05-06,2025-05-06 09:32:00,ADJUST_CLOSE,ce,BUY,82.35,83.35,75,10.0,0.0,2.189812875,0.03125625,0.00625125,0.1875375,2.2009176674999997,14.6157755425,1.0
2025-05-06,2025-05-06 09:32:00,ADJUST_OPEN,ce,SELL,230.3,229.3,75,10.0,17.1975,6.02428425,0.08598750000000001,0.017197499999999998,0.0,2.9029444650000005,36.227913715,1.0
2025-05-06,2025-05-06 15:15:00,TIME_EXIT,ce,BUY,162.0,163.0,75,10.0,0.0,4.2824175,0.061125000000000006,0.012225,0.36675,2.5840381500000005,17.306555650000004,1.0
2025-05-06,2025-05-06 15:15:00,TIME_EXIT,pe,BUY,245.0,246.0,75,10.0,0.0,6.463035,0.09225000000000001,0.018449999999999998,0.5535,2.9832723,20.1105073,1.0
2025-05-07,2025-05-07 09:30:00,ENTRY,ce,SELL,71.7,70.7,75,10.0,5.3025,1.85746575,0.0265125,0.0053025,0.0,2.140070535,19.331851285,1.0
2025-05-07,2025-05-07 09:30:00,ENTRY,pe,SELL,237.25,236.25,75,10.0,17.71875,6.206878125,0.08859375000000001,0.01771875,0.0,2.9363743125,36.968314937500004,1.0
2025-05-07,2025-05-07 09:32:00,ADJUST_CLOSE,ce,BUY,74.2,75.2,75,10.0,0.0,1.975692,0.028200000000000003,0.00564,0.16920000000000002,2.16171576,14.34044776,1.0
2025-05-07,2025-05-07 09:32:00,ADJUST_OPEN,ce,SELL,213.85,212.85,75,10.0,15.963750000000001,5.592101625,0.07981875000000001,0.01596375,0.0,2.8238191424999997,34.4754532675,1.0
2025-05-07,2025-05-07 10:07:00,ADJUST_CLOSE,ce,BUY,139.19,140.19,75,10.0,0.0,3.683141775,0.05257125000000001,0.01051425,0.3154275,2.4743209095,16.5359756845,1.0
2025-05-07,2025-05-07 10:07:00,ADJUST_OPEN,ce,SELL,270.89,269.89,75,10.0,20.24175,7.090685025,0.10120875000000001,0.02024175,0.0,3.0981843945,40.5520699195,1.0
2025-05-07,2025-05-07 15:15:00,TIME_EXIT,ce,BUY,280.8,281.8,75,10.0,0.0,7.4035905,0.105675,0.021134999999999998,0.63405,3.1554720900000004,21.31992259,1.0
2025-05-07,2025-05-07 15:15:00,TIME_EXIT,pe,BUY,259.89,260.89,75,10.0,0.0,6.8542325250000005,0.09783375000000001,0.01956675,0.5870025,3.0548939445,20.6135294695,1.0
2025-05-08,2025-05-08 09:30:00,ENTRY,ce,SELL,20.0,19.0,75,10.0,1.425,0.4991775,0.007125,0.0014249999999999998,0.0,1.89139095,13.82411845,1.0
2025-05-08,2025-05-08 09:30:00,ENTRY,pe,SELL,203.2,202.2,75,10.0,15.165000000000001,5.3122995,0.075825,0.015165,0.0,2.7725921099999997,33.34088161,1.0
2025-05-08,2025-05-08 09:32:00,ADJUST_CLOSE,ce,BUY,18.7,19.7,75,10.0,0.0,0.51756825,0.007387500000000001,0.0014774999999999999,0.044325,1.894757985,12.465516235,1.0
2025-05-08,2025-05-08 09:32:00,ADJUST_OPEN,ce,SELL,225.0,224.0,75,10.0,16.8,5.88504,0.084,0.0168,0.0,2.8774512,35.66329120000001,1.0
2025-05-08,2025-05-08 14:53:00,ADJUST_CLOSE,ce,BUY,157.15,158.15,75,10.0,0.0,4.154995875,0.059306250000000005,0.01186125,0.35583750000000003,2.5607094075000005,17.1427102825,1.0
2025-05-08,2025-05-08 14:53:00,ADJUST_OPEN,ce,SELL,352.6,351.6,75,10.0,26.37,9.237411,0.13185000000000002,0.026369999999999998,0.0,3.49121358,49.256844580000006,1.0
2025-05-08,2025-05-08 15:15:00,TIME_EXIT,ce,BUY,358.95,359.95,75,10.0,0.0,9.456786375,0.13498125000000002,0.02699625,0.8098875,3.5313774975,23.960028872499997,1.0
2025-05-08,2025-05-08 15:15:00,TIME_EXIT,pe,BUY,323.05,324.05,75,10.0,0.0,8.513603625,0.12151875000000001,0.02430375,0.7291125,3.3586967025000005,22.747235327500004,1.0
2025-05-09,2025-05-09 09:30:00,ENTRY,ce,SELL,280.55,279.55,75,10.0,20.96625,7.344477375,0.10483125000000001,0.02096625,0.0,3.1446494775000002,41.5811743525,1.0
2025-05-09,2025-05-09 09:30:00,ENTRY,pe,SELL,336.45,335.45,75,10.0,25.15875,8.813110125,0.12579375,0.02515875,0.0,3.4135312724999998,47.536343897500004,1.0
2025-05-09,2025-05-09 10:06:00,ADJUST_CLOSE,ce,BUY,202.45,203.45,75,10.0,0.0,5.345140125,0.07629375000000001,0.01525875,0.4577625,2.7786046724999998,18.6730597975,1.0
2025-05-09,2025-05-09 10:06:00,ADJUST_OPEN,ce,SELL,394.35,393.35,75,10.0,29.50125,10.334287875,0.14750625,0.02950125,0.0,3.6920331675,53.7045785425,1.0
2025-05-09,2025-05-09 15:15:00,TIME_EXIT,ce,BUY,397.6,398.6,75,10.0,0.0,10.4722185,0.14947500000000002,0.029894999999999998,0.89685,3.7172859299999996,25.26572443,1.0
2025-05-09,2025-05-09 15:15:00,TIME_EXIT,pe,BUY,359.35,360.35,75,10.0,0.0,9.467295375,0.13513125,0.027026249999999998,0.8107875,3.5333015174999995,23.9735418925,1.0
2025-05-12,2025-05-12 09:30:00,ENTRY,ce,SELL,139.0,138.0,75,10.0,10.35,3.625605,0.051750000000000004,0.01035,0.0,2.4637869,26.501491899999998,1.0
2025-05-12,2025-05-12 09:30:00,ENTRY,pe,SELL,223.0,222.0,75,10.0,16.65,5.832495,0.08325,0.016649999999999998,0.0,2.8678310999999996,35.450226099999995,1.0
2025-05-12,2025-05-12 11:26:00,STOP_EXIT,ce,BUY,279.89,280.89,75,10.0,0.0,7.379682525,0.10533375,0.02106675,0.6320025,3.1510949444999996,21.289180469499996,1.0
2025-05-12,2025-05-12 11:26:00,STOP_EXIT,pe,BUY,191.65,192.65,75,10.0,0.0,5.061397125,0.07224375000000001,0.01444875,0.43346250000000003,2.7266561324999996,18.3082082575,1.0
2025-05-13,2025-05-13 09:30:00,ENTRY,ce,SELL,193.45,192.45,75,10.0,14.43375,5.056142625,0.07216875,0.014433749999999999,0.0,2.7256941224999998,32.302189247499996,1.0
2025-05-13,2025-05-13 09:30:00,ENTRY,pe,SELL,252.1,251.1,75,10.0,18.8325,6.59702475,0.09416250000000001,0.0188325,0.0,3.0078035549999993,38.550323305000006,1.0
2025-05-13,2025-05-13 10:30:00,ADJUST_CLOSE,ce,BUY,155.94,156.94,75,10.0,0.0,4.12320615,0.0588525,0.0117705,0.353115,2.554889247,17.101833397,1.0
2025-05-13,2025-05-13 10:30:00,ADJUST_OPEN,ce,SELL,311.64,310.64,75,10.0,23.298000000000002,8.1612894,0.11649000000000001,0.023298,0.0,3.2941939319999998,44.893271332,1.0
2025-05-13,2025-05-13 15:15:00,TIME_EXIT,ce,BUY,193.55,194.55,75,10.0,0.0,5.111314875,0.07295625,0.01459125,0.4377375,2.7357952275,18.3723951025,1.0
2025-05-13,2025-05-13 15:15:00,TIME_EXIT,pe,BUY,355.6,356.6,75,10.0,0.0,9.3687735,0.133725,0.026744999999999998,0.80235,3.515263829999999,23.846857329999995,1.0
2025-05-14,2025-05-14 09:30:00,ENTRY,ce,SELL,147.05,146.05,75,10.0,10.95375,3.837098625,0.054768750000000005,0.01095375,0.0,2.5025078025,27.359078927499997,1.0
2025-05-14,2025-05-14 09:30:00,ENTRY,pe,SELL,215.45,214.45,75,10.0,16.083750000000002,5.634137625,0.08041875000000001,0.01608375,0.0,2.8315152225,34.645905347500005,1.0
2025-05-14,2025-05-14 09:35:00,ADJUST_CLOSE,ce,BUY,116.45,117.45,75,10.0,0.0,3.085705125,0.044043750000000007,0.008808749999999999,0.2642625,2.3649403725,15.7677604975,1.0
2025-05-14,2025-05-14 09:35:00,ADJUST_OPEN,ce,SELL,240.75,239.75,75,10.0,17.98125,6.298831875,0.08990625000000001,0.01798125,0.0,2.9532094874999997,37.341178862499994,1.0
2025-05-14,2025-05-14 15:15:00,TIME_EXIT,ce,BUY,213.5,214.5,75,10.0,0.0,5.63545125,0.08043750000000001,0.016087499999999998,0.482625,2.831755725,19.046356975,1.0
2025-05-14,2025-05-14 15:15:00,TIME_EXIT,pe,BUY,213.5,214.5,75,10.0,0.0,5.63545125,0.08043750000000001,0.016087499999999998,0.482625,2.831755725,19.046356975,1.0
2025-05-15,2025-05-15 09:30:00,ENTRY,ce,SELL,62.9,61.9,75,10.0,4.6425,1.62626775,0.0232125,0.0046425,0.0,2.0977420949999996,18.394364845,1.0
2025-05-15,2025-05-15 09:30:00,ENTRY,pe,SELL,191.75,190.75,75,10.0,14.30625,5.011479375,0.07153125,0.01430625,0.0,2.7175170375,32.1210839125,1.0
2025-05-15,2025-05-15 09:32:00,ADJUST_CLOSE,ce,BUY,59.45,60.45,75,10.0,0.0,1.5881726250000001,0.02266875,0.00453375,0.1360125,2.0907675224999998,13.8421551475,1.0
2025-05-15,2025-05-15 09:32:00,ADJUST_OPEN,ce,SELL,208.7,207.7,75,10.0,15.5775,5.45679825,0.07788750000000001,0.0155775,0.0,2.7990473849999997,33.926810634999995,1.0
2025-05-15,2025-05-15 10:40:00,ADJUST_CLOSE,pe,BUY,147.65,148.65,75,10.0,0.0,3.905407125,0.05574375,0.011148749999999999,0.3344625,2.5150139325,16.8217760575,1.0
2025-05-15,2025-05-15 10:40:00,ADJUST_OPEN,pe,SELL,344.65,343.65,75,10.0,25.77375,9.028544625,0.12886875,0.025773749999999998,0.0,3.4529736824999997,48.409910807500005,1.0
2025-05-15,2025-05-15 10:41:00,STOP_EXIT,ce,BUY,373.0,374.0,75,10.0,0.0,9.825915,0.14025,0.02805,0.8415,3.5989587000000007,24.434673700000005,1.0
2025-05-15,2025-05-15 10:41:00,STOP_EXIT,pe,BUY,348.75,349.75,75,10.0,0.0,9.188806875000001,0.13115625,0.026231249999999998,0.7869375000000001,3.4823149874999997,23.6154468625,1.0
2025-05-16,2025-05-16 09:30:00,ENTRY,ce,SELL,219.15,218.15,75,10.0,16.361250000000002,5.731345875,0.08180625000000001,0.01636125,0.0,2.8493124074999994,35.040075782500004,1.0
2025-05-16,2025-05-16 09:30:00,ENTRY,pe,SELL,235.85,234.85,75,10.0,17.61375,6.170096625,0.08806875,0.01761375,0.0,2.9296402424999997,36.8191693675,1.0
2025-05-16,2025-05-16 15:15:00,TIME_EXIT,ce,BUY,194.7,195.7,75,10.0,0.0,5.14152825,0.07338750000000001,0.0146775,0.440325,2.741326785,18.411245035,1.0
2025-05-16,2025-05-16 15:15:00,TIME_EXIT,pe,BUY,237.5,238.5,75,10.0,0.0,6.26599125,0.0894375,0.0178875,0.536625,2.9471969249999996,19.857138175,1.0
2025-05-19,2025-05-19 09:30:00,ENTRY,ce,SELL,154.3,153.3,75,10.0,11.4975,4.02757425,0.057487500000000004,0.011497499999999999,0.0,2.537380665,28.131439915000005,1.0
2025-05-19,2025-05-19 09:30:00,ENTRY,pe,SELL,266.6,265.6,75,10.0,19.92,6.977976,0.09960000000000001,0.01992,0.0,3.077549279999999,40.09504528,1.0
2025-05-19,2025-05-19 12:16:00,ADJUST_CLOSE,ce,BUY,137.55,138.55,75,10.0,0.0,3.640054875,0.05195625,0.01039125,0.3117375,2.4664324275,16.4805723025,1.0
2025-05-19,2025-05-19 12:16:00,ADJUST_OPEN,ce,SELL,283.5,282.5,75,10.0,21.1875,7.42198125,0.1059375,0.021187499999999998,0.0,3.158839125,41.89544537500001,1.0
2025-05-19,2025-05-19 15:15:00,TIME_EXIT,ce,BUY,235.5,236.5,75,10.0,0.0,6.2134462500000005,0.0886875,0.0177375,0.532125,2.937576825,19.789573075,1.0
2025-05-19,2025-05-19 15:15:00,TIME_EXIT,pe,BUY,301.45,302.45,75,10.0,0.0,7.946117625,0.11341875000000001,0.02268375,0.6805125,3.2547996224999998,22.017532247499997,1.0
2025-05-20,2025-05-20 09:30:00,ENTRY,ce,SELL,124.9,123.9,75,10.0,9.2925,3.25516275,0.046462500000000004,0.0092925,0.0,2.395965195,24.999382945,1.0
2025-05-20,2025-05-20 09:30:00,ENTRY,pe,SELL,232.2,231.2,75,10.0,17.34,6.074202,0.08670000000000001,0.017339999999999998,0.0,2.91208356,36.43032556,1.0
2025-05-20,2025-05-20 09:44:00,ADJUST_CLOSE,ce,BUY,118.2,119.2,75,10.0,0.0,3.131682,0.044700000000000004,0.00894,0.2682,2.3733579600000003,15.826879960000001,1.0
2025-05-20,2025-05-20 09:44:00,ADJUST_OPEN,ce,SELL,240.95,239.95,75,10.0,17.99625,6.304086375,0.08998125000000001,0.01799625,0.0,2.9541714975,37.362485372500004,1.0
2025-05-20,2025-05-20 13:19:00,ADJUST_CLOSE,ce,BUY,147.94,148.94,75,10.0,0.0,3.91302615,0.055852500000000006,0.0111705,0.335115,2.516408847,16.831572997000002,1.0
2025-05-20,2025-05-20 13:19:00,ADJUST_OPEN,ce,SELL,286.95,285.95,75,10.0,21.44625,7.512621375,0.10723125000000001,0.02144625,0.0,3.1754337975000007,42.262982672499994,1.0
2025-05-20,2025-05-20 15:15:00,TIME_EXIT,ce,BUY,231.15,232.15,75,10.0,0.0,6.099160875,0.08705625,0.01741125,0.5223375,2.9166531074999993,19.642618982499997,1.0
2025-05-20,2025-05-20 15:15:00,TIME_EXIT,pe,BUY,335.65,336.65,75,10.0,0.0,8.844637125,0.12624375000000002,0.02524875,0.7574625,3.4193033324999997,23.172895457499997,1.0
2025-05-21,2025-05-21 09:30:00,ENTRY,ce,SELL,113.4,112.4,75,10.0,8.43,2.953029,0.04215000000000001,0.00843,0.0,2.34064962,23.77425862,1.0
2025-05-21,2025-05-21 09:30:00,ENTRY,pe,SELL,219.5,218.5,75,10.0,16.3875,5.74054125,0.08193750000000001,0.0163875,0.0,2.850995925,35.077362175,1.0
2025-05-21,2025-05-21 12:16:00,ADJUST_CLOSE,ce,BUY,102.15,103.15,75,10.0,0.0,2.710008375,0.03868125,0.00773625,0.2320875,2.2961566575,15.284670032500003,1.0
2025-05-21,2025-05-21 12:16:00,ADJUST_OPEN,ce,SELL,216.0,215.0,75,10.0,16.125,5.6485875,0.080625,0.016125,0.0,2.8341607499999997,34.70449825,1.0
2025-05-21,2025-05-21 15:15:00,TIME_EXIT,ce,BUY,268.0,269.0,75,10.0,0.0,7.0673025,0.100875,0.020175,0.6052500000000001,3.0939034499999996,20.887505949999998,1.0
2025-05-21,2025-05-21 15:15:00,TIME_EXIT,pe,BUY,199.5,200.5,75,10.0,0.0,5.26763625,0.0751875,0.015037499999999999,0.451125,2.764415025,18.573401275,1.0
2025-05-22,2025-05-22 09:30:00,ENTRY,ce,SELL,97.35,96.35,75,10.0,7.22625,2.531355375,0.036131250000000004,0.00722625,0.0,2.2634483175,22.0644111925,1.0
2025-05-22,2025-05-22 09:30:00,ENTRY,pe,SELL,193.4,192.4,75,10.0,14.43,5.054829,0.07215,0.01443,0.0,2.72545362,32.29686262,1.0
2025-05-22,2025-05-22 09:32:00,ADJUST_CLOSE,ce,BUY,88.35,89.35,75,10.0,0.0,2.347447875,0.03350625,0.00670125,0.2010375,2.2297779675,14.818470842500002,1.0
2025-05-22,2025-05-22 09:32:00,ADJUST_OPEN,ce,SELL,185.0,184.0,75,10.0,13.8,4.83414,0.069,0.0138,0.0,2.6850492,31.401989200000003,1.0
2025-05-22,2025-05-22 14:17:00,ADJUST_CLOSE,ce,BUY,99.0,100.0,75,10.0,0.0,2.62725,0.037500000000000006,0.0075,0.225,2.281005,15.178255,1.0
2025-05-22,2025-05-22 14:17:00,ADJUST_OPEN,ce,SELL,197.4,196.4,75,10.0,14.73,5.159919,0.07365000000000001,0.01473,0.0,2.74469382,32.72299282,1.0
2025-05-22,2025-05-22 14:58:00,ADJUST_CLOSE,pe,BUY,153.05,154.05,75,10.0,0.0,4.047278625,0.05776875000000001,0.01155375,0.3466125,2.5409882025,17.004201827499998,1.0
2025-05-22,2025-05-22 14:58:00,ADJUST_OPEN,pe,SELL,309.85,308.85,75,10.0,23.16375,8.114261625,0.11581875000000001,0.02316375,0.0,3.285583942499999,44.7025780675,1.0
2025-05-22,2025-05-22 15:15:00,TIME_EXIT,ce,BUY,303.25,304.25,75,10.0,0.0,7.993408125,0.11409375000000001,0.02281875,0.6845625,3.2634577124999997,22.078340837499997,1.0
2025-05-22,2025-05-22 15:15:00,TIME_EXIT,pe,BUY,322.14,323.14,75,10.0,0.0,8.48969565,0.12117750000000001,0.0242355,0.7270650000000001,3.3543195570000006,22.716493207000003,1.0
2025-05-23,2025-05-23 09:30:00,ENTRY,ce,SELL,186.3,185.3,75,10.0,13.8975,4.86829425,0.06948750000000001,0.0138975,0.0,2.691302265,31.540481515,1.0
2025-05-23,2025-05-23 09:30:00,ENTRY,pe,SELL,279.14,278.14,75,10.0,20.860500000000002,7.3074331500000005,0.1043025,0.0208605,0.0,3.137867307,41.430963457000004,1.0
2025-05-23,2025-05-23 15:15:00,TIME_EXIT,ce,BUY,270.45,271.45,75,10.0,0.0,7.131670125,0.10179375,0.02035875,0.6107625,3.1056880724999996,20.9702731975,1.0
2025-05-23,2025-05-23 15:15:00,TIME_EXIT,pe,BUY,231.25,232.25,75,10.0,0.0,6.101788125,0.08709375000000001,0.01741875,0.5225625,2.9171341125,19.6459972375,1.0
2025-05-26,2025-05-26 09:30:00,ENTRY,ce,SELL,218.9,217.9,75,10.0,16.3425,5.72477775,0.08171250000000001,0.0163425,0.0,2.8481098950000003,35.013442645000005,1.0
2025-05-26,2025-05-26 09:30:00,ENTRY,pe,SELL,272.55,271.55,75,10.0,20.36625,7.134297375,0.10183125000000001,0.02036625,0.0,3.1061690774999997,40.7289139525,1.0
2025-05-26,2025-05-26 10:37:00,ADJUST_CLOSE,ce,BUY,171.0,172.0,75,10.0,0.0,4.51887,0.0645,0.0129,0.387,2.6273286,17.6105986,1.0
2025-05-26,2025-05-26 10:37:00,ADJUST_OPEN,ce,SELL,337.7,336.7,75,10.0,25.2525,8.84595075,0.1262625,0.025252499999999997,0.0,3.419543835,47.669509585,1.0
2025-05-26,2025-05-26 15:15:00,TIME_EXIT,ce,BUY,385.2,386.2,75,10.0,0.0,10.1464395,0.144825,0.028964999999999998,0.86895,3.65764131,24.84682081,1.0
2025-05-26,2025-05-26 15:15:00,TIME_EXIT,pe,BUY,299.05,300.05,75,10.0,0.0,7.883063625,0.11251875000000001,0.02250375,0.6751125,3.2432555024999994,21.936454127499996,1.0
2025-05-27,2025-05-27 09:30:00,ENTRY,ce,SELL,222.5,221.5,75,10.0,16.6125,5.81935875,0.08306250000000001,0.0166125,0.0,2.865426075,35.396959825,1.0
2025-05-27,2025-05-27 09:30:00,ENTRY,pe,SELL,306.95,305.95,75,10.0,22.94625,8.038071375,0.11473125,0.022946249999999998,0.0,3.2716347975,44.393633672499995,1.0
2025-05-27,2025-05-27 11:31:00,ADJUST_CLOSE,pe,BUY,199.75,200.75,75,10.0,0.0,5.274204375,0.07528125000000001,0.015056249999999998,0.4516875,2.7656175375,18.5818469125,1.0
2025-05-27,2025-05-27 11:31:00,ADJUST_OPEN,pe,SELL,392.25,391.25,75,10.0,29.34375,10.279115625,0.14671875,0.02934375,0.0,3.6819320624999996,53.4808601875,1.0
2025-05-27,2025-05-27 12:31:00,ADJUST_CLOSE,ce,BUY,253.05,254.05,75,10.0,0.0,6.674528625,0.09526875000000001,0.019053749999999998,0.5716125,3.0219932025,20.3824568275,1.0
2025-05-27,2025-05-27 12:31:00,ADJUST_OPEN,ce,SELL,526.0,525.0,75,10.0,39.375,13.7930625,0.19687500000000002,0.039375,0.0,4.325276249999999,67.72958874999999,1.0
2025-05-27,2025-05-27 15:15:00,TIME_EXIT,ce,BUY,503.25,504.25,75,10.0,0.0,13.247908125,0.18909375,0.03781875,1.1345625,4.2254677125,28.834850837500007,1.0
2025-05-27,2025-05-27 15:15:00,TIME_EXIT,pe,BUY,520.6,521.6,75,10.0,0.0,13.703736000000001,0.19560000000000002,0.039119999999999995,1.1736,4.308922079999999,29.420978079999998,1.0
2025-05-28,2025-05-28 09:30:00,ENTRY,ce,SELL,195.3,194.3,75,10.0,14.5725,5.10474675,0.07286250000000001,0.014572499999999999,0.0,2.734592715,32.499274465,1.0
2025-05-28,2025-05-28 09:30:00,ENTRY,pe,SELL,289.8,288.8,75,10.0,21.66,7.587498,0.10830000000000001,0.02166,0.0,3.18914244,42.566600439999995,1.0
2025-05-28,2025-05-28 15:04:00,ADJUST_CLOSE,ce,BUY,124.4,125.4,75,10.0,0.0,3.2945715,0.047025000000000004,0.009405,0.28215,2.4031802699999996,16.036331769999997,1.0
2025-05-28,2025-05-28 15:04:00,ADJUST_OPEN,ce,SELL,254.25,253.25,75,10.0,18.993750000000002,6.653510625,0.09496875,0.01899375,0.0,3.0181451624999998,38.7793682875,1.0
2025-05-28,2025-05-28 15:15:00,TIME_EXIT,ce,BUY,246.85,247.85,75,10.0,0.0,6.511639125,0.09294375,0.018588749999999998,0.5576625000000001,2.9921708925,20.1730050175,1.0
2025-05-28,2025-05-28 15:15:00,TIME_EXIT,pe,BUY,251.7,252.7,75,10.0,0.0,6.6390607500000005,0.09476250000000001,0.0189525,0.568575,3.0154996350000003,20.336850385,1.0
2025-05-29,2025-05-29 09:30:00,ENTRY,ce,SELL,60.75,59.75,75,10.0,4.48125,1.569781875,0.022406250000000003,0.00448125,0.0,2.0874004874999996,18.1653198625,1.0
2025-05-29,2025-05-29 09:30:00,ENTRY,pe,SELL,215.0,214.0,75,10.0,16.05,5.622315,0.08025,0.01605,0.0,2.8293507,34.5979657,1.0
2025-05-29,2025-05-29 09:32:00,ADJUST_CLOSE,ce,BUY,59.75,60.75,75,10.0,0.0,1.596054375,0.022781250000000003,0.0045562499999999995,0.13668750000000002,2.0922105374999997,13.8522899125,1.0
2025-05-29,2025-05-29 09:32:00,ADJUST_OPEN,ce,SELL,184.5,183.5,75,10.0,13.762500000000001,4.82100375,0.06881250000000001,0.013762499999999999,0.0,2.6826441749999996,31.348722925,1.0
2025-05-29,2025-05-29 10:45:00,ADJUST_CLOSE,ce,BUY,120.15,121.15,75,10.0,0.0,3.182913375,0.045431250000000006,0.009086249999999999,0.2725875,2.3827375574999996,15.892755932499998,1.0
2025-05-29,2025-05-29 10:45:00,ADJUST_OPEN,ce,SELL,256.75,255.75,75,10.0,19.181250000000002,6.719191875,0.09590625000000001,0.01918125,0.0,3.0301702874999994,39.0456996625,1.0
2025-05-29,2025-05-29 15:15:00,TIME_EXIT,ce,BUY,333.35,334.35,75,10.0,0.0,8.784210375,0.12538125,0.025076249999999998,0.7522875,3.4082402175000004,23.095195592500005,1.0
2025-05-29,2025-05-29 15:15:00,TIME_EXIT,pe,BUY,172.0,173.0,75,10.0,0.0,4.5451425,0.064875,0.012974999999999999,0.38925,2.6321386500000004,17.644381150000005,1.0
2025-05-30,2025-05-30 09:30:00,ENTRY,ce,SELL,227.3,226.3,75,10.0,16.9725,5.9454667500000005,0.08486250000000001,0.016972499999999998,0.0,2.8885143150000006,35.908316065,1.0
2025-05-30,2025-05-30 09:30:00,ENTRY,pe,SELL,273.39,272.39,75,10.0,20.42925,7.156366275,0.10214625000000001,0.02042925,0.0,3.1102095194999997,40.81840129449999,1.0
2025-05-30,2025-05-30 15:15:00,TIME_EXIT,ce,BUY,177.7,178.7,75,10.0,0.0,4.69489575,0.0670125,0.0134025,0.402075,2.659555935,17.836941685,1.0
2025-05-30,2025-05-30 15:15:00,TIME_EXIT,pe,BUY,315.7,316.7,75,10.0,0.0,8.32050075,0.11876250000000001,0.0237525,0.7125750000000001,3.323342835,22.498933585000003,1.0
2025-06-02,2025-06-02 09:30:00,ENTRY,ce,SELL,200.7,199.7,75,10.0,14.977500000000001,5.24661825,0.07488750000000001,0.0149775,0.0,2.7605669850000005,33.074550235000004,1.0
2025-06-02,2025-06-02 09:30:00,ENTRY,pe,SELL,283.75,282.75,75,10.0,21.20625,7.428549375,0.10603125000000001,0.02120625,0.0,3.1600416374999996,41.9220785125,1.0
2025-06-02,2025-06-02 15:15:00,TIME_EXIT,ce,BUY,318.15,319.15,75,10.0,0.0,8.384868375,0.11968125,0.02393625,0.7180875,3.3351274574999996,22.581700832499997,1.0
2025-06-02,2025-06-02 15:15:00,TIME_EXIT,pe,BUY,225.7,226.7,75,10.0,0.0,5.95597575,0.0850125,0.0170025,0.5100750000000001,2.8904383350000002,19.458504085,1.0
2025-06-03,2025-06-03 09:30:00,ENTRY,ce,SELL,223.7,222.7,75,10.0,16.7025,5.85088575,0.0835125,0.0167025,0.0,2.8711981349999998,35.524798885,1.0
2025-06-03,2025-06-03 09:30:00,ENTRY,pe,SELL,295.35,294.35,75,10.0,22.07625,7.733310375,0.11038125000000001,0.02207625,0.0,3.2158382175000004,43.157856092500005,1.0
2025-06-03,2025-06-03 12:52:00,ADJUST_CLOSE,ce,BUY,169.05,170.05,75,10.0,0.0,4.467638625,0.06376875,0.01275375,0.3826125,2.6179490024999996,17.5447226275,1.0
2025-06-03,2025-06-03 12:52:00,ADJUST_OPEN,ce,SELL,350.2,349.2,75,10.0,26.19,9.174357,0.13095,0.026189999999999998,0.0,3.4796694599999998,49.00116645999999,1.0
2025-06-03,2025-06-03 15:15:00,TIME_EXIT,ce,BUY,317.25,318.25,75,10.0,0.0,8.361223125,0.11934375000000001,0.023868749999999998,0.7160625,3.3307984124999996,22.551296537499997,1.0
2025-06-03,2025-06-03 15:15:00,TIME_EXIT,pe,BUY,291.9,292.9,75,10.0,0.0,7.69521525,0.1098375,0.021967499999999997,0.659025,3.208863645,21.694908895,1.0
2025-06-04,2025-06-04 09:30:00,ENTRY,ce,SELL,113.95,112.95,75,10.0,8.47125,2.967478875,0.042356250000000005,0.00847125,0.0,2.3432951474999997,23.8328515225,1.0
2025-06-04,2025-06-04 09:30:00,ENTRY,pe,SELL,210.4,209.4,75,10.0,15.705,5.5014615000000004,0.07852500000000001,0.015705,0.0,2.8072244700000004,34.10791597,1.0
2025-06-04,2025-06-04 09:34:00,ADJUST_CLOSE,ce,BUY,105.75,106.75,75,10.0,0.0,2.804589375,0.040031250000000004,0.00800625,0.2401875,2.3134728374999995,15.406287212499997,1.0
2025-06-04,2025-06-04 09:34:00,ADJUST_OPEN,ce,SELL,202.5,201.5,75,10.0,15.1125,5.29390875,0.0755625,0.0151125,0.0,2.769225075,33.266308825,1.0
2025-06-04,2025-06-04 15:15:00,TIME_EXIT,ce,BUY,234.0,235.0,75,10.0,0.0,6.1740375,0.08812500000000001,0.017625,0.52875,2.9303617500000003,19.73889925,1.0
2025-06-04,2025-06-04 15:15:00,TIME_EXIT,pe,BUY,167.35,168.35,75,10.0,0.0,4.422975375,0.06313125,0.012626249999999999,0.3787875,2.6097719175,17.4872922925,1.0
2025-06-05,2025-06-05 09:30:00,ENTRY,ce,SELL,55.3,54.3,75,10.0,4.0725,1.42659675,0.020362500000000002,0.0040725,0.0,2.0611857149999997,17.584717464999997,1.0
2025-06-05,2025-06-05 09:30:00,ENTRY,pe,SELL,202.2,201.2,75,10.0,15.09,5.286027,0.07545,0.01509,0.0,2.76778206,33.23434906,1.0
2025-06-05,2025-06-05 09:32:00,ADJUST_CLOSE,ce,BUY,53.15,54.15,75,10.0,0.0,1.422655875,0.02030625,0.00406125,0.1218375,2.0604642075,13.6293250825,1.0
2025-06-05,2025-06-05 09:32:00,ADJUST_OPEN,ce,SELL,178.3,177.3,75,10.0,13.2975,4.65811425,0.0664875,0.013297499999999999,0.0,2.652821865,30.688221115,1.0
2025-06-05,2025-06-05 12:12:00,ADJUST_CLOSE,pe,BUY,140.8,141.8,75,10.0,0.0,3.7254405,0.05317500000000001,0.010635,0.31905,2.48206509,16.59036559,1.0
2025-06-05,2025-06-05 12:12:00,ADJUST_OPEN,pe,SELL,291.05,290.05,75,10.0,21.75375,7.6203386250000005,0.10876875000000001,0.02175375,0.0,3.1951550025,42.699766127500006,1.0
2025-06-05,2025-06-05 13:32:00,ADJUST_CLOSE,ce,BUY,169.0,170.0,75,10.0,0.0,4.466325,0.06375,0.01275,0.3825,2.6177085000000004,17.543033500000003,1.0
2025-06-05,2025-06-05 13:32:00,ADJUST_OPEN,ce,SELL,359.3,358.3,75,10.0,26.872500000000002,9.41343675,0.13436250000000002,0.026872499999999997,0.0,3.5234409150000006,49.97061266500001,1.0
2025-06-05,2025-06-05 15:15:00,TIME_EXIT,ce,BUY,393.85,394.85,75,10.0,0.0,10.373696625000001,0.14806875,0.029613749999999998,0.8884125,3.6992482425,25.139039867500003,1.0
2025-06-05,2025-06-05 15:15:00,TIME_EXIT,pe,BUY,348.75,349.75,75,10.0,0.0,9.188806875000001,0.13115625,0.026231249999999998,0.7869375000000001,3.4823149874999997,23.6154468625,1.0
2025-06-06,2025-06-06 09:30:00,ENTRY,ce,SELL,191.25,190.25,75,10.0,14.26875,4.998343125,0.07134375000000001,0.01426875,0.0,2.7151120124999997,32.0678176375,1.0
2025-06-06,2025-06-06 09:30:00,ENTRY,pe,SELL,224.7,223.7,75,10.0,16.7775,5.87715825,0.0838875,0.0167775,0.0,2.876008185,35.63133143500001,1.0
2025-06-06,2025-06-06 10:42:00,ADJUST_CLOSE,pe,BUY,163.7,164.7,75,10.0,0.0,4.32708075,0.061762500000000005,0.012352499999999999,0.370575,2.5922152350000003,17.363985985000003,1.0
2025-06-06,2025-06-06 10:42:00,ADJUST_OPEN,pe,SELL,316.3,315.3,75,10.0,23.6475,8.28371925,0.11823750000000001,0.0236475,0.0,3.316608765,45.389713015,1.0
2025-06-06,2025-06-06 11:42:00,STOP_EXIT,ce,BUY,400.0,401.0,75,10.0,0.0,10.5352725,0.150375,0.030074999999999998,0.90225,3.7288300499999996,25.346802549999996,1.0
2025-06-06,2025-06-06 11:42:00,STOP_EXIT,pe,BUY,265.8,266.8,75,10.0,0.0,7.0095030000000005,0.10005000000000001,0.02001,0.6003000000000001,3.08332134,20.813184340000003,1.0
2025-06-09,2025-06-09 09:30:00,ENTRY,ce,SELL,152.1,151.1,75,10.0,11.3325,3.96977475,0.056662500000000005,0.011332499999999999,0.0,2.5267985549999996,27.897068305,1.0
2025-06-09,2025-06-09 09:30:00,ENTRY,pe,SELL,234.95,233.95,75,10.0,17.54625,6.146451375,0.08773125000000001,0.01754625,0.0,2.9253111974999997,36.7232900725,1.0
2025-06-09,2025-06-09 15:15:00,TIME_EXIT,ce,BUY,139.15,140.15,75,10.0,0.0,3.682090875,0.052556250000000006,0.01051125,0.3153375,2.4741285075,16.534624382500002,1.0
2025-06-09,2025-06-09 15:15:00,TIME_EXIT,pe,BUY,212.6,213.6,75,10.0,0.0,5.611806,0.0801,0.01602,0.4806,2.82742668,19.015952679999998,1.0
2025-06-10,2025-06-10 09:30:00,ENTRY,ce,SELL,108.35,107.35,75,10.0,8.05125,2.820352875,0.04025625,0.00805125,0.0,2.3163588675,23.2362692425,1.0
2025-06-10,2025-06-10 09:30:00,ENTRY,pe,SELL,211.2,210.2,75,10.0,15.765,5.5224795,0.078825,0.015764999999999998,0.0,2.81107251,34.193142009999995,1.0
2025-06-10,2025-06-10 14:56:00,ADJUST_CLOSE,ce,BUY,86.15,87.15,75,10.0,0.0,2.289648375,0.03268125,0.0065362499999999995,0.1960875,2.2191958575,14.7441492325,1.0
2025-06-10,2025-06-10 14:56:00,ADJUST_OPEN,ce,SELL,187.9,186.9,75,10.0,14.0175,4.91033025,0.07008750000000001,0.014017499999999999,0.0,2.698998345,31.710933595,1.0
2025-06-10,2025-06-10 15:15:00,TIME_EXIT,ce,BUY,179.3,180.3,75,10.0,0.0,4.73693175,0.0676125,0.0135225,0.405675,2.667252015,17.890993765,1.0
2025-06-10,2025-06-10 15:15:00,TIME_EXIT,pe,BUY,182.95,183.95,75,10.0,0.0,4.832826375,0.06898125000000001,0.01379625,0.4138875,2.6848086975,18.0143000725,1.0
2025-06-11,2025-06-11 09:30:00,ENTRY,ce,SELL,65.3,64.3,75,10.0,4.8225,1.68932175,0.024112500000000002,0.0048224999999999995,0.0,2.1092862149999996,18.650042965,1.0
2025-06-11,2025-06-11 09:30:00,ENTRY,pe,SELL,183.15,182.15,75,10.0,13.66125,4.785535875,0.06830625,0.01366125,0.0,2.6761506075,31.2049039825,1.0
2025-06-11,2025-06-11 09:32:00,ADJUST_CLOSE,ce,BUY,60.1,61.1,75,10.0,0.0,1.60524975,0.022912500000000002,0.0045825,0.137475,2.093894055,13.864113805,1.0
2025-06-11,2025-06-11 09:32:00,ADJUST_OPEN,ce,SELL,190.8,189.8,75,10.0,14.235,4.9865205,0.071175,0.014235,0.0,2.71294749,32.01987799,1.0
2025-06-11,2025-06-11 12:24:00,ADJUST_CLOSE,pe,BUY,138.4,139.4,75,10.0,0.0,3.6623865,0.052275,0.010454999999999999,0.31365,2.47052097,16.50928747,1.0
2025-06-11,2025-06-11 12:24:00,ADJUST_OPEN,pe,SELL,291.3,290.3,75,10.0,21.7725,7.62690675,0.10886250000000001,0.0217725,0.0,3.1963575150000003,42.726399265,1.0
2025-06-11,2025-06-11 15:15:00,TIME_EXIT,ce,BUY,210.45,211.45,75,10.0,0.0,5.555320125,0.07929375000000001,0.015858749999999998,0.47576250000000003,2.8170850725,18.943320197499997,1.0
2025-06-11,2025-06-11 15:15:00,TIME_EXIT,pe,BUY,340.0,341.0,75,10.0,0.0,8.9589225,0.12787500000000002,0.025575,0.76725,3.44022705,23.31984955,1.0
2025-06-12,2025-06-12 09:30:00,ENTRY,ce,SELL,36.45,35.45,75,10.0,2.65875,0.931360125,0.013293750000000002,0.00265875,0.0,1.9705162725,15.5765788975,1.0
2025-06-12,2025-06-12 09:30:00,ENTRY,pe,SELL,166.3,165.3,75,10.0,12.3975,4.34284425,0.06198750000000001,0.012397499999999999,0.0,2.595101265,29.409830515,1.0
2025-06-12,2025-06-12 09:32:00,ADJUST_CLOSE,ce,BUY,42.65,43.65,75,10.0,0.0,1.146794625,0.01636875,0.0032737499999999998,0.09821250000000001,2.0099586824999998,13.2746083075,1.0
2025-06-12,2025-06-12 09:32:00,ADJUST_OPEN,ce,SELL,184.5,183.5,75,10.0,13.762500000000001,4.82100375,0.06881250000000001,0.013762499999999999,0.0,2.6826441749999996,31.348722925,1.0
2025-06-12,2025-06-12 10:01:00,ADJUST_CLOSE,ce,BUY,95.8,96.8,75,10.0,0.0,2.543178,0.036300000000000006,0.00726,0.2178,2.26561284,15.070150840000004,1.0
2025-06-12,2025-06-12 10:01:00,ADJUST_OPEN,ce,SELL,216.65,215.65,75,10.0,16.173750000000002,5.665664625,0.08086875,0.01617375,0.0,2.8372872825,34.773744407500004,1.0
2025-06-12,2025-06-12 13:28:00,ADJUST_CLOSE,ce,BUY,130.8,131.8,75,10.0,0.0,3.4627155,0.049425000000000004,0.009885,0.29655,2.43396459,16.25254009,1.0
2025-06-12,2025-06-12 13:28:00,ADJUST_OPEN,ce,SELL,274.95,273.95,75,10.0,20.54625,7.197351375,0.10273125000000001,0.02054625,0.0,3.1177131975,40.9845920725,1.0
2025-06-12,2025-06-12 13:48:00,ADJUST_CLOSE,ce,BUY,172.9,173.9,75,10.0,0.0,4.56878775,0.0652125,0.0130425,0.391275,2.636467695,17.674785444999998,1.0
2025-06-12,2025-06-12 13:48:00,ADJUST_OPEN,ce,SELL,370.15,369.15,75,10.0,27.68625,9.698493375,0.13843125,0.02768625,0.0,3.5756299574999995,51.1264908325,1.0
2025-06-12,2025-06-12 15:15:00,TIME_EXIT,ce,BUY,391.2,392.2,75,10.0,0.0,10.3040745,0.147075,0.029415,0.8824500000000001,3.6865016099999997,25.04951611,1.0
2025-06-12,2025-06-12 15:15:00,TIME_EXIT,pe,BUY,358.05,359.05,75,10.0,0.0,9.433141125,0.13464375,0.026928749999999998,0.8078625,3.5270484524999994,23.929624577499997,1.0
2025-06-13,2025-06-13 09:30:00,ENTRY,ce,SELL,224.0,223.0,75,10.0,16.725,5.8587675,0.083625,0.016725,0.0,2.8726411499999993,35.55675865,1.0
2025-06-13,2025-06-13 09:30:00,ENTRY,pe,SELL,240.2,239.2,75,10.0,17.94,6.284382,0.0897,0.017939999999999998,0.0,2.95056396,37.282585960000006,1.0
2025-06-13,2025-06-13 15:15:00,TIME_EXIT,ce,BUY,233.0,234.0,75,10.0,0.0,6.147765,0.08775000000000001,0.01755,0.5265,2.9255516999999998,19.705116699999998,1.0
2025-06-13,2025-06-13 15:15:00,TIME_EXIT,pe,BUY,216.65,217.65,75,10.0,0.0,5.718209625,0.08161875,0.016323749999999998,0.4897125,2.8469073825,19.1527720075,1.0
2025-06-16,2025-06-16 09:30:00,ENTRY,ce,SELL,170.25,169.25,75,10.0,12.69375,4.446620625,0.06346875,0.01269375,0.0,2.6141009625000002,29.830634087500002,1.0
2025-06-16,2025-06-16 09:30:00,ENTRY,pe,SELL,202.8,201.8,75,10.0,15.135,5.3017905,0.075675,0.015135,0.0,2.77066809,33.29826859,1.0
2025-06-16,2025-06-16 12:44:00,ADJUST_CLOSE,pe,BUY,145.0,146.0,75,10.0,0.0,3.835785,0.05475000000000001,0.01095,0.3285,2.5022672999999998,16.7322523,1.0
2025-06-16,2025-06-16 12:44:00,ADJUST_OPEN,pe,SELL,285.2,284.2,75,10.0,21.315,7.4666445,0.106575,0.021315,0.0,3.1670162100000003,42.07655071,1.0
2025-06-16,2025-06-16 15:15:00,TIME_EXIT,ce,BUY,277.3,278.3,75,10.0,0.0,7.31163675,0.10436250000000001,0.0208725,0.626175,3.1386369149999997,21.201683664999997,1.0
2025-06-16,2025-06-16 15:15:00,TIME_EXIT,pe,BUY,289.0,290.0,75,10.0,0.0,7.619025,0.10875000000000001,0.02175,0.6525,3.1949145000000003,21.5969395,1.0
2025-06-17,2025-06-17 09:30:00,ENTRY,ce,SELL,112.65,111.65,75,10.0,8.37375,2.933324625,0.04186875,0.00837375,0.0,2.3370420825000005,23.694359207500003,1.0
2025-06-17,2025-06-17 09:30:00,ENTRY,pe,SELL,226.55,225.55,75,10.0,16.91625,5.925762375,0.08458125000000001,0.01691625,0.0,2.8849067775000004,35.8284166525,1.0
2025-06-17,2025-06-17 09:37:00,ADJUST_CLOSE,ce,BUY,108.55,109.55,75,10.0,0.0,2.878152375,0.04108125000000001,0.00821625,0.2464875,2.3269409774999996,15.5008783525,1.0
2025-06-17,2025-06-17 09:37:00,ADJUST_OPEN,ce,SELL,201.2,200.2,75,10.0,15.015,5.2597545,0.075075,0.015014999999999999,0.0,2.76297201,33.127816509999995,1.0
2025-06-17,2025-06-17 15:15:00,TIME_EXIT,ce,BUY,162.9,163.9,75,10.0,0.0,4.30606275,0.0614625,0.0122925,0.368775,2.5883671949999996,17.336959944999997,1.0
2025-06-17,2025-06-17 15:15:00,TIME_EXIT,pe,BUY,228.65,229.65,75,10.0,0.0,6.033479625,0.08611875000000001,0.01722375,0.5167125,2.9046279824999996,19.558162607499998,1.0
2025-06-18,2025-06-18 09:30:00,ENTRY,ce,SELL,96.5,95.5,75,10.0,7.1625000000000005,2.50902375,0.035812500000000004,0.0071625,0.0,2.259359775,21.973858525,1.0
2025-06-18,2025-06-18 09:30:00,ENTRY,pe,SELL,198.55,197.55,75,10.0,14.81625,5.190132375,0.07408125,0.01481625,0.0,2.7502253775000005,32.8455052525,1.0
2025-06-18,2025-06-18 10:23:00,ADJUST_CLOSE,ce,BUY,86.4,87.4,75,10.0,0.0,2.2962165,0.032775000000000006,0.006555,0.19665,2.2203983700000003,14.752594870000001,1.0
2025-06-18,2025-06-18 10:23:00,ADJUST_OPEN,ce,SELL,184.0,183.0,75,10.0,13.725,4.8078675,0.068625,0.013725,0.0,2.6802391500000002,31.295456650000006,1.0
2025-06-18,2025-06-18 11:32:00,ADJUST_CLOSE,ce,BUY,115.65,116.65,75,10.0,0.0,3.064687125,0.043743750000000005,0.00874875,0.2624625,2.3610923325,15.7407344575,1.0
2025-06-18,2025-06-18 11:32:00,ADJUST_OPEN,ce,SELL,264.9,263.9,75,10.0,19.7925,6.93331275,0.09896250000000001,0.019792499999999998,0.0,3.0693721949999997,39.913939945,1.0
2025-06-18,2025-06-18 15:15:00,TIME_EXIT,ce,BUY,265.0,266.0,75,10.0,0.0,6.988485,0.09975,0.01995,0.5985,3.0794733000000005,20.786158300000004,1.0
2025-06-18,2025-06-18 15:15:00,TIME_EXIT,pe,BUY,245.5,246.5,75,10.0,0.0,6.47617125,0.0924375,0.0184875,0.554625,2.9856773249999997,20.127398575,1.0
2025-06-19,2025-06-19 09:30:00,ENTRY,ce,SELL,32.35,31.35,75,10.0,2.35125,0.823642875,0.011756250000000001,0.00235125,0.0,1.9507950675,15.1397954425,1.0
2025-06-19,2025-06-19 09:30:00,ENTRY,pe,SELL,197.4,196.4,75,10.0,14.73,5.159919,0.07365000000000001,0.01473,0.0,2.74469382,32.72299282,1.0
2025-06-19,2025-06-19 09:32:00,ADJUST_CLOSE,ce,BUY,31.1,32.1,75,10.0,0.0,0.84334725,0.012037500000000001,0.0024075,0.072225,1.954402605,12.884419855,1.0
2025-06-19,2025-06-19 09:32:00,ADJUST_OPEN,ce,SELL,178.0,177.0,75,10.0,13.275,4.6502325,0.066375,0.013274999999999999,0.0,2.6513788500000004,30.65626135,1.0
2025-06-19,2025-06-19 15:15:00,TIME_EXIT,ce,BUY,149.3,150.3,75,10.0,0.0,3.9487567500000003,0.0563625,0.0112725,0.338175,2.5229505150000002,16.877517265,1.0
2025-06-19,2025-06-19 15:15:00,TIME_EXIT,pe,BUY,213.45,214.45,75,10.0,0.0,5.634137625,0.08041875000000001,0.01608375,0.4825125,2.8315152225,19.0446678475,1.0
2025-06-20,2025-06-20 09:30:00,ENTRY,ce,SELL,159.1,158.1,75,10.0,11.8575,4.15368225,0.05928750000000001,0.0118575,0.0,2.5604689049999996,28.642796155000003,1.0
2025-06-20,2025-06-20 09:30:00,ENTRY,pe,SELL,235.55,234.55,75,10.0,17.59125,6.162214875,0.08795625000000001,0.01759125,0.0,2.9281972275,36.7872096025,1.0
2025-06-20,2025-06-20 11:40:00,ADJUST_CLOSE,pe,BUY,154.3,155.3,75,10.0,0.0,4.08011925,0.058237500000000005,0.0116475,0.349425,2.547000765,17.046430015,1.0
2025-06-20,2025-06-20 11:40:00,ADJUST_OPEN,pe,SELL,322.5,321.5,75,10.0,24.1125,8.44660875,0.1205625,0.0241125,0.0,3.3464310749999995,46.05021482499999,1.0
2025-06-20,2025-06-20 15:15:00,TIME_EXIT,ce,BUY,344.2,345.2,75,10.0,0.0,9.069267,0.12945,0.02589,0.7767000000000001,3.4604292599999997,23.461736260000002,1.0
2025-06-20,2025-06-20 15:15:00,TIME_EXIT,pe,BUY,311.05,312.05,75,10.0,0.0,8.198333625,0.11701875,0.023403749999999997,0.7021125,3.3009761025,22.341844727499996,1.0
2025-06-23,2025-06-23 09:30:00,ENTRY,ce,SELL,178.0,177.0,75,10.0,13.275,4.6502325,0.066375,0.013274999999999999,0.0,2.6513788500000004,30.65626135,1.0
2025-06-23,2025-06-23 09:30:00,ENTRY,pe,SELL,210.0,209.0,75,10.0,15.675,5.4909525,0.078375,0.015674999999999998,0.0,2.8053004499999994,34.06530295,1.0
2025-06-23,2025-06-23 15:15:00,TIME_EXIT,ce,BUY,228.7,229.7,75,10.0,0.0,6.03479325,0.0861375,0.0172275,0.516825,2.9048684849999997,19.559851735000002,1.0
2025-06-23,2025-06-23 15:15:00,TIME_EXIT,pe,BUY,173.0,174.0,75,10.0,0.0,4.571415,0.06525,0.013049999999999999,0.3915,2.6369487,17.678163700000002,1.0
2025-06-24,2025-06-24 09:30:00,ENTRY,ce,SELL,124.0,123.0,75,10.0,9.225,3.2315175,0.046125000000000006,0.009224999999999999,0.0,2.3916361499999996,24.90350365,1.0
2025-06-24,2025-06-24 09:30:00,ENTRY,pe,SELL,199.7,198.7,75,10.0,14.9025,5.22034575,0.07451250000000001,0.014902499999999999,0.0,2.755756935,32.968017685,1.0
2025-06-24,2025-06-24 09:38:00,ADJUST_CLOSE,ce,BUY,103.35,104.35,75,10.0,0.0,2.741535375,0.039131250000000006,0.00782625,0.2347875,2.3019287175,15.3252090925,1.0
2025-06-24,2025-06-24 09:38:00,ADJUST_OPEN,ce,SELL,226.2,225.2,75,10.0,16.89,5.916567,0.08445000000000001,0.01689,0.0,2.8832232600000003,35.791130259999996,1.0
2025-06-24,2025-06-24 11:34:00,ADJUST_CLOSE,pe,BUY,168.35,169.35,75,10.0,0.0,4.449247875,0.06350625,0.012701249999999999,0.38103750000000003,2.6145819675,17.5210748425,1.0
2025-06-24,2025-06-24 11:34:00,ADJUST_OPEN,pe,SELL,344.4,343.4,75,10.0,25.755,9.021976500000001,0.128775,0.025755,0.0,3.45177117,48.38327766999999,1.0
2025-06-24,2025-06-24 13:33:00,ADJUST_CLOSE,ce,BUY,220.35,221.35,75,10.0,0.0,5.815417875,0.08300625,0.016601249999999998,0.4980375,2.8647045675,19.2777674425,1.0
2025-06-24,2025-06-24 13:33:00,ADJUST_OPEN,ce,SELL,471.6,470.6,75,10.0,35.295,12.3638385,0.17647500000000002,0.035295,0.0,4.06360953,61.934218030000004,1.0
2025-06-24,2025-06-24 15:15:00,TIME_EXIT,ce,BUY,375.0,376.0,75,10.0,0.0,9.87846,0.14100000000000001,0.0282,0.846,3.6085788,24.5022388,1.0
2025-06-24,2025-06-24 15:15:00,TIME_EXIT,pe,BUY,546.9,547.9,75,10.0,0.0,14.39470275,0.20546250000000002,0.0410925,1.232775,4.435426395,30.309459145,1.0
2025-06-25,2025-06-25 09:30:00,ENTRY,ce,SELL,74.05,73.05,75,10.0,5.47875,1.919206125,0.02739375,0.00547875,0.0,2.1513741525,19.582202777500004,1.0
2025-06-25,2025-06-25 09:30:00,ENTRY,pe,SELL,205.85,204.85,75,10.0,15.36375,5.381921625,0.07681875,0.015363749999999999,0.0,2.7853387425,33.6231928675,1.0
2025-06-25,2025-06-25 09:32:00,ADJUST_CLOSE,ce,BUY,79.85,80.85,75,10.0,0.0,2.124131625,0.030318750000000002,0.00606375,0.1819125,2.1888925424999996,14.531319167499998,1.0
2025-06-25,2025-06-25 09:32:00,ADJUST_OPEN,ce,SELL,217.05,216.05,75,10.0,16.20375,5.676173625,0.08101875,0.01620375,0.0,2.8392113025000003,34.816357427499995,1.0
2025-06-25,2025-06-25 15:15:00,TIME_EXIT,ce,BUY,270.1,271.1,75,10.0,0.0,7.12247475,0.1016625,0.0203325,0.609975,3.104004555,20.958449305,1.0
2025-06-25,2025-06-25 15:15:00,TIME_EXIT,pe,BUY,159.5,160.5,75,10.0,0.0,4.21673625,0.060187500000000005,0.0120375,0.36112500000000003,2.572013025,17.222099274999998,1.0
2025-06-26,2025-06-26 09:30:00,ENTRY,ce,SELL,72.75,71.75,75,10.0,5.3812500000000005,1.885051875,0.026906250000000003,0.00538125,0.0,2.1451210874999997,19.4437104625,1.0
2025-06-26,2025-06-26 09:30:00,ENTRY,pe,SELL,182.15,181.15,75,10.0,13.58625,4.759263375,0.06793125000000001,0.01358625,0.0,2.6713405574999998,31.0983714325,1.0
2025-06-26,2025-06-26 09:33:00,ADJUST_CLOSE,ce,BUY,83.55,84.55,75,10.0,0.0,2.221339875,0.031706250000000005,0.00634125,0.1902375,2.2066897274999997,14.6563146025,1.0
2025-06-26,2025-06-26 09:33:00,ADJUST_OPEN,ce,SELL,192.5,191.5,75,10.0,14.3625,5.03118375,0.0718125,0.014362499999999999,0.0,2.721124575,32.200983325,1.0
2025-06-26,2025-06-26 13:47:00,ADJUST_CLOSE,pe,BUY,135.85,136.85,75,10.0,0.0,3.595391625,0.05131875,0.01026375,0.30791250000000003,2.4582553424999998,16.4231419675,1.0
2025-06-26,2025-06-26 13:47:00,ADJUST_OPEN,pe,SELL,278.0,277.0,75,10.0,20.775000000000002,7.2774825000000005,0.10387500000000001,0.020775,0.0,3.13238385,41.30951635000001,1.0
2025-06-26,2025-06-26 15:15:00,TIME_EXIT,ce,BUY,347.3,348.3,75,10.0,0.0,9.15071175,0.13061250000000002,0.0261225,0.783675,3.475340415,23.566462164999997,1.0
2025-06-26,2025-06-26 15:15:00,TIME_EXIT,pe,BUY,234.7,235.7,75,10.0,0.0,6.19242825,0.08838750000000001,0.0176775,0.530325,2.933728785,19.762547035,1.0
2025-06-27,2025-06-27 09:30:00,ENTRY,ce,SELL,174.55,173.55,75,10.0,13.01625,4.559592375,0.06508125000000001,0.01301625,0.0,2.6347841775000003,30.2887240525,1.0
2025-06-27,2025-06-27 09:30:00,ENTRY,pe,SELL,229.45,228.45,75,10.0,17.13375,6.001952625,0.08566875,0.01713375,0.0,2.8988559225,36.1373610475,1.0
2025-06-27,2025-06-27 15:15:00,TIME_EXIT,ce,BUY,198.2,199.2,75,10.0,0.0,5.233482,0.0747,0.01494,0.4482,2.75816196,18.52948396,1.0
2025-06-27,2025-06-27 15:15:00,TIME_EXIT,pe,BUY,166.5,167.5,75,10.0,0.0,4.40064375,0.06281250000000001,0.012562499999999999,0.376875,2.605683375,17.458577124999998,1.0
2025-06-30,2025-06-30 09:30:00,ENTRY,ce,SELL,163.75,162.75,75,10.0,12.20625,4.275849375,0.06103125,0.01220625,0.0,2.5828356374999997,29.1381725125,1.0
2025-06-30,2025-06-30 09:30:00,ENTRY,pe,SELL,179.25,178.25,75,10.0,13.36875,4.683073125,0.06684375000000001,0.013368749999999999,0.0,2.6573914125,30.7894270375,1.0
2025-06-30,2025-06-30 12:46:00,ADJUST_CLOSE,ce,BUY,109.05,110.05,75,10.0,0.0,2.891288625,0.04126875000000001,0.008253749999999999,0.2476125,2.3293460025,15.5177696275,1.0
2025-06-30,2025-06-30 12:46:00,ADJUST_OPEN,ce,SELL,225.8,224.8,75,10.0,16.86,5.906058,0.08430000000000001,0.01686,0.0,2.88129924,35.74851724,1.0
2025-06-30,2025-06-30 15:15:00,TIME_EXIT,ce,BUY,206.4,207.4,75,10.0,0.0,5.4489165,0.07777500000000001,0.015555,0.46665,2.79760437,18.80650087,1.0
2025-06-30,2025-06-30 15:15:00,TIME_EXIT,pe,BUY,234.8,235.8,75,10.0,0.0,6.1950555000000005,0.088425,0.017685,0.53055,2.9342097900000006,19.765925290000006,1.0
2025-07-01,2025-07-01 09:30:00,ENTRY,ce,SELL,102.15,101.15,75,10.0,7.58625,2.657463375,0.03793125,0.007586249999999999,0.0,2.2865365574999994,22.575767432499998,1.0
2025-07-01,2025-07-01 09:30:00,ENTRY,pe,SELL,205.85,204.85,75,10.0,15.36375,5.381921625,0.07681875,0.015363749999999999,0.0,2.7853387425,33.6231928675,1.0
2025-07-01,2025-07-01 09:39:00,ADJUST_CLOSE,ce,BUY,100.85,101.85,75,10.0,0.0,2.675854125,0.038193750000000005,0.00763875,0.22916250000000002,2.2899035925,15.2407527175,1.0
2025-07-01,2025-07-01 09:39:00,ADJUST_OPEN,ce,SELL,188.0,187.0,75,10.0,14.025,4.9129575,0.070125,0.014025,0.0,2.6994793500000003,31.72158685,1.0
2025-07-01,2025-07-01 15:15:00,TIME_EXIT,ce,BUY,154.85,155.85,75,10.0,0.0,4.0945691250000005,0.05844375,0.01168875,0.3506625,2.5496462925,17.065010417499998,1.0
2025-07-01,2025-07-01 15:15:00,TIME_EXIT,pe,BUY,198.65,199.65,75,10.0,0.0,5.245304625,0.07486875000000001,0.01497375,0.4492125,2.7603264824999996,18.5446861075,1.0
2025-07-02,2025-07-02 09:30:00,ENTRY,ce,SELL,94.0,93.0,75,10.0,6.9750000000000005,2.4433425,0.034875,0.006974999999999999,0.0,2.24733465,21.70752715,1.0
2025-07-02,2025-07-02 09:30:00,ENTRY,pe,SELL,152.25,151.25,75,10.0,11.34375,3.973715625,0.056718750000000005,0.01134375,0.0,2.5275200625,27.913048187500003,1.0
2025-07-02,2025-07-02 09:44:00,ADJUST_CLOSE,ce,BUY,80.75,81.75,75,10.0,0.0,2.147776875,0.030656250000000003,0.0061312499999999995,0.1839375,2.1932215874999996,14.5617234625,1.0
2025-07-02,2025-07-02 09:44:00,ADJUST_OPEN,ce,SELL,145.0,144.0,75,10.0,10.8,3.78324,0.054000000000000006,0.010799999999999999,0.0,2.4926472,27.1406872,1.0
2025-07-02,2025-07-02 11:06:00,ADJUST_CLOSE,ce,BUY,98.1,99.1,75,10.0,0.0,2.60360475,0.0371625,0.0074325,0.222975,2.2766759550000004,15.147850705000002,1.0
2025-07-02,2025-07-02 11:06:00,ADJUST_OPEN,ce,SELL,210.1,209.1,75,10.0,15.682500000000001,5.49357975,0.07841250000000001,0.0156825,0.0,2.805781455,34.075956205,1.0
2025-07-02,2025-07-02 15:15:00,TIME_EXIT,ce,BUY,174.95,175.95,75,10.0,0.0,4.622646375,0.06598125,0.01319625,0.3958875,2.6463282975,17.7440396725,1.0
2025-07-02,2025-07-02 15:15:00,TIME_EXIT,pe,BUY,207.6,208.6,75,10.0,0.0,5.4804435,0.078225,0.015645,0.46935,2.8033764299999997,18.847039929999998,1.0
2025-07-03,2025-07-03 09:30:00,ENTRY,ce,SELL,39.4,38.4,75,10.0,2.88,1.008864,0.014400000000000001,0.0028799999999999997,0.0,1.9847059199999997,15.890849919999997,1.0
2025-07-03,2025-07-03 09:30:00,ENTRY,pe,SELL,162.55,161.55,75,10.0,12.11625,4.244322375,0.06058125,0.01211625,0.0,2.5770635774999997,29.010333452499996,1.0
2025-07-03,2025-07-03 09:32:00,ADJUST_CLOSE,ce,BUY,37.15,38.15,75,10.0,0.0,1.002295875,0.014306250000000001,0.00286125,0.0858375,1.9835034075,13.088804282500002,1.0
2025-07-03,2025-07-03 09:32:00,ADJUST_OPEN,ce,SELL,142.7,141.7,75,10.0,10.6275,3.72281325,0.053137500000000004,0.0106275,0.0,2.4815840849999997,26.895662334999997,1.0
2025-07-03,2025-07-03 09:55:00,ADJUST_CLOSE,pe,BUY,117.3,118.3,75,10.0,0.0,3.10803675,0.044362500000000006,0.0088725,0.266175,2.369028915,15.796475665,1.0
2025-07-03,2025-07-03 09:55:00,ADJUST_OPEN,pe,SELL,243.5,242.5,75,10.0,18.1875,6.3710812500000005,0.0909375,0.0181875,0.0,2.9664371249999997,37.63414337500001,1.0
2025-07-03,2025-07-03 14:30:00,ADJUST_CLOSE,ce,BUY,146.75,147.75,75,10.0,0.0,3.881761875,0.055406250000000004,0.011081249999999999,0.3324375,2.5106848875,16.7913717625,1.0
2025-07-03,2025-07-03 14:30:00,ADJUST_OPEN,ce,SELL,295.2,294.2,75,10.0,22.065,7.7293695,0.110325,0.022064999999999998,0.0,3.21511671,43.14187620999999,1.0
2025-07-03,2025-07-03 15:15:00,TIME_EXIT,ce,BUY,258.75,259.75,75,10.0,0.0,6.8242818750000005,0.09740625000000001,0.01948125,0.5844375,3.0494104874999994,20.5750173625,1.0
2025-07-03,2025-07-03 15:15:00,TIME_EXIT,pe,BUY,321.15,322.15,75,10.0,0.0,8.463685875,0.12080625,0.02416125,0.7248375,3.3495576075,22.6830484825,1.0
2025-07-04,2025-07-04 09:30:00,ENTRY,ce,SELL,168.0,167.0,75,10.0,12.525,4.3875075,0.062625,0.012525,0.0,2.60327835,29.590935849999997,1.0
2025-07-04,2025-07-04 09:30:00,ENTRY,pe,SELL,187.65,186.65,75,10.0,13.998750000000001,4.903762125,0.06999375000000001,0.013998749999999999,0.0,2.6977958325,31.684300457499997,1.0
2025-07-04,2025-07-04 15:15:00,TIME_EXIT,ce,BUY,174.95,175.95,75,10.0,0.0,4.622646375,0.06598125,0.01319625,0.3958875,2.6463282975,17.7440396725,1.0
2025-07-04,2025-07-04 15:15:00,TIME_EXIT,pe,BUY,166.2,167.2,75,10.0,0.0,4.392762,0.0627,0.012539999999999999,0.37620000000000003,2.60424036,17.44844236,1.0
2025-07-07,2025-07-07 09:30:00,ENTRY,ce,SELL,96.25,95.25,75,10.0,7.14375,2.502455625,0.03571875,0.00714375,0.0,2.2581572624999997,21.9472253875,1.0
2025-07-07,2025-07-07 09:30:00,ENTRY,pe,SELL,211.95,210.95,75,10.0,15.821250000000001,5.542183875,0.07910625,0.01582125,0.0,2.8146800475,34.27304142249999,1.0
2025-07-07,2025-07-07 09:32:00,ADJUST_CLOSE,ce,BUY,98.2,99.2,75,10.0,0.0,2.606232,0.037200000000000004,0.0074399999999999996,0.2232,2.27715696,15.151228960000001,1.0
2025-07-07,2025-07-07 09:32:00,ADJUST_OPEN,ce,SELL,215.95,214.95,75,10.0,16.12125,5.647273875,0.08060625,0.01612125,0.0,2.8339202475,34.6991716225,1.0
2025-07-07,2025-07-07 15:15:00,TIME_EXIT,ce,BUY,219.5,220.5,75,10.0,0.0,5.79308625,0.08268750000000001,0.0165375,0.49612500000000004,2.860616025,19.249052275,1.0
2025-07-07,2025-07-07 15:15:00,TIME_EXIT,pe,BUY,198.8,199.8,75,10.0,0.0,5.2492455,0.074925,0.014985,0.44955,2.76104799,18.54975349,1.0
2025-07-08,2025-07-08 09:30:00,ENTRY,ce,SELL,120.4,119.4,75,10.0,8.955,3.1369365,0.044775,0.008955,0.0,2.37431997,24.51998647,1.0
2025-07-08,2025-07-08 09:30:00,ENTRY,pe,SELL,157.0,156.0,75,10.0,11.700000000000001,4.09851,0.0585,0.0117,0.0,2.5503678,28.419077800000004,1.0
2025-07-08,2025-07-08 15:15:00,TIME_EXIT,ce,BUY,152.1,153.1,75,10.0,0.0,4.02231975,0.057412500000000005,0.0114825,0.34447500000000003,2.536418655,16.972108405,1.0
2025-07-08,2025-07-08 15:15:00,TIME_EXIT,pe,BUY,118.6,119.6,75,10.0,0.0,3.142191,0.04485,0.008969999999999999,0.2691,2.37528198,15.84039298,1.0
2025-07-09,2025-07-09 09:30:00,ENTRY,ce,SELL,69.7,68.7,75,10.0,5.1525,1.80492075,0.0257625,0.0051525,0.0,2.130450435,19.118786185,1.0
2025-07-09,2025-07-09 09:30:00,ENTRY,pe,SELL,147.6,146.6,75,10.0,10.995000000000001,3.8515485,0.054975,0.010995,0.0,2.5051533299999997,27.41767183,1.0
2025-07-09,2025-07-09 09:33:00,ADJUST_CLOSE,ce,BUY,69.55,70.55,75,10.0,0.0,1.853524875,0.02645625,0.00529125,0.1587375,2.1393490275000002,14.183358902500002,1.0
2025-07-09,2025-07-09 09:33:00,ADJUST_OPEN,ce,SELL,133.0,132.0,75,10.0,9.9,3.46797,0.0495,0.009899999999999999,0.0,2.4349266000000003,25.862296599999997,1.0
2025-07-09,2025-07-09 15:15:00,TIME_EXIT,ce,BUY,127.8,128.8,75,10.0,0.0,3.383898,0.0483,0.00966,0.2898,2.41953444,16.15119244,1.0000000000000142
2025-07-09,2025-07-09 15:15:00,TIME_EXIT,pe,BUY,147.2,148.2,75,10.0,0.0,3.8935845000000002,0.055575000000000006,0.011115,0.33345,2.51284941,16.80657391,1.0
2025-07-10,2025-07-10 09:30:00,ENTRY,ce,SELL,49.2,48.2,75,10.0,3.615,1.2663345,0.018075,0.0036149999999999997,0.0,2.0318444099999997,16.93486891,1.0
2025-07-10,2025-07-10 09:30:00,ENTRY,pe,SELL,138.5,137.5,75,10.0,10.3125,3.61246875,0.051562500000000004,0.010312499999999999,0.0,2.461381875,26.448225625000003,1.0
2025-07-10,2025-07-10 09:32:00,ADJUST_CLOSE,ce,BUY,47.0,48.0,75,10.0,0.0,1.26108,0.018000000000000002,0.0036,0.108,2.0308824000000003,13.421562400000003,1.0
2025-07-10,2025-07-10 09:32:00,ADJUST_OPEN,ce,SELL,158.35,157.35,75,10.0,11.80125,4.133977875,0.05900625,0.01180125,0.0,2.5568613675,28.5628967425,1.0
2025-07-10,2025-07-10 12:07:00,ADJUST_CLOSE,ce,BUY,87.0,88.0,75,10.0,0.0,2.31198,0.033,0.0066,0.198,2.2232844,14.7728644,1.0
2025-07-10,2025-07-10 12:07:00,ADJUST_OPEN,ce,SELL,177.45,176.45,75,10.0,13.23375,4.635782625,0.06616875000000001,0.013233749999999999,0.0,2.6487333225,30.597668447500002,1.0
2025-07-10,2025-07-10 15:15:00,TIME_EXIT,ce,BUY,166.25,167.25,75,10.0,0.0,4.394075625,0.06271875,0.01254375,0.3763125,2.6044808625,17.4501314875,1.0
2025-07-10,2025-07-10 15:15:00,TIME_EXIT,pe,BUY,171.15,172.15,75,10.0,0.0,4.522810875,0.06455625000000001,0.012911249999999999,0.3873375,2.6280501075000005,17.6156659825,1.0
2025-07-11,2025-07-11 09:30:00,ENTRY,ce,SELL,143.9,142.9,75,10.0,10.7175,3.75434025,0.0535875,0.0107175,0.0,2.487356145,27.023501394999997,1.0
2025-07-11,2025-07-11 09:30:00,ENTRY,pe,SELL,174.3,173.3,75,10.0,12.9975,4.55302425,0.0649875,0.012997499999999999,0.0,2.6335816650000003,30.262090915000005,1.0
2025-07-11,2025-07-11 10:33:00,ADJUST_CLOSE,ce,BUY,101.05,102.05,75,10.0,0.0,2.6811086250000002,0.038268750000000004,0.00765375,0.2296125,2.2908656025,15.2475092275,1.0
2025-07-11,2025-07-11 10:33:00,ADJUST_OPEN,ce,SELL,217.25,216.25,75,10.0,16.21875,5.681428125,0.08109375,0.01621875,0.0,2.8401733125,34.837663937500004,1.0
2025-07-11,2025-07-11 15:15:00,TIME_EXIT,ce,BUY,171.95,172.95,75,10.0,0.0,4.543828875,0.06485625,0.01297125,0.3891375,2.6318981475,17.6426920225,1.0
2025-07-11,2025-07-11 15:15:00,TIME_EXIT,pe,BUY,242.8,243.8,75,10.0,0.0,6.4052355,0.091425,0.018285,0.54855,2.97269019,20.036185689999996,1.0
2025-07-14,2025-07-14 09:30:00,ENTRY,ce,SELL,133.4,132.4,75,10.0,9.93,3.478479,0.04965000000000001,0.00993,0.0,2.43685062,25.90490962,1.0
2025-07-14,2025-07-14 09:30:00,ENTRY,pe,SELL,157.15,156.15,75,10.0,11.71125,4.102450875,0.058556250000000004,0.01171125,0.0,2.5510893075,28.4350576825,1.0
2025-07-14,2025-07-14 15:15:00,TIME_EXIT,ce,BUY,148.2,149.2,75,10.0,0.0,3.919857,0.05595000000000001,0.01119,0.3357,2.5176594599999995,16.84035646,1.0
2025-07-14,2025-07-14 15:15:00,TIME_EXIT,pe,BUY,136.5,137.5,75,10.0,0.0,3.61246875,0.051562500000000004,0.010312499999999999,0.309375,2.461381875,16.445100625,1.0
2025-07-15,2025-07-15 09:30:00,ENTRY,ce,SELL,99.85,98.85,75,10.0,7.41375,2.597036625,0.037068750000000004,0.007413749999999999,0.0,2.2754734424999996,22.330742567500003,1.0
2025-07-15,2025-07-15 09:30:00,ENTRY,pe,SELL,149.85,148.85,75,10.0,11.16375,3.910661625,0.05581875000000001,0.01116375,0.0,2.5159759425,27.6573700675,1.0
2025-07-15,2025-07-15 09:41:00,ADJUST_CLOSE,ce,BUY,77.95,78.95,75,10.0,0.0,2.074213875,0.029606250000000004,0.005921249999999999,0.1776375,2.1797534475,14.4671323225,1.0
2025-07-15,2025-07-15 09:41:00,ADJUST_OPEN,ce,SELL,173.05,172.05,75,10.0,12.90375,4.5201836250000005,0.06451875,0.012903749999999999,0.0,2.6275691025,30.128925227500005,1.0
2025-07-15,2025-07-15 11:03:00,ADJUST_CLOSE,pe,BUY,124.6,125.6,75,10.0,0.0,3.299826,0.0471,0.00942,0.2826,2.40414228,16.04308828,1.0
2025-07-15,2025-07-15 11:03:00,ADJUST_OPEN,pe,SELL,253.95,252.95,75,10.0,18.97125,6.645628875,0.09485625,0.01897125,0.0,3.0167021474999998,38.747408522499995,1.0
2025-07-15,2025-07-15 15:15:00,TIME_EXIT,ce,BUY,238.6,239.6,75,10.0,0.0,6.294891,0.08985000000000001,0.01797,0.5391,2.9524879799999995,19.89429898,1.0
2025-07-15,2025-07-15 15:15:00,TIME_EXIT,pe,BUY,247.95,248.95,75,10.0,0.0,6.540538875,0.09335625,0.01867125,0.5601375000000001,2.9974619474999997,20.2101658225,1.0
2025-07-16,2025-07-16 09:30:00,ENTRY,ce,SELL,68.4,67.4,75,10.0,5.055,1.7707665,0.025275000000000002,0.005055,0.0,2.12419737,18.98029387,1.0
2025-07-16,2025-07-16 09:30:00,ENTRY,pe,SELL,139.0,138.0,75,10.0,10.35,3.625605,0.051750000000000004,0.01035,0.0,2.4637869,26.501491899999998,1.0
2025-07-16,2025-07-16 09:32:00,ADJUST_CLOSE,ce,BUY,67.35,68.35,75,10.0,0.0,1.795725375,0.02563125,0.00512625,0.1537875,2.1287669175,14.1090372925,1.0
2025-07-16,2025-07-16 09:32:00,ADJUST_OPEN,ce,SELL,132.3,131.3,75,10.0,9.8475,3.44957925,0.049237500000000003,0.0098475,0.0,2.4315595649999997,25.787723815,1.0
2025-07-16,2025-07-16 14:09:00,ADJUST_CLOSE,pe,BUY,98.2,99.2,75,10.0,0.0,2.606232,0.037200000000000004,0.0074399999999999996,0.2232,2.27715696,15.151228960000001,1.0
2025-07-16,2025-07-16 14:09:00,ADJUST_OPEN,pe,SELL,196.65,195.65,75,10.0,14.67375,5.1402146250000005,0.07336875000000001,0.01467375,0.0,2.7410862825,32.6430934075,1.0
2025-07-16,2025-07-16 15:15:00,TIME_EXIT,ce,BUY,179.2,180.2,75,10.0,0.0,4.7343045,0.06757500000000001,0.013515,0.40545000000000003,2.6667710099999997,17.88761551,1.0
2025-07-16,2025-07-16 15:15:00,TIME_EXIT,pe,BUY,206.45,207.45,75,10.0,0.0,5.450230125,0.07779375000000001,0.01555875,0.4667625,2.7978448725000002,18.8081899975,1.0
2025-07-17,2025-07-17 09:30:00,ENTRY,ce,SELL,43.55,42.55,75,10.0,3.19125,1.117894875,0.01595625,0.0031912499999999996,0.0,2.0046676275,16.332960002500002,1.0
2025-07-17,2025-07-17 09:30:00,ENTRY,pe,SELL,117.15,116.15,75,10.0,8.71125,3.051550875,0.043556250000000005,0.00871125,0.0,2.3586873075,24.1737556825,1.0
2025-07-17,2025-07-17 09:32:00,ADJUST_CLOSE,ce,BUY,37.0,38.0,75,10.0,0.0,0.998355,0.01425,0.0028499999999999997,0.0855,1.9827819000000002,13.083736900000002,1.0
2025-07-17,2025-07-17 09:32:00,ADJUST_OPEN,ce,SELL,112.55,111.55,75,10.0,8.36625,2.930697375,0.04183125,0.00836625,0.0,2.3365610775,23.683705952500006,1.0
2025-07-17,2025-07-17 10:31:00,ADJUST_CLOSE,ce,BUY,72.7,73.7,75,10.0,0.0,1.93628325,0.027637500000000002,0.005527499999999999,0.165825,2.154500685,14.289773935000001,1.0
2025-07-17,2025-07-17 10:31:00,ADJUST_OPEN,ce,SELL,158.65,157.65,75,10.0,11.82375,4.141859625,0.059118750000000005,0.01182375,0.0,2.5583043825,28.5948565075,1.0
2025-07-17,2025-07-17 15:15:00,TIME_EXIT,ce,BUY,114.2,115.2,75,10.0,0.0,3.026592,0.0432,0.00864,0.2592,2.3541177600000003,15.69174976,1.0
2025-07-17,2025-07-17 15:15:00,TIME_EXIT,pe,BUY,149.4,150.4,75,10.0,0.0,3.951384,0.056400000000000006,0.01128,0.33840000000000003,2.52343152,16.88089552,1.0
2025-07-18,2025-07-18 09:30:00,ENTRY,ce,SELL,126.7,125.7,75,10.0,9.4275,3.30245325,0.047137500000000006,0.0094275,0.0,2.4046232849999996,25.191141535000003,1.0
2025-07-18,2025-07-18 09:30:00,ENTRY,pe,SELL,176.4,175.4,75,10.0,13.155000000000001,4.6081965,0.065775,0.013155,0.0,2.64368277,30.485809269999997,1.0
2025-07-18,2025-07-18 10:16:00,ADJUST_CLOSE,ce,BUY,101.35,102.35,75,10.0,0.0,2.688990375,0.038381250000000006,0.00767625,0.2302875,2.2923086175,15.257643992499998,1.0
2025-07-18,2025-07-18 10:16:00,ADJUST_OPEN,ce,SELL,212.55,211.55,75,10.0,15.86625,5.557947375,0.07933125,0.01586625,0.0,2.8175660775,34.3369609525,1.0
2025-07-18,2025-07-18 15:15:00,TIME_EXIT,ce,BUY,194.4,195.4,75,10.0,0.0,5.1336465,0.073275,0.014655,0.43965,2.73988377,18.40111027,1.0
2025-07-18,2025-07-18 15:15:00,TIME_EXIT,pe,BUY,221.65,222.65,75,10.0,0.0,5.849572125,0.08349375,0.01669875,0.5009625,2.8709576325,19.3216847575,1.0
2025-07-21,2025-07-21 09:30:00,ENTRY,ce,SELL,118.4,117.4,75,10.0,8.805,3.0843915,0.044025,0.008805,0.0,2.36469987,24.306921369999998,1.0
2025-07-21,2025-07-21 09:30:00,ENTRY,pe,SELL,158.35,157.35,75,10.0,11.80125,4.133977875,0.05900625,0.01180125,0.0,2.5568613675,28.5628967425,1.0
2025-07-21,2025-07-21 09:55:00,ADJUST_CLOSE,pe,BUY,105.8,106.8,75,10.0,0.0,2.805903,0.04005,0.00801,0.2403,2.31371334,15.407976340000001,1.0
2025-07-21,2025-07-21 09:55:00,ADJUST_OPEN,pe,SELL,210.8,209.8,75,10.0,15.735000000000001,5.5119705,0.07867500000000001,0.015735,0.0,2.80914849,34.15052899,1.0
2025-07-21,2025-07-21 15:15:00,TIME_EXIT,ce,BUY,232.95,233.95,75,10.0,0.0,6.146451375,0.08773125000000001,0.01754625,0.5263875,2.9253111974999997,19.703427572499997,1.0
2025-07-21,2025-07-21 15:15:00,TIME_EXIT,pe,BUY,178.6,179.6,75,10.0,0.0,4.718541,0.06735000000000001,0.01347,0.4041,2.6638849799999997,17.86734598,1.0
2025-07-22,2025-07-22 09:30:00,ENTRY,ce,SELL,98.1,97.1,75,10.0,7.2825,2.55105975,0.0364125,0.0072825,0.0,2.267055855,22.144310604999998,1.0
2025-07-22,2025-07-22 09:30:00,ENTRY,pe,SELL,134.1,133.1,75,10.0,9.9825,3.49686975,0.049912500000000005,0.0099825,0.0,2.4402176549999997,25.979482405000006,1.0
2025-07-22,2025-07-22 11:05:00,ADJUST_CLOSE,ce,BUY,74.2,75.2,75,10.0,0.0,1.975692,0.028200000000000003,0.00564,0.16920000000000002,2.16171576,14.34044776,1.0
2025-07-22,2025-07-22 11:05:00,ADJUST_OPEN,ce,SELL,135.5,134.5,75,10.0,10.0875,3.53365125,0.0504375,0.0100875,0.0,2.4469517249999995,26.128627974999997,1.0
2025-07-22,2025-07-22 15:15:00,TIME_EXIT,ce,BUY,118.1,119.1,75,10.0,0.0,3.12905475,0.0446625,0.0089325,0.267975,2.3728769549999997,15.823501704999998,1.0
2025-07-22,2025-07-22 15:15:00,TIME_EXIT,pe,BUY,147.5,148.5,75,10.0,0.0,3.90146625,0.05568750000000001,0.0111375,0.334125,2.514292425,16.816708675,1.0
2025-07-23,2025-07-23 09:30:00,ENTRY,ce,SELL,76.7,75.7,75,10.0,5.6775,1.98882825,0.028387500000000003,0.005677499999999999,0.0,2.1641207849999997,19.864514035,1.0
2025-07-23,2025-07-23 09:30:00,ENTRY,pe,SELL,116.95,115.95,75,10.0,8.696250000000001,3.046296375,0.043481250000000006,0.008696249999999999,0.0,2.3577252975,24.1524491725,1.0
2025-07-23,2025-07-23 09:49:00,ADJUST_CLOSE,ce,BUY,61.2,62.2,75,10.0,0.0,1.6341495,0.023325000000000002,0.004665,0.13995,2.0991851099999996,13.901274609999998,1.0
2025-07-23,2025-07-23 09:49:00,ADJUST_OPEN,ce,SELL,126.2,125.2,75,10.0,9.39,3.289317,0.046950000000000006,0.009389999999999999,0.0,2.40221826,25.13787526,1.0
2025-07-23,2025-07-23 12:18:00,ADJUST_CLOSE,pe,BUY,90.95,91.95,75,10.0,0.0,2.415756375,0.034481250000000005,0.00689625,0.2068875,2.2422840975000002,14.906305472500003,1.0
2025-07-23,2025-07-23 12:18:00,ADJUST_OPEN,pe,SELL,186.9,185.9,75,10.0,13.9425,4.88405775,0.06971250000000001,0.0139425,0.0,2.694188295,31.604401045000003,1.0
2025-07-23,2025-07-23 15:15:00,TIME_EXIT,ce,BUY,234.7,235.7,75,10.0,0.0,6.19242825,0.08838750000000001,0.0176775,0.530325,2.933728785,19.762547035,1.0
2025-07-23,2025-07-23 15:15:00,TIME_EXIT,pe,BUY,152.9,153.9,75,10.0,0.0,4.04333775,0.05771250000000001,0.011542499999999999,0.346275,2.5402666949999992,16.999134444999996,1.0
2025-07-24,2025-07-24 09:30:00,ENTRY,ce,SELL,30.0,29.0,75,10.0,2.1750000000000003,0.7619025,0.010875000000000001,0.002175,0.0,1.9394914499999998,14.88944395,1.0
2025-07-24,2025-07-24 09:30:00,ENTRY,pe,SELL,114.5,113.5,75,10.0,8.5125,2.9819287500000002,0.0425625,0.0085125,0.0,2.345940675,23.891444425,1.0
2025-07-24,2025-07-24 09:32:00,ADJUST_CLOSE,ce,BUY,30.65,31.65,75,10.0,0.0,0.831524625,0.01186875,0.00237375,0.0712125,1.9522380824999999,12.869217707499999,1.0
2025-07-24,2025-07-24 09:32:00,ADJUST_OPEN,ce,SELL,105.3,104.3,75,10.0,7.8225,2.74022175,0.0391125,0.0078225,0.0,2.301688215,22.911344964999998,1.0
2025-07-24,2025-07-24 11:16:00,ADJUST_CLOSE,ce,BUY,67.9,68.9,75,10.0,0.0,1.8101752500000001,0.025837500000000003,0.005167499999999999,0.155025,2.131412445,14.127617695000001,1.0
2025-07-24,2025-07-24 11:16:00,ADJUST_OPEN,ce,SELL,112.9,111.9,75,10.0,8.3925,2.93989275,0.04196250000000001,0.008392499999999999,0.0,2.338244595,23.720992344999996,1.0
2025-07-24,2025-07-24 11:24:00,ADJUST_CLOSE,ce,BUY,79.15,80.15,75,10.0,0.0,2.105740875,0.030056250000000003,0.00601125,0.1803375,2.1855255075,14.5076713825,1.0
2025-07-24,2025-07-24 11:24:00,ADJUST_OPEN,ce,SELL,170.6,169.6,75,10.0,12.72,4.455816,0.0636,0.012719999999999999,0.0,2.61578448,29.86792048,1.0
2025-07-24,2025-07-24 12:05:00,ADJUST_CLOSE,ce,BUY,101.7,102.7,75,10.0,0.0,2.69818575,0.038512500000000005,0.007702499999999999,0.231075,2.293992135,15.269467885000001,1.0
2025-07-24,2025-07-24 12:05:00,ADJUST_OPEN,ce,SELL,236.55,235.55,75,10.0,17.66625,6.188487375,0.08833125000000001,0.017666249999999998,0.0,2.9330072775000002,36.8937421525,1.0
2025-07-24,2025-07-24 15:15:00,TIME_EXIT,ce,BUY,267.8,268.8,75,10.0,0.0,7.062048,0.10080000000000001,0.020159999999999997,0.6048,3.09294144,20.880749440000002,1.0
2025-07-24,2025-07-24 15:15:00,TIME_EXIT,pe,BUY,176.9,177.9,75,10.0,0.0,4.67387775,0.06671250000000001,0.0133425,0.400275,2.6557078949999995,17.809915645,1.0
2025-07-25,2025-07-25 09:30:00,ENTRY,ce,SELL,167.0,166.0,75,10.0,12.450000000000001,4.361235,0.06225000000000001,0.01245,0.0,2.5984683,29.484403300000004,1.0
2025-07-25,2025-07-25 09:30:00,ENTRY,pe,SELL,146.1,145.1,75,10.0,10.8825,3.81213975,0.0544125,0.0108825,0.0,2.4979382549999998,27.257873005000004,1.0
2025-07-25,2025-07-25 10:17:00,ADJUST_CLOSE,ce,BUY,99.25,100.25,75,10.0,0.0,2.633818125,0.03759375,0.007518749999999999,0.2255625,2.2822075124999994,15.186700637499998,1.0
2025-07-25,2025-07-25 10:17:00,ADJUST_OPEN,ce,SELL,210.35,209.35,75,10.0,15.70125,5.500147875,0.07850625,0.01570125,0.0,2.8069839675,34.1025893425,1.0
2025-07-25,2025-07-25 15:15:00,TIME_EXIT,ce,BUY,182.4,183.4,75,10.0,0.0,4.8183765,0.068775,0.013755,0.41265,2.68216317,17.99571967,1.0
2025-07-25,2025-07-25 15:15:00,TIME_EXIT,pe,BUY,223.3,224.3,75,10.0,0.0,5.89292175,0.0841125,0.0168225,0.504675,2.878894215,19.377425964999997,1.0
2025-07-28,2025-07-28 09:30:00,ENTRY,ce,SELL,92.8,91.8,75,10.0,6.885,2.4118155,0.034425000000000004,0.006885,0.0,2.24156259,21.579688089999998,1.0
2025-07-28,2025-07-28 09:30:00,ENTRY,pe,SELL,188.8,187.8,75,10.0,14.085,4.9339755,0.070425,0.014084999999999999,0.0,2.7033273899999997,31.80681289,1.0
2025-07-28,2025-07-28 10:49:00,ADJUST_CLOSE,ce,BUY,92.25,93.25,75,10.0,0.0,2.4499106250000002,0.03496875,0.00699375,0.2098125,2.2485371625000004,14.950222787500001,1.0
2025-07-28,2025-07-28 10:49:00,ADJUST_OPEN,ce,SELL,209.5,208.5,75,10.0,15.637500000000001,5.47781625,0.07818750000000001,0.0156375,0.0,2.802895425,34.012036675000004,1.0
2025-07-28,2025-07-28 13:34:00,ADJUST_CLOSE,ce,BUY,132.1,133.1,75,10.0,0.0,3.49686975,0.049912500000000005,0.0099825,0.299475,2.4402176549999997,16.296457404999998,1.0
2025-07-28,2025-07-28 13:34:00,ADJUST_OPEN,ce,SELL,272.7,271.7,75,10.0,20.3775,7.13823825,0.1018875,0.0203775,0.0,3.106890585,40.744893835,1.0
2025-07-28,2025-07-28 15:15:00,TIME_EXIT,ce,BUY,288.0,289.0,75,10.0,0.0,7.5927525000000005,0.10837500000000001,0.021675,0.65025,3.1901044499999993,21.563156949999996,1.0
2025-07-28,2025-07-28 15:15:00,TIME_EXIT,pe,BUY,248.85,249.85,75,10.0,0.0,6.564184125,0.09369375,0.01873875,0.5621625,3.0017909925,20.2405701175,1.0
2025-07-29,2025-07-29 09:30:00,ENTRY,ce,SELL,121.0,120.0,75,10.0,9.0,3.1527,0.045000000000000005,0.009,0.0,2.3772059999999997,24.583906000000002,1.0
2025-07-29,2025-07-29 09:30:00,ENTRY,pe,SELL,153.25,152.25,75,10.0,11.418750000000001,3.9999881250000002,0.057093750000000006,0.01141875,0.0,2.5323301125,28.019580737500004,1.0
2025-07-29,2025-07-29 10:19:00,ADJUST_CLOSE,ce,BUY,85.15,86.15,75,10.0,0.0,2.263375875,0.03230625,0.00646125,0.1938375,2.2143858075,14.710366682499998,1.0
2025-07-29,2025-07-29 10:19:00,ADJUST_OPEN,ce,SELL,176.0,175.0,75,10.0,13.125,4.5976875,0.065625,0.013125,0.0,2.64175875,30.44319625,1.0
2025-07-29,2025-07-29 13:34:00,ADJUST_CLOSE,pe,BUY,124.85,125.85,75,10.0,0.0,3.306394125,0.047193750000000007,0.00943875,0.2831625,2.4053447924999998,16.0515339175,1.0
2025-07-29,2025-07-29 13:34:00,ADJUST_OPEN,pe,SELL,251.95,250.95,75,10.0,18.82125,6.5930838750000005,0.09410625,0.018821249999999998,0.0,3.0070820475,38.5343434225,1.0
2025-07-29,2025-07-29 15:15:00,TIME_EXIT,ce,BUY,293.65,294.65,75,10.0,0.0,7.741192125,0.11049375000000002,0.02209875,0.6629625,3.2172812325000004,21.7540283575,1.0
2025-07-29,2025-07-29 15:15:00,TIME_EXIT,pe,BUY,215.0,216.0,75,10.0,0.0,5.67486,0.081,0.0162,0.486,2.8389707999999994,19.097030799999995,1.0
2025-07-30,2025-07-30 09:30:00,ENTRY,ce,SELL,63.25,62.25,75,10.0,4.66875,1.635463125,0.023343750000000003,0.00466875,0.0,2.0994256125,18.4316512375,1.0
2025-07-30,2025-07-30 09:30:00,ENTRY,pe,SELL,155.2,154.2,75,10.0,11.565,4.0512195,0.057825,0.011564999999999999,0.0,2.5417097099999997,28.22731921,1.0
2025-07-30,2025-07-30 09:32:00,ADJUST_CLOSE,ce,BUY,64.95,65.95,75,10.0,0.0,1.732671375,0.024731250000000003,0.00494625,0.1483875,2.1172227975,14.027959172500001,1.0
2025-07-30,2025-07-30 09:32:00,ADJUST_OPEN,ce,SELL,160.45,159.45,75,10.0,11.95875,4.189150125,0.05979375000000001,0.011958749999999999,0.0,2.5669624725,28.786615097500004,1.0
2025-07-30,2025-07-30 15:15:00,TIME_EXIT,ce,BUY,184.65,185.65,75,10.0,0.0,4.877489625,0.06961875000000001,0.013923749999999999,0.4177125,2.6929857824999996,18.0717304075,1.0
2025-07-30,2025-07-30 15:15:00,TIME_EXIT,pe,BUY,130.0,131.0,75,10.0,0.0,3.4416975,0.049125,0.009825,0.29475,2.4301165499999997,16.22551405,1.0
2025-07-31,2025-07-31 09:30:00,ENTRY,ce,SELL,54.6,53.6,75,10.0,4.0200000000000005,1.408206,0.020100000000000003,0.00402,0.0,2.05781868,17.51014468,1.0
2025-07-31,2025-07-31 09:30:00,ENTRY,pe,SELL,152.0,151.0,75,10.0,11.325000000000001,3.9671475,0.056625,0.011325,0.0,2.52631755,27.886415050000004,1.0
2025-07-31,2025-07-31 09:32:00,ADJUST_CLOSE,ce,BUY,57.95,58.95,75,10.0,0.0,1.5487638750000001,0.02210625,0.00442125,0.1326375,2.0835524475000002,13.791481322500001,1.0
2025-07-31,2025-07-31 09:32:00,ADJUST_OPEN,ce,SELL,128.5,127.5,75,10.0,9.5625,3.34974375,0.0478125,0.0095625,0.0,2.4132813749999995,25.382900125000003,1.0
2025-07-31,2025-07-31 10:03:00,ADJUST_CLOSE,ce,BUY,81.8,82.8,75,10.0,0.0,2.175363,0.03105,0.006209999999999999,0.1863,2.19827214,14.59719514,1.0
2025-07-31,2025-07-31 10:03:00,ADJUST_OPEN,ce,SELL,162.2,161.2,75,10.0,12.09,4.235127,0.060450000000000004,0.01209,0.0,2.57538006,28.973047060000003,1.0
2025-07-31,2025-07-31 11:03:00,ADJUST_CLOSE,pe,BUY,125.6,126.6,75,10.0,0.0,3.3260985,0.047475,0.009495,0.28485,2.40895233,16.07687083,1.0
2025-07-31,2025-07-31 11:03:00,ADJUST_OPEN,pe,SELL,254.1,253.1,75,10.0,18.9825,6.64956975,0.09491250000000001,0.0189825,0.0,3.017423655,38.763388405,1.0
2025-07-31,2025-07-31 12:39:00,ADJUST_CLOSE,pe,BUY,186.0,187.0,75,10.0,0.0,4.9129575,0.070125,0.014025,0.42075,2.6994793500000003,18.11733685,1.0
2025-07-31,2025-07-31 12:39:00,ADJUST_OPEN,pe,SELL,356.0,355.0,75,10.0,26.625,9.3267375,0.13312500000000002,0.026625,0.0,3.5075677499999998,49.61905525,1.0
2025-07-31,2025-07-31 15:15:00,TIME_EXIT,ce,BUY,271.15,272.15,75,10.0,0.0,7.150060875,0.10205625000000002,0.02041125,0.6123375,3.1090551075,20.9939209825,1.0
2025-07-31,2025-07-31 15:15:00,TIME_EXIT,pe,BUY,426.35,427.35,75,10.0,0.0,11.227552875,0.16025625000000002,0.032051249999999996,0.9615375,3.8555748674999997,26.236972742499997,1.0
2025-08-01,2025-08-01 09:30:00,ENTRY,ce,SELL,150.0,149.0,75,10.0,11.175,3.9146025,0.05587500000000001,0.011175,0.0,2.51669745,27.673349950000002,1.0
2025-08-01,2025-08-01 09:30:00,ENTRY,pe,SELL,207.25,206.25,75,10.0,15.46875,5.418703125,0.07734375,0.01546875,0.0,2.7920728125000003,33.772338437500004,1.0
2025-08-01,2025-08-01 13:39:00,ADJUST_CLOSE,ce,BUY,118.05,119.05,75,10.0,0.0,3.127741125,0.04464375,0.00892875,0.2678625,2.3726364525,15.821812577500001,1.0
2025-08-01,2025-08-01 13:39:00,ADJUST_OPEN,ce,SELL,230.9,229.9,75,10.0,17.2425,6.04004775,0.08621250000000001,0.0172425,0.0,2.905830494999999,36.291833245,1.0
2025-08-01,2025-08-01 15:15:00,TIME_EXIT,ce,BUY,186.45,187.45,75,10.0,0.0,4.924780125,0.07029375,0.01405875,0.4217625,2.7016438724999996,18.1325389975,1.0
2025-08-01,2025-08-01 15:15:00,TIME_EXIT,pe,BUY,278.0,279.0,75,10.0,0.0,7.3300275,0.10462500000000001,0.020925,0.62775,3.1420039499999994,21.225331449999995,1.0
2025-08-04,2025-08-04 09:30:00,ENTRY,ce,SELL,148.4,147.4,75,10.0,11.055,3.8725665,0.055275000000000005,0.011054999999999999,0.0,2.50900137,27.50289787,1.0
2025-08-04,2025-08-04 09:30:00,ENTRY,pe,SELL,179.35,178.35,75,10.0,13.37625,4.685700375,0.06688125,0.01337625,0.0,2.6578724174999997,30.8000802925,1.0
2025-08-04,2025-08-04 09:48:00,ADJUST_CLOSE,ce,BUY,111.95,112.95,75,10.0,0.0,2.967478875,0.042356250000000005,0.00847125,0.2541375,2.3432951474999997,15.615739022499998,1.0
2025-08-04,2025-08-04 09:48:00,ADJUST_OPEN,ce,SELL,226.6,225.6,75,10.0,16.92,5.9270760000000005,0.08460000000000001,0.016919999999999998,0.0,2.88514728,35.83374328,1.0
2025-08-04,2025-08-04 13:03:00,ADJUST_CLOSE,pe,BUY,155.85,156.85,75,10.0,0.0,4.120841625,0.05881875,0.01176375,0.3529125,2.5544563425,17.098792967500003,1.0
2025-08-04,2025-08-04 13:03:00,ADJUST_OPEN,pe,SELL,329.0,328.0,75,10.0,24.6,8.61738,0.12300000000000001,0.0246,0.0,3.3776964,46.7426764,1.0
2025-08-04,2025-08-04 15:15:00,TIME_EXIT,ce,BUY,307.75,308.75,75,10.0,0.0,8.111634375,0.11578125000000002,0.02315625,0.6946875,3.2851029375,22.230362312500002,1.0
2025-08-04,2025-08-04 15:15:00,TIME_EXIT,pe,BUY,308.5,309.5,75,10.0,0.0,8.13133875,0.11606250000000001,0.0232125,0.696375,3.288710475,22.255699224999997,1.0
2025-08-05,2025-08-05 09:30:00,ENTRY,ce,SELL,95.4,94.4,75,10.0,7.08,2.480124,0.0354,0.0070799999999999995,0.0,2.25406872,21.856672719999995,1.0
2025-08-05,2025-08-05 09:30:00,ENTRY,pe,SELL,184.45,183.45,75,10.0,13.758750000000001,4.819690125,0.06879375,0.01375875,0.0,2.6824036725,31.343396297500004,1.0
2025-08-05,2025-08-05 09:33:00,ADJUST_CLOSE,ce,BUY,92.8,93.8,75,10.0,0.0,2.4643605,0.035175000000000005,0.007035,0.21105000000000002,2.25118269,14.968803190000001,1.0
2025-08-05,2025-08-05 09:33:00,ADJUST_OPEN,ce,SELL,182.2,181.2,75,10.0,13.59,4.760577,0.06795000000000001,0.01359,0.0,2.67158106,31.103698060000003,1.0
2025-08-05,2025-08-05 15:15:00,TIME_EXIT,ce,BUY,161.95,162.95,75,10.0,0.0,4.281103875,0.06110625000000001,0.01222125,0.3666375,2.5837976474999995,17.3048665225,1.0
2025-08-05,2025-08-05 15:15:00,TIME_EXIT,pe,BUY,176.25,177.25,75,10.0,0.0,4.656800625,0.06646875000000001,0.01329375,0.3988125,2.6525813625,17.7879569875,1.0
2025-08-06,2025-08-06 09:30:00,ENTRY,ce,SELL,95.5,94.5,75,10.0,7.0875,2.48275125,0.035437500000000004,0.0070875,0.0,2.254549725,21.867325975,1.0
2025-08-06,2025-08-06 09:30:00,ENTRY,pe,SELL,150.85,149.85,75,10.0,11.23875,3.936934125,0.05619375000000001,0.011238749999999999,0.0,2.5207859925,27.763902617499998,1.0
2025-08-06,2025-08-06 09:50:00,ADJUST_CLOSE,ce,BUY,82.45,83.45,75,10.0,0.0,2.192440125,0.03129375,0.0062587499999999996,0.1877625,2.2013986725000003,14.619153797500001,1.0
2025-08-06,2025-08-06 09:50:00,ADJUST_OPEN,ce,SELL,175.5,174.5,75,10.0,13.0875,4.58455125,0.06543750000000001,0.0130875,0.0,2.639353725,30.389929975,1.0
2025-08-06,2025-08-06 15:15:00,TIME_EXIT,ce,BUY,120.4,121.4,75,10.0,0.0,3.1894815,0.045525,0.009105,0.27315,2.3839400699999995,15.901201569999998,1.0
2025-08-06,2025-08-06 15:15:00,TIME_EXIT,pe,BUY,183.55,184.55,75,10.0,0.0,4.848589875,0.06920625000000001,0.01384125,0.41523750000000004,2.6876947275000003,18.0345696025,1.0
2025-08-07,2025-08-07 09:30:00,ENTRY,ce,SELL,68.45,67.45,75,10.0,5.05875,1.772080125,0.025293750000000004,0.00505875,0.0,2.1244378724999997,18.985620497499998,1.0
2025-08-07,2025-08-07 09:30:00,ENTRY,pe,SELL,122.9,121.9,75,10.0,9.1425,3.20261775,0.0457125,0.0091425,0.0,2.386345095,24.786317845,1.0
2025-08-07,2025-08-07 09:35:00,ADJUST_CLOSE,ce,BUY,60.0,61.0,75,10.0,0.0,1.6026225,0.022875000000000003,0.004575,0.13725,2.0934130500000006,13.860735550000003,1.0
2025-08-07,2025-08-07 09:35:00,ADJUST_OPEN,ce,SELL,138.15,137.15,75,10.0,10.28625,3.603273375,0.051431250000000005,0.01028625,0.0,2.4596983575,26.410939232500002,1.0
2025-08-07,2025-08-07 10:30:00,ADJUST_CLOSE,ce,BUY,75.7,76.7,75,10.0,0.0,2.01510075,0.028762500000000003,0.0057525,0.172575,2.168930835,14.391121584999999,1.0
2025-08-07,2025-08-07 10:30:00,ADJUST_OPEN,ce,SELL,163.1,162.1,75,10.0,12.1575,4.25877225,0.06078750000000001,0.0121575,0.0,2.579709105,29.068926355,1.0
2025-08-07,2025-08-07 13:19:00,ADJUST_CLOSE,ce,BUY,95.4,96.4,75,10.0,0.0,2.532669,0.03615,0.0072299999999999994,0.2169,2.2636888199999996,15.056637819999999,1.0
2025-08-07,2025-08-07 13:19:00,ADJUST_OPEN,ce,SELL,190.2,189.2,75,10.0,14.19,4.970757,0.07095,0.01419,0.0,2.7100614599999995,31.955958459999994,1.0
2025-08-07,2025-08-07 14:21:00,ADJUST_CLOSE,pe,BUY,137.45,138.45,75,10.0,0.0,3.637427625,0.05191875000000001,0.010383749999999999,0.3115125,2.4659514225000003,16.477194047500003,1.0
2025-08-07,2025-08-07 14:21:00,ADJUST_OPEN,pe,SELL,293.25,292.25,75,10.0,21.91875,7.678138125,0.10959375,0.02191875,0.0,3.2057371125,42.9341377375,1.0
2025-08-07,2025-08-07 15:15:00,TIME_EXIT,ce,BUY,385.65,386.65,75,10.0,0.0,10.158262125,0.14499375,0.02899875,0.8699625,3.6598058325,24.862022957500002,1.0
2025-08-07,2025-08-07 15:15:00,TIME_EXIT,pe,BUY,204.7,205.7,75,10.0,0.0,5.40425325,0.07713750000000001,0.015427499999999999,0.462825,2.7894272849999995,18.749070534999998,1.0
2025-08-08,2025-08-08 09:30:00,ENTRY,ce,SELL,156.5,155.5,75,10.0,11.6625,4.0853737500000005,0.0583125,0.0116625,0.0,2.547962775,28.365811525,1.0
2025-08-08,2025-08-08 09:30:00,ENTRY,pe,SELL,163.6,162.6,75,10.0,12.195,4.2719085,0.06097500000000001,0.012195,0.0,2.5821141300000003,29.12219263,1.0
2025-08-08,2025-08-08 12:05:00,ADJUST_CLOSE,ce,BUY,106.0,107.0,75,10.0,0.0,2.8111575,0.040125,0.008025,0.24075000000000002,2.31467535,15.41473285,1.0
2025-08-08,2025-08-08 12:05:00,ADJUST_OPEN,ce,SELL,217.45,216.45,75,10.0,16.23375,5.686682625,0.08116875000000001,0.016233749999999998,0.0,2.8411353224999996,34.8589704475,1.0
2025-08-08,2025-08-08 15:15:00,TIME_EXIT,ce,BUY,184.65,185.65,75,10.0,0.0,4.877489625,0.06961875000000001,0.013923749999999999,0.4177125,2.6929857824999996,18.0717304075,1.0
2025-08-08,2025-08-08 15:15:00,TIME_EXIT,pe,BUY,238.75,239.75,75,10.0,0.0,6.298831875,0.08990625000000001,0.01798125,0.5394375,2.9532094874999997,19.8993663625,1.0
2025-08-11,2025-08-11 09:30:00,ENTRY,ce,SELL,136.7,135.7,75,10.0,10.1775,3.56517825,0.0508875,0.010177499999999999,0.0,2.452723785,26.256467035000004,1.0
2025-08-11,2025-08-11 09:30:00,ENTRY,pe,SELL,160.45,159.45,75,10.0,11.95875,4.189150125,0.05979375000000001,0.011958749999999999,0.0,2.5669624725,28.786615097500004,1.0
2025-08-11,2025-08-11 14:06:00,ADJUST_CLOSE,pe,BUY,102.8,103.8,75,10.0,0.0,2.7270855,0.038925,0.007784999999999999,0.23355,2.29928319,15.30662869,1.0
2025-08-11,2025-08-11 14:06:00,ADJUST_OPEN,pe,SELL,210.4,209.4,75,10.0,15.705,5.5014615000000004,0.07852500000000001,0.015705,0.0,2.8072244700000004,34.10791597,1.0
2025-08-11,2025-08-11 15:15:00,TIME_EXIT,ce,BUY,223.2,224.2,75,10.0,0.0,5.8902945,0.08407500000000001,0.016815,0.5044500000000001,2.8784132099999997,19.37404771,1.0
2025-08-11,2025-08-11 15:15:00,TIME_EXIT,pe,BUY,192.8,193.8,75,10.0,0.0,5.0916105,0.072675,0.014535,0.43605,2.73218769,18.34705819,1.0
2025-08-12,2025-08-12 09:30:00,ENTRY,ce,SELL,84.85,83.85,75,10.0,6.28875,2.202949125,0.03144375,0.00628875,0.0,2.2033226924999996,20.7327543175,1.0
2025-08-12,2025-08-12 09:30:00,ENTRY,pe,SELL,162.4,161.4,75,10.0,12.105,4.2403815,0.060525,0.012105,0.0,2.57634207,28.994353569999998,1.0
2025-08-12,2025-08-12 10:32:00,ADJUST_CLOSE,ce,BUY,73.85,74.85,75,10.0,0.0,1.966496625,0.028068750000000003,0.00561375,0.1684125,2.1600322425,14.3286238675,1.0
2025-08-12,2025-08-12 10:32:00,ADJUST_OPEN,ce,SELL,196.0,195.0,75,10.0,14.625,5.1231375,0.07312500000000001,0.014624999999999999,0.0,2.73795975,32.57384725,1.0
2025-08-12,2025-08-12 15:05:00,ADJUST_CLOSE,ce,BUY,110.5,111.5,75,10.0,0.0,2.92938375,0.0418125,0.0083625,0.250875,2.3363205750000002,15.566754325000002,1.0
2025-08-12,2025-08-12 15:05:00,ADJUST_OPEN,ce,SELL,227.5,226.5,75,10.0,16.9875,5.95072125,0.08493750000000001,0.0169875,0.0,2.8894763249999995,35.929622574999996,1.0
2025-08-12,2025-08-12 15:15:00,TIME_EXIT,ce,BUY,236.6,237.6,75,10.0,0.0,6.242346,0.08910000000000001,0.01782,0.5346,2.94286788,19.826733880000003,1.0
2025-08-12,2025-08-12 15:15:00,TIME_EXIT,pe,BUY,213.85,214.85,75,10.0,0.0,5.644646625,0.08056875000000001,0.01611375,0.4834125,2.8334392425,19.0581808675,1.0
2025-08-13,2025-08-13 09:30:00,ENTRY,ce,SELL,88.6,87.6,75,10.0,6.57,2.301471,0.032850000000000004,0.0065699999999999995,0.0,2.2213603799999997,21.13225138,1.0
2025-08-13,2025-08-13 09:30:00,ENTRY,pe,SELL,132.05,131.05,75,10.0,9.82875,3.443011125,0.04914375000000001,0.009828749999999999,0.0,2.4303570525000002,25.761090677499997,1.0
2025-08-13,2025-08-13 15:15:00,TIME_EXIT,ce,BUY,113.0,114.0,75,10.0,0.0,2.995065,0.04275,0.00855,0.2565,2.3483457,15.6512107,1.0
2025-08-13,2025-08-13 15:15:00,TIME_EXIT,pe,BUY,93.45,94.45,75,10.0,0.0,2.481437625,0.035418750000000006,0.00708375,0.2125125,2.2543092225,14.9907618475,1.0
2025-08-14,2025-08-14 09:30:00,ENTRY,ce,SELL,72.25,71.25,75,10.0,5.34375,1.871915625,0.026718750000000003,0.0053437499999999995,0.0,2.1427160625,19.3904441875,1.0
2025-08-14,2025-08-14 09:30:00,ENTRY,pe,SELL,110.6,109.6,75,10.0,8.22,2.879466,0.041100000000000005,0.00822,0.0,2.32718148,23.47596748,1.0
2025-08-14,2025-08-14 09:35:00,ADJUST_CLOSE,ce,BUY,56.55,57.55,75,10.0,0.0,1.511982375,0.021581250000000003,0.00431625,0.1294875,2.0768183775000004,13.744185752500002,1.0
2025-08-14,2025-08-14 09:35:00,ADJUST_OPEN,ce,SELL,132.25,131.25,75,10.0,9.84375,3.448265625,0.049218750000000006,0.00984375,0.0,2.4313190624999996,25.782397187500003,1.0
2025-08-14,2025-08-14 15:15:00,TIME_EXIT,ce,BUY,131.0,132.0,75,10.0,0.0,3.46797,0.0495,0.009899999999999999,0.297,2.4349266000000003,16.259296600000003,1.0
2025-08-14,2025-08-14 15:15:00,TIME_EXIT,pe,BUY,112.1,113.1,75,10.0,0.0,2.97141975,0.042412500000000006,0.0084825,0.254475,2.3440166549999994,15.620806404999996,1.0
2025-08-18,2025-08-18 09:30:00,ENTRY,ce,SELL,128.65,127.65,75,10.0,9.57375,3.353684625,0.04786875,0.009573749999999999,0.0,2.4140028824999997,25.3988800075,1.0
2025-08-18,2025-08-18 09:30:00,ENTRY,pe,SELL,175.85,174.85,75,10.0,13.11375,4.593746625,0.06556875000000001,0.013113749999999999,0.0,2.6410372425,30.427216367499998,1.0
2025-08-18,2025-08-18 12:07:00,ADJUST_CLOSE,ce,BUY,93.5,94.5,75,10.0,0.0,2.48275125,0.035437500000000004,0.0070875,0.212625,2.254549725,14.992450975,1.0
2025-08-18,2025-08-18 12:07:00,ADJUST_OPEN,ce,SELL,173.85,172.85,75,10.0,12.963750000000001,4.541201625,0.06481875000000001,0.01296375,0.0,2.6314171425,30.2141512675,1.0
2025-08-18,2025-08-18 15:15:00,TIME_EXIT,ce,BUY,153.45,154.45,75,10.0,0.0,4.0577876250000005,0.057918750000000005,0.01158375,0.3475125,2.5429122225,17.017714847500002,1.0
2025-08-18,2025-08-18 15:15:00,TIME_EXIT,pe,BUY,192.85,193.85,75,10.0,0.0,5.092924125,0.07269375,0.01453875,0.4361625,2.7324281924999996,18.3487473175,1.0
2025-08-19,2025-08-19 09:30:00,ENTRY,ce,SELL,113.65,112.65,75,10.0,8.44875,2.959597125,0.042243750000000004,0.00844875,0.0,2.3418521325,23.8008917575,1.0
2025-08-19,2025-08-19 09:30:00,ENTRY,pe,SELL,133.7,132.7,75,10.0,9.9525,3.4863607500000002,0.0497625,0.0099525,0.0,2.438293635,25.936869385,1.0
2025-08-19,2025-08-19 15:15:00,TIME_EXIT,ce,BUY,135.15,136.15,75,10.0,0.0,3.577000875,0.051056250000000004,0.01021125,0.3063375,2.4548883074999996,16.3994941825,1.0
2025-08-19,2025-08-19 15:15:00,TIME_EXIT,pe,BUY,97.35,98.35,75,10.0,0.0,2.5839003750000002,0.036881250000000004,0.00737625,0.2212875,2.2730684175,15.122513792500001,1.0
2025-08-20,2025-08-20 09:30:00,ENTRY,ce,SELL,62.3,61.3,75,10.0,4.5975,1.61050425,0.0229875,0.0045975,0.0,2.0948560649999997,18.330445315,1.0
2025-08-20,2025-08-20 09:30:00,ENTRY,pe,SELL,138.3,137.3,75,10.0,10.2975,3.60721425,0.051487500000000005,0.0102975,0.0,2.460419865,26.426919114999997,1.0
2025-08-20,2025-08-20 09:32:00,ADJUST_CLOSE,ce,BUY,60.1,61.1,75,10.0,0.0,1.60524975,0.022912500000000002,0.0045825,0.137475,2.093894055,13.864113805,1.0
2025-08-20,2025-08-20 09:32:00,ADJUST_OPEN,ce,SELL,157.1,156.1,75,10.0,11.7075,4.10113725,0.058537500000000006,0.0117075,0.0,2.550848805,28.429731055,1.0
2025-08-20,2025-08-20 10:37:00,ADJUST_CLOSE,pe,BUY,109.8,110.8,75,10.0,0.0,2.910993,0.041550000000000004,0.00831,0.2493,2.33295354,15.54310654,1.0
2025-08-20,2025-08-20 10:37:00,ADJUST_OPEN,pe,SELL,208.85,207.85,75,10.0,15.588750000000001,5.460739125,0.07794375,0.015588749999999998,0.0,2.7997688924999995,33.9427905175,1.0
2025-08-20,2025-08-20 15:15:00,TIME_EXIT,ce,BUY,259.7,260.7,75,10.0,0.0,6.84924075,0.0977625,0.0195525,0.5865750000000001,3.053980035,20.607110785,1.0
2025-08-20,2025-08-20 15:15:00,TIME_EXIT,pe,BUY,170.8,171.8,75,10.0,0.0,4.5136155,0.06442500000000001,0.012884999999999999,0.38655,2.62636659,17.60384209,1.0
2025-08-21,2025-08-21 09:30:00,ENTRY,ce,SELL,48.2,47.2,75,10.0,3.54,1.240062,0.0177,0.0035399999999999997,0.0,2.0270343599999996,16.828336359999998,1.0
2025-08-21,2025-08-21 09:30:00,ENTRY,pe,SELL,110.35,109.35,75,10.0,8.20125,2.872897875,0.04100625,0.00820125,0.0,2.3259789675,23.4493343425,1.0
2025-08-21,2025-08-21 09:35:00,ADJUST_CLOSE,ce,BUY,51.85,52.85,75,10.0,0.0,1.388501625,0.019818750000000003,0.003963749999999999,0.1189125,2.0542111425000003,13.585407767500001,1.0
2025-08-21,2025-08-21 09:35:00,ADJUST_OPEN,ce,SELL,90.0,89.0,75,10.0,6.675,2.3382525,0.033375,0.0066749999999999995,0.0,2.2280944499999995,21.28139695,1.0
2025-08-21,2025-08-21 15:15:00,TIME_EXIT,ce,BUY,84.6,85.6,75,10.0,0.0,2.248926,0.032100000000000004,0.0064199999999999995,0.1926,2.21174028,14.691786280000002,1.0
2025-08-21,2025-08-21 15:15:00,TIME_EXIT,pe,BUY,85.5,86.5,75,10.0,0.0,2.27257125,0.0324375,0.006487499999999999,0.194625,2.2160693250000003,14.722190575000003,1.0
2025-08-22,2025-08-22 09:30:00,ENTRY,ce,SELL,147.15,146.15,75,10.0,10.96125,3.839725875,0.05480625000000001,0.010961249999999999,0.0,2.5029888074999995,27.369732182499998,1.0
2025-08-22,2025-08-22 09:30:00,ENTRY,pe,SELL,126.7,125.7,75,10.0,9.4275,3.30245325,0.047137500000000006,0.0094275,0.0,2.4046232849999996,25.191141535000003,1.0
2025-08-22,2025-08-22 15:15:00,TIME_EXIT,ce,BUY,91.3,92.3,75,10.0,0.0,2.42495175,0.034612500000000004,0.0069225,0.207675,2.243967615,14.918129364999999,1.0
2025-08-22,2025-08-22 15:15:00,TIME_EXIT,pe,BUY,166.15,167.15,75,10.0,0.0,4.391448375,0.06268125000000001,0.012536249999999999,0.3760875,2.6039998575,17.4467532325,1.0
2025-08-25,2025-08-25 09:30:00,ENTRY,ce,SELL,99.85,98.85,75,10.0,7.41375,2.597036625,0.037068750000000004,0.007413749999999999,0.0,2.2754734424999996,22.330742567500003,1.0
2025-08-25,2025-08-25 09:30:00,ENTRY,pe,SELL,123.25,122.25,75,10.0,9.168750000000001,3.211813125,0.04584375,0.00916875,0.0,2.3880286125,24.823604237500003,1.0
2025-08-25,2025-08-25 15:15:00,TIME_EXIT,ce,BUY,94.25,95.25,75,10.0,0.0,2.502455625,0.03571875,0.00714375,0.21431250000000002,2.2581572624999997,15.017787887499997,1.0
2025-08-25,2025-08-25 15:15:00,TIME_EXIT,pe,BUY,104.5,105.5,75,10.0,0.0,2.77174875,0.0395625,0.0079125,0.237375,2.307460275,15.364059025000001,1.0
2025-08-26,2025-08-26 09:30:00,ENTRY,ce,SELL,84.25,83.25,75,10.0,6.24375,2.187185625,0.031218750000000003,0.006243749999999999,0.0,2.2004366625,20.6688347875,1.0
2025-08-26,2025-08-26 09:30:00,ENTRY,pe,SELL,114.15,113.15,75,10.0,8.48625,2.9727333750000002,0.042431250000000004,0.008486249999999999,0.0,2.3442571575,23.8541580325,1.0
2025-08-26,2025-08-26 09:38:00,ADJUST_CLOSE,ce,BUY,62.95,63.95,75,10.0,0.0,1.680126375,0.023981250000000003,0.00479625,0.1438875,2.1076026975,13.960394072500002,1.0
2025-08-26,2025-08-26 09:38:00,ADJUST_OPEN,ce,SELL,118.2,117.2,75,10.0,8.790000000000001,3.0791370000000002,0.04395,0.00879,0.0,2.3637378599999996,24.28561486,1.0
2025-08-26,2025-08-26 15:14:00,ADJUST_CLOSE,ce,BUY,75.6,76.6,75,10.0,0.0,2.0124735,0.028725000000000004,0.005745,0.17235,2.1684498299999997,14.38774333,1.0
2025-08-26,2025-08-26 15:14:00,ADJUST_OPEN,ce,SELL,143.15,142.15,75,10.0,10.66125,3.734635875,0.053306250000000006,0.010661249999999999,0.0,2.4837486075,26.9436019825,1.0
2025-08-26,2025-08-26 15:15:00,TIME_EXIT,ce,BUY,147.0,148.0,75,10.0,0.0,3.88833,0.05550000000000001,0.011099999999999999,0.333,2.5118874,16.799817400000002,1.0
2025-08-26,2025-08-26 15:15:00,TIME_EXIT,pe,BUY,151.3,152.3,75,10.0,0.0,4.00130175,0.057112500000000004,0.011422499999999999,0.342675,2.532570615,16.945082365,1.0
2025-08-28,2025-08-28 09:30:00,ENTRY,ce,SELL,75.45,74.45,75,10.0,5.58375,1.9559876250000001,0.027918750000000003,0.00558375,0.0,2.1581082224999997,19.731348347500003,1.0
2025-08-28,2025-08-28 09:30:00,ENTRY,pe,SELL,91.55,90.55,75,10.0,6.79125,2.378974875,0.03395625,0.0067912499999999995,0.0,2.2355500275,21.446522402499998,1.0
2025-08-28,2025-08-28 10:35:00,ADJUST_CLOSE,pe,BUY,61.8,62.8,75,10.0,0.0,1.649913,0.02355,0.00471,0.1413,2.1020711399999996,13.921544139999998,1.0
2025-08-28,2025-08-28 10:35:00,ADJUST_OPEN,pe,SELL,143.25,142.25,75,10.0,10.668750000000001,3.737263125,0.05334375,0.01066875,0.0,2.4842296125,26.9542552375,1.0
2025-08-28,2025-08-28 13:00:00,ADJUST_CLOSE,ce,BUY,79.55,80.55,75,10.0,0.0,2.116249875,0.030206250000000004,0.00604125,0.1812375,2.1874495275,14.521184402500001,1.0
2025-08-28,2025-08-28 13:00:00,ADJUST_OPEN,ce,SELL,171.6,170.6,75,10.0,12.795,4.4820885,0.063975,0.012794999999999999,0.0,2.62059453,29.97445303,1.0
2025-08-28,2025-08-28 15:01:00,ADJUST_CLOSE,ce,BUY,97.2,98.2,75,10.0,0.0,2.5799595,0.036825000000000004,0.007365,0.22095,2.27234691,15.117446410000001,1.0
2025-08-28,2025-08-28 15:01:00,ADJUST_OPEN,ce,SELL,196.5,195.5,75,10.0,14.6625,5.13627375,0.0733125,0.0146625,0.0,2.740364775,32.627113525000006,1.0
2025-08-28,2025-08-28 15:15:00,TIME_EXIT,ce,BUY,195.0,196.0,75,10.0,0.0,5.1494100000000005,0.07350000000000001,0.0147,0.441,2.7427697999999996,18.421379799999997,1.0
2025-08-28,2025-08-28 15:15:00,TIME_EXIT,pe,BUY,203.85,204.85,75,10.0,0.0,5.381921625,0.07681875,0.015363749999999999,0.4609125,2.7853387425,18.720355367499998,1.0
2025-08-29,2025-08-29 09:30:00,ENTRY,ce,SELL,146.65,145.65,75,10.0,10.92375,3.826589625,0.05461875000000001,0.01092375,0.0,2.5005837824999997,27.316465907499996,1.0
2025-08-29,2025-08-29 09:30:00,ENTRY,pe,SELL,137.1,136.1,75,10.0,10.2075,3.57568725,0.051037500000000006,0.0102075,0.0,2.4546478049999996,26.299080055,1.0
2025-08-29,2025-08-29 14:43:00,ADJUST_CLOSE,ce,BUY,77.25,78.25,75,10.0,0.0,2.055823125,0.029343750000000002,0.00586875,0.1760625,2.1763864125,14.4434845375,1.0
2025-08-29,2025-08-29 14:43:00,ADJUST_OPEN,ce,SELL,172.2,171.2,75,10.0,12.84,4.497852,0.06420000000000001,0.012839999999999999,0.0,2.62348056,30.03837256,1.0
2025-08-29,2025-08-29 15:15:00,TIME_EXIT,ce,BUY,144.9,145.9,75,10.0,0.0,3.8331577500000003,0.054712500000000004,0.010942499999999999,0.328275,2.501786295,16.728874045,1.0
2025-08-29,2025-08-29 15:15:00,TIME_EXIT,pe,BUY,180.3,181.3,75,10.0,0.0,4.76320425,0.0679875,0.0135975,0.40792500000000004,2.672062065,17.924776315,1.0
2025-09-01,2025-09-01 09:30:00,ENTRY,ce,SELL,71.7,70.7,75,10.0,5.3025,1.85746575,0.0265125,0.0053025,0.0,2.140070535,19.331851285,1.0
2025-09-01,2025-09-01 09:30:00,ENTRY,pe,SELL,136.9,135.9,75,10.0,10.1925,3.57043275,0.0509625,0.0101925,0.0,2.453685795,26.277773545000002,1.0
2025-09-01,2025-09-01 09:43:00,ADJUST_CLOSE,ce,BUY,66.6,67.6,75,10.0,0.0,1.776021,0.02535,0.00507,0.1521,2.12515938,14.08370038,1.0
2025-09-01,2025-09-01 09:43:00,ADJUST_OPEN,ce,SELL,132.0,131.0,75,10.0,9.825000000000001,3.4416975,0.049125,0.009825,0.0,2.4301165499999997,25.755764050000003,1.0
2025-09-01,2025-09-01 14:11:00,ADJUST_CLOSE,pe,BUY,94.2,95.2,75,10.0,0.0,2.501142,0.0357,0.00714,0.2142,2.25791676,15.01609876,1.0
2025-09-01,2025-09-01 14:11:00,ADJUST_OPEN,pe,SELL,186.2,185.2,75,10.0,13.89,4.865667,0.06945000000000001,0.01389,0.0,2.69082126,31.529828260000002,1.0
2025-09-01,2025-09-01 15:15:00,TIME_EXIT,ce,BUY,199.0,200.0,75,10.0,0.0,5.2545,0.07500000000000001,0.015,0.45,2.76201,18.55651,1.0
2025-09-01,2025-09-01 15:15:00,TIME_EXIT,pe,BUY,178.3,179.3,75,10.0,0.0,4.71065925,0.0672375,0.0134475,0.40342500000000003,2.6624419649999997,17.857211215,1.0
2025-09-02,2025-09-02 09:30:00,ENTRY,ce,SELL,22.0,21.0,75,10.0,1.575,0.5517225,0.007875,0.001575,0.0,1.9010110500000001,14.037183550000002,1.0
2025-09-02,2025-09-02 09:30:00,ENTRY,pe,SELL,132.95,131.95,75,10.0,9.89625,3.466656375,0.049481250000000004,0.009896249999999999,0.0,2.4346860974999998,25.8569699725,1.0
2025-09-02,2025-09-02 09:32:00,ADJUST_CLOSE,ce,BUY,26.6,27.6,75,10.0,0.0,0.725121,0.010350000000000002,0.00207,0.0621,1.93275738,12.73239838,1.0
2025-09-02,2025-09-02 09:32:00,ADJUST_OPEN,ce,SELL,131.65,130.65,75,10.0,9.79875,3.432502125,0.04899375,0.00979875,0.0,2.4284330324999996,25.7184776575,1.0
2025-09-02,2025-09-02 10:03:00,ADJUST_CLOSE,pe,BUY,97.0,98.0,75,10.0,0.0,2.5747050000000002,0.036750000000000005,0.00735,0.2205,2.2713848999999997,15.110689899999999,1.0
2025-09-02,2025-09-02 10:03:00,ADJUST_OPEN,pe,SELL,197.5,196.5,75,10.0,14.7375,5.16254625,0.0736875,0.014737499999999999,0.0,2.745174825,32.733646075,1.0
2025-09-02,2025-09-02 13:42:00,ADJUST_CLOSE,ce,BUY,119.1,120.1,75,10.0,0.0,3.15532725,0.0450375,0.0090075,0.270225,2.3776870049999994,15.857284254999996,1.0
2025-09-02,2025-09-02 13:42:00,ADJUST_OPEN,ce,SELL,266.9,265.9,75,10.0,19.9425,6.98585775,0.09971250000000001,0.0199425,0.0,3.078992295,40.127005045,1.0
2025-09-02,2025-09-02 14:04:00,ADJUST_CLOSE,ce,BUY,163.0,164.0,75,10.0,0.0,4.30869,0.061500000000000006,0.0123,0.369,2.5888482,17.3403382,1.0
2025-09-02,2025-09-02 14:04:00,ADJUST_OPEN,ce,SELL,309.7,308.7,75,10.0,23.1525,8.11032075,0.1157625,0.0231525,0.0,3.2848624349999995,44.68659818500001,1.0
2025-09-02,2025-09-02 15:15:00,TIME_EXIT,ce,BUY,336.1,337.1,75,10.0,0.0,8.85645975,0.1264125,0.0252825,0.758475,3.421467855,23.188097605,1.0
2025-09-02,2025-09-02 15:15:00,TIME_EXIT,pe,BUY,312.0,313.0,75,10.0,0.0,8.2232925,0.11737500000000001,0.023475,0.70425,3.30554565,22.37393815,1.0
2025-09-03,2025-09-03 09:30:00,ENTRY,ce,SELL,138.5,137.5,75,10.0,10.3125,3.61246875,0.051562500000000004,0.010312499999999999,0.0,2.461381875,26.448225625000003,1.0
2025-09-03,2025-09-03 09:30:00,ENTRY,pe,SELL,156.3,155.3,75,10.0,11.6475,4.08011925,0.058237500000000005,0.0116475,0.0,2.547000765,28.344505015,1.0
2025-09-03,2025-09-03 15:12:00,ADJUST_CLOSE,pe,BUY,102.35,103.35,75,10.0,0.0,2.715262875,0.038756250000000006,0.0077512499999999995,0.2325375,2.2971186675,15.2914265425,1.0
2025-09-03,2025-09-03 15:12:00,ADJUST_OPEN,pe,SELL,207.7,206.7,75,10.0,15.5025,5.43052575,0.07751250000000001,0.015502499999999999,0.0,2.794237335,33.820278085,1.0
2025-09-03,2025-09-03 15:15:00,TIME_EXIT,ce,BUY,201.4,202.4,75,10.0,0.0,5.317554,0.07590000000000001,0.015179999999999999,0.4554,2.7735541200000005,18.637588120000004,1.0
2025-09-03,2025-09-03 15:15:00,TIME_EXIT,pe,BUY,213.2,214.2,75,10.0,0.0,5.6275695,0.08032500000000001,0.016065,0.48195,2.83031271,19.036222210000002,1.0
2025-09-04,2025-09-04 09:30:00,ENTRY,ce,SELL,91.0,90.0,75,10.0,6.75,2.364525,0.03375,0.00675,0.0,2.2329045,21.387929500000002,1.0
2025-09-04,2025-09-04 09:30:00,ENTRY,pe,SELL,165.0,164.0,75,10.0,12.3,4.30869,0.061500000000000006,0.0123,0.0,2.5888482,29.271338200000002,1.0
2025-09-04,2025-09-04 09:45:00,ADJUST_CLOSE,ce,BUY,84.7,85.7,75,10.0,0.0,2.25155325,0.0321375,0.0064275,0.192825,2.2122212849999996,14.695164534999998,1.0
2025-09-04,2025-09-04 09:45:00,ADJUST_OPEN,ce,SELL,170.7,169.7,75,10.0,12.727500000000001,4.45844325,0.0636375,0.0127275,0.0,2.616265485,29.878573735,1.0
2025-09-04,2025-09-04 12:19:00,ADJUST_CLOSE,ce,BUY,113.75,114.75,75,10.0,0.0,3.014769375,0.04303125,0.00860625,0.2581875,2.3519532375,15.6765476125,1.0
2025-09-04,2025-09-04 12:19:00,ADJUST_OPEN,ce,SELL,249.2,248.2,75,10.0,18.615000000000002,6.5208345,0.093075,0.018615,0.0,2.9938544099999995,38.241378909999995,1.0
2025-09-04,2025-09-04 15:15:00,TIME_EXIT,ce,BUY,184.65,185.65,75,10.0,0.0,4.877489625,0.06961875000000001,0.013923749999999999,0.4177125,2.6929857824999996,18.0717304075,1.0
2025-09-04,2025-09-04 15:15:00,TIME_EXIT,pe,BUY,268.0,269.0,75,10.0,0.0,7.0673025,0.100875,0.020175,0.6052500000000001,3.0939034499999996,20.887505949999998,1.0
2025-09-05,2025-09-05 09:30:00,ENTRY,ce,SELL,90.7,89.7,75,10.0,6.7275,2.35664325,0.0336375,0.0067275,0.0,2.2314614849999996,21.355969735000002,1.0
2025-09-05,2025-09-05 09:30:00,ENTRY,pe,SELL,136.0,135.0,75,10.0,10.125,3.5467875,0.050625,0.010125,0.0,2.44935675,26.18189425,1.0
2025-09-05,2025-09-05 10:09:00,ADJUST_CLOSE,ce,BUY,73.0,74.0,75,10.0,0.0,1.944165,0.027750000000000004,0.005549999999999999,0.1665,2.1559437,14.299908699999998,1.0
2025-09-05,2025-09-05 10:09:00,ADJUST_OPEN,ce,SELL,129.95,128.95,75,10.0,9.67125,3.387838875,0.04835625,0.00967125,0.0,2.4202559475,25.5373723225,1.0
2025-09-05,2025-09-05 10:13:00,ADJUST_CLOSE,ce,BUY,99.4,100.4,75,10.0,0.0,2.637759,0.03765,0.007529999999999999,0.22590000000000002,2.2829290199999996,15.191768019999996,1.0
2025-09-05,2025-09-05 10:13:00,ADJUST_OPEN,ce,SELL,193.2,192.2,75,10.0,14.415000000000001,5.0495745,0.072075,0.014414999999999999,0.0,2.72449161,32.27555611,1.0
2025-09-05,2025-09-05 14:01:00,ADJUST_CLOSE,pe,BUY,133.05,134.05,75,10.0,0.0,3.521828625,0.05026875,0.01005375,0.3016125,2.4447872025,16.3285508275,1.0
2025-09-05,2025-09-05 14:01:00,ADJUST_OPEN,pe,SELL,271.8,270.8,75,10.0,20.31,7.114593,0.10155,0.020309999999999998,0.0,3.1025615399999995,40.64901454,1.0
2025-09-05,2025-09-05 15:15:00,TIME_EXIT,ce,BUY,237.55,238.55,75,10.0,0.0,6.267304875,0.08945625,0.01789125,0.5367375,2.9474374275000006,19.858827302500003,1.0
2025-09-05,2025-09-05 15:15:00,TIME_EXIT,pe,BUY,304.6,305.6,75,10.0,0.0,8.028876,0.11460000000000001,0.02292,0.6876,3.2699512799999995,22.12394728,1.0
2025-09-08,2025-09-08 09:30:00,ENTRY,ce,SELL,68.55,67.55,75,10.0,5.06625,1.774707375,0.025331250000000003,0.00506625,0.0,2.1249188775000003,18.9962737525,1.0
2025-09-08,2025-09-08 09:30:00,ENTRY,pe,SELL,126.6,125.6,75,10.0,9.42,3.299826,0.0471,0.00942,0.0,2.40414228,25.18048828,1.0
2025-09-08,2025-09-08 10:33:00,ADJUST_CLOSE,ce,BUY,62.95,63.95,75,10.0,0.0,1.680126375,0.023981250000000003,0.00479625,0.1438875,2.1076026975,13.960394072500002,1.0
2025-09-08,2025-09-08 10:33:00,ADJUST_OPEN,ce,SELL,125.45,124.45,75,10.0,9.33375,3.269612625,0.04666875,0.00933375,0.0,2.3986107225,25.0579758475,1.0
2025-09-08,2025-09-08 12:38:00,ADJUST_CLOSE,pe,BUY,93.0,94.0,75,10.0,0.0,2.469615,0.035250000000000004,0.00705,0.2115,2.2521447,14.9755597,1.0
2025-09-08,2025-09-08 12:38:00,ADJUST_OPEN,pe,SELL,185.7,184.7,75,10.0,13.852500000000001,4.85253075,0.0692625,0.0138525,0.0,2.688416235,31.476561984999996,1.0
2025-09-08,2025-09-08 15:12:00,ADJUST_CLOSE,ce,BUY,111.5,112.5,75,10.0,0.0,2.95565625,0.0421875,0.008437499999999999,0.253125,2.341130625,15.600536875000001,1.0
2025-09-08,2025-09-08 15:12:00,ADJUST_OPEN,ce,SELL,242.55,241.55,75,10.0,18.11625,6.346122375,0.09058125,0.01811625,0.0,2.9618675774999996,37.5329374525,1.0
2025-09-08,2025-09-08 15:15:00,TIME_EXIT,ce,BUY,260.9,261.9,75,10.0,0.0,6.88076775,0.09821250000000001,0.0196425,0.589275,3.059752095,20.647649845,1.0
2025-09-08,2025-09-08 15:15:00,TIME_EXIT,pe,BUY,226.6,227.6,75,10.0,0.0,5.979621,0.08535000000000001,0.01707,0.5121,2.89476738,19.48890838,1.0
2025-09-09,2025-09-09 09:30:00,ENTRY,ce,SELL,48.65,47.65,75,10.0,3.57375,1.251884625,0.017868750000000003,0.0035737499999999997,0.0,2.0291988825,16.8762760075,1.0
2025-09-09,2025-09-09 09:30:00,ENTRY,pe,SELL,112.0,111.0,75,10.0,8.325,2.9162475,0.041625,0.008324999999999999,0.0,2.33391555,23.62511305,1.0
2025-09-09,2025-09-09 09:32:00,ADJUST_CLOSE,ce,BUY,46.5,47.5,75,10.0,0.0,1.24794375,0.017812500000000002,0.0035624999999999997,0.106875,2.0284773749999996,13.404671124999998,1.0
2025-09-09,2025-09-09 09:32:00,ADJUST_OPEN,ce,SELL,118.95,117.95,75,10.0,8.84625,3.098841375,0.04423125000000001,0.00884625,0.0,2.3673453974999994,24.365514272499997,1.0
2025-09-09,2025-09-09 15:15:00,TIME_EXIT,ce,BUY,116.6,117.6,75,10.0,0.0,3.089646,0.0441,0.00882,0.2646,2.3656618799999998,15.77282788,1.0
2025-09-09,2025-09-09 15:15:00,TIME_EXIT,pe,BUY,105.85,106.85,75,10.0,0.0,2.807216625,0.04006875,0.00801375,0.2404125,2.3139538425,15.4096654675,1.0
2025-09-10,2025-09-10 09:30:00,ENTRY,ce,SELL,123.05,122.05,75,10.0,9.15375,3.206558625,0.045768750000000004,0.00915375,0.0,2.3870666025,24.8022977275,1.0
2025-09-10,2025-09-10 09:30:00,ENTRY,pe,SELL,155.7,154.7,75,10.0,11.602500000000001,4.06435575,0.0580125,0.0116025,0.0,2.544114735,28.280585485,1.0
2025-09-10,2025-09-10 15:15:00,TIME_EXIT,ce,BUY,119.35,120.35,75,10.0,0.0,3.161895375,0.045131250000000005,0.00902625,0.2707875,2.3788895175,15.865729892500003,1.0
2025-09-10,2025-09-10 15:15:00,TIME_EXIT,pe,BUY,147.7,148.7,75,10.0,0.0,3.90672075,0.055762500000000007,0.0111525,0.334575,2.5152544349999997,16.823465185,1.0
2025-09-11,2025-09-11 09:30:00,ENTRY,ce,SELL,114.0,113.0,75,10.0,8.475,2.9687925,0.042375,0.008475,0.0,2.3435356499999997,23.83817815,1.0
2025-09-11,2025-09-11 09:30:00,ENTRY,pe,SELL,139.65,138.65,75,10.0,10.39875,3.642682125,0.051993750000000005,0.01039875,0.0,2.4669134324999997,26.5707380575,1.0
2025-09-11,2025-09-11 15:15:00,TIME_EXIT,ce,BUY,119.0,120.0,75,10.0,0.0,3.1527,0.045000000000000005,0.009,0.27,2.3772059999999997,15.853905999999998,1.0
2025-09-11,2025-09-11 15:15:00,TIME_EXIT,pe,BUY,124.65,125.65,75,10.0,0.0,3.3011396250000002,0.04711875,0.00942375,0.28271250000000003,2.4043827825,16.0447774075,1.0
2025-09-12,2025-09-12 09:30:00,ENTRY,ce,SELL,101.25,100.25,75,10.0,7.51875,2.633818125,0.03759375,0.007518749999999999,0.0,2.2822075124999994,22.479888137499998,1.0
2025-09-12,2025-09-12 09:30:00,ENTRY,pe,SELL,120.45,119.45,75,10.0,8.95875,3.138250125,0.04479375,0.00895875,0.0,2.3745604725,24.525313097500003,1.0
2025-09-12,2025-09-12 15:15:00,TIME_EXIT,ce,BUY,125.2,126.2,75,10.0,0.0,3.3155895,0.047325000000000006,0.009465,0.28395,2.4070283100000003,16.063357810000003,1.0
2025-09-12,2025-09-12 15:15:00,TIME_EXIT,pe,BUY,96.95,97.95,75,10.0,0.0,2.573391375,0.03673125,0.0073462499999999995,0.22038750000000001,2.2711443975,15.1090007725,1.0
2025-09-15,2025-09-15 09:30:00,ENTRY,ce,SELL,72.6,71.6,75,10.0,5.37,1.881111,0.026850000000000002,0.00537,0.0,2.14439958,19.427730580000002,1.0
2025-09-15,2025-09-15 09:30:00,ENTRY,pe,SELL,112.7,111.7,75,10.0,8.3775,2.93463825,0.0418875,0.0083775,0.0,2.3372825849999996,23.699685835,1.0
2025-09-15,2025-09-15 09:39:00,ADJUST_CLOSE,ce,BUY,59.85,60.85,75,10.0,0.0,1.598681625,0.022818750000000002,0.00456375,0.1369125,2.0926915425,13.8556681675,1.0
2025-09-15,2025-09-15 09:39:00,ADJUST_OPEN,ce,SELL,125.7,124.7,75,10.0,9.352500000000001,3.27618075,0.046762500000000005,0.0093525,0.0,2.399813235,25.084608985,1.0
2025-09-15,2025-09-15 15:15:00,TIME_EXIT,ce,BUY,118.6,119.6,75,10.0,0.0,3.142191,0.04485,0.008969999999999999,0.2691,2.37528198,15.84039298,1.0
2025-09-15,2025-09-15 15:15:00,TIME_EXIT,pe,BUY,115.55,116.55,75,10.0,0.0,3.062059875,0.04370625,0.008741249999999999,0.2622375,2.3606113274999996,15.737356202499997,1.0
2025-09-16,2025-09-16 09:30:00,ENTRY,ce,SELL,23.1,22.1,75,10.0,1.6575,0.58062225,0.008287500000000001,0.0016575,0.0,1.9063021049999997,14.154369355,1.0
2025-09-16,2025-09-16 09:30:00,ENTRY,pe,SELL,122.65,121.65,75,10.0,9.12375,3.196049625,0.045618750000000007,0.00912375,0.0,2.3851425825,24.7596847075,1.0
2025-09-16,2025-09-16 09:32:00,ADJUST_CLOSE,ce,BUY,23.45,24.45,75,10.0,0.0,0.642362625,0.009168750000000002,0.0018337499999999999,0.0550125,1.9176057225,12.6259833475,1.0
2025-09-16,2025-09-16 09:32:00,ADJUST_OPEN,ce,SELL,127.95,126.95,75,10.0,9.52125,3.335293875,0.04760625,0.00952125,0.0,2.4106358475,25.324307222500003,1.0
2025-09-16,2025-09-16 10:03:00,ADJUST_CLOSE,pe,BUY,95.6,96.6,75,10.0,0.0,2.5379235,0.036225,0.007245,0.21735000000000002,2.26465083,15.063394329999998,1.0
2025-09-16,2025-09-16 10:03:00,ADJUST_OPEN,pe,SELL,195.8,194.8,75,10.0,14.61,5.117883,0.07305,0.01461,0.0,2.7369977399999996,32.55254074,1.0
2025-09-16,2025-09-16 15:15:00,TIME_EXIT,ce,BUY,236.05,237.05,75,10.0,0.0,6.227896125,0.08889375000000001,0.01777875,0.5333625,2.9402223525,19.808153477500003,1.0
2025-09-16,2025-09-16 15:15:00,TIME_EXIT,pe,BUY,153.9,154.9,75,10.0,0.0,4.06961025,0.05808750000000001,0.0116175,0.34852500000000003,2.545076745,17.032916995,1.0
2025-09-17,2025-09-17 09:30:00,ENTRY,ce,SELL,135.65,134.65,75,10.0,10.09875,3.537592125,0.050493750000000004,0.01009875,0.0,2.4476732324999997,26.144607857500006,1.0
2025-09-17,2025-09-17 09:30:00,ENTRY,pe,SELL,129.2,128.2,75,10.0,9.615,3.3681345,0.04807500000000001,0.009615,0.0,2.41664841,25.457472910000003,1.0
2025-09-17,2025-09-17 15:15:00,TIME_EXIT,ce,BUY,154.05,155.05,75,10.0,0.0,4.073551125,0.05814375000000001,0.01162875,0.3488625,2.5457982524999996,17.0379843775,1.0
2025-09-17,2025-09-17 15:15:00,TIME_EXIT,pe,BUY,118.2,119.2,75,10.0,0.0,3.131682,0.044700000000000004,0.00894,0.2682,2.3733579600000003,15.826879960000001,1.0
2025-09-18,2025-09-18 09:30:00,ENTRY,ce,SELL,128.45,127.44999999999999,75,10.0,9.55875,3.348430125,0.04779375,0.00955875,0.0,2.4130408725,25.377573497500002,1.0
2025-09-18,2025-09-18 09:30:00,ENTRY,pe,SELL,105.8,104.8,75,10.0,7.86,2.753358,0.0393,0.007859999999999999,0.0,2.3040932400000003,22.96461124,1.0
2025-09-18,2025-09-18 15:15:00,TIME_EXIT,ce,BUY,120.9,121.9,75,10.0,0.0,3.20261775,0.0457125,0.0091425,0.274275,2.386345095,15.918092844999999,1.0
2025-09-18,2025-09-18 15:15:00,TIME_EXIT,pe,BUY,99.75,100.75,75,10.0,0.0,2.646954375,0.03778125,0.00755625,0.22668750000000001,2.2846125375,15.203591912500002,1.0
2025-09-19,2025-09-19 09:30:00,ENTRY,ce,SELL,91.2,90.2,75,10.0,6.765000000000001,2.3697795,0.033825,0.006764999999999999,0.0,2.23386651,21.40923601,1.0
2025-09-19,2025-09-19 09:30:00,ENTRY,pe,SELL,111.2,110.2,75,10.0,8.265,2.8952295,0.041325,0.008265,0.0,2.3300675099999997,23.53988701,1.0
2025-09-19,2025-09-19 10:01:00,ADJUST_CLOSE,ce,BUY,68.35,69.35,75,10.0,0.0,1.821997875,0.02600625,0.00520125,0.1560375,2.1335769675000003,14.142819842500002,1.0
2025-09-19,2025-09-19 10:01:00,ADJUST_OPEN,ce,SELL,159.35,158.35,75,10.0,11.87625,4.160250375,0.059381250000000003,0.01187625,0.0,2.5616714175,28.669429292500002,1.0
2025-09-19,2025-09-19 15:15:00,TIME_EXIT,ce,BUY,181.75,182.75,75,10.0,0.0,4.801299375,0.06853125,0.01370625,0.4111875,2.6790366375,17.9737610125,1.0
2025-09-19,2025-09-19 15:15:00,TIME_EXIT,pe,BUY,117.65,118.65,75,10.0,0.0,3.117232125,0.044493750000000006,0.00889875,0.2669625,2.3707124325000004,15.808299557500003,1.0
2025-09-22,2025-09-22 09:30:00,ENTRY,ce,SELL,60.15,59.15,75,10.0,4.43625,1.554018375,0.022181250000000003,0.00443625,0.0,2.0845144574999996,18.101400332500003,1.0
2025-09-22,2025-09-22 09:30:00,ENTRY,pe,SELL,114.45,113.45,75,10.0,8.508750000000001,2.980615125,0.042543750000000005,0.008508749999999999,0.0,2.3457001725,23.8861177975,1.0
2025-09-22,2025-09-22 11:31:00,ADJUST_CLOSE,ce,BUY,55.4,56.4,75,10.0,0.0,1.4817690000000001,0.021150000000000002,0.004229999999999999,0.1269,2.07128682,13.705335820000002,1.0
2025-09-22,2025-09-22 11:31:00,ADJUST_OPEN,ce,SELL,124.45,123.45,75,10.0,9.258750000000001,3.243340125,0.04629375,0.00925875,0.0,2.3938006725,24.9514432975,1.0
2025-09-22,2025-09-22 14:44:00,ADJUST_CLOSE,ce,BUY,67.4,68.4,75,10.0,0.0,1.797039,0.025650000000000003,0.00513,0.1539,2.1290074199999998,14.110726419999999,1.0
2025-09-22,2025-09-22 14:44:00,ADJUST_OPEN,ce,SELL,141.05,140.05,75,10.0,10.50375,3.679463625,0.05251875,0.01050375,0.0,2.4736475025,26.719883627500003,1.0
2025-09-22,2025-09-22 15:15:00,TIME_EXIT,ce,BUY,141.2,142.2,75,10.0,0.0,3.7359495000000003,0.053325000000000004,0.010665,0.31995,2.4839891099999996,16.60387861,1.0
2025-09-22,2025-09-22 15:15:00,TIME_EXIT,pe,BUY,151.7,152.7,75,10.0,0.0,4.01181075,0.05726250000000001,0.0114525,0.343575,2.534494635,16.958595385000002,1.0
2025-09-23,2025-09-23 09:30:00,ENTRY,ce,SELL,66.0,65.0,75,10.0,4.875,1.7077125,0.024375,0.004875,0.0,2.1126532499999997,18.724615749999998,1.0
2025-09-23,2025-09-23 09:30:00,ENTRY,pe,SELL,91.95,90.95,75,10.0,6.82125,2.389483875,0.034106250000000005,0.00682125,0.0,2.2374740475,21.489135422500002,1.0
2025-09-23,2025-09-23 09:38:00,ADJUST_CLOSE,ce,BUY,51.4,52.4,75,10.0,0.0,1.376679,0.01965,0.0039299999999999995,0.1179,2.05204662,13.570205620000001,1.0
2025-09-23,2025-09-23 09:38:00,ADJUST_OPEN,ce,SELL,85.55,84.55,75,10.0,6.3412500000000005,2.221339875,0.031706250000000005,0.00634125,0.0,2.2066897274999997,20.807327102499997,1.0
2025-09-23,2025-09-23 09:51:00,ADJUST_CLOSE,ce,BUY,60.35,61.35,75,10.0,0.0,1.611817875,0.023006250000000002,0.0046012499999999994,0.1380375,2.0950965674999997,13.872559442499998,1.0
2025-09-23,2025-09-23 09:51:00,ADJUST_OPEN,ce,SELL,134.4,133.4,75,10.0,10.005,3.5047515000000002,0.05002500000000001,0.010005,0.0,2.44166067,26.011442170000006,1.0
2025-09-23,2025-09-23 12:34:00,ADJUST_CLOSE,pe,BUY,86.95,87.95,75,10.0,0.0,2.310666375,0.032981250000000004,0.00659625,0.1978875,2.2230438974999998,14.7711752725,1.0
2025-09-23,2025-09-23 12:34:00,ADJUST_OPEN,pe,SELL,181.1,180.1,75,10.0,13.5075,4.73167725,0.0675375,0.013507499999999999,0.0,2.666290005,30.986512255,1.0
2025-09-23,2025-09-23 14:08:00,ADJUST_CLOSE,pe,BUY,133.65,134.65,75,10.0,0.0,3.537592125,0.050493750000000004,0.01009875,0.3029625,2.4476732324999997,16.348820357499996,1.0
2025-09-23,2025-09-23 14:08:00,ADJUST_OPEN,pe,SELL,263.7,262.7,75,10.0,19.7025,6.90178575,0.0985125,0.019702499999999998,0.0,3.063600135,39.786100885,1.0
2025-09-23,2025-09-23 15:15:00,TIME_EXIT,ce,BUY,171.75,172.75,75,10.0,0.0,4.538574375,0.06478125,0.012956249999999999,0.3886875,2.6309361374999995,17.635935512499998,1.0
2025-09-23,2025-09-23 15:15:00,TIME_EXIT,pe,BUY,318.85,319.85,75,10.0,0.0,8.403259125,0.11994375000000002,0.02398875,0.7196625,3.3384944924999997,22.6053486175,1.0
2025-09-24,2025-09-24 09:30:00,ENTRY,ce,SELL,157.6,156.6,75,10.0,11.745000000000001,4.1142735,0.058725000000000006,0.011745,0.0,2.55325383,28.48299733,1.0
2025-09-24,2025-09-24 09:30:00,ENTRY,pe,SELL,127.0,126.0,75,10.0,9.450000000000001,3.3103350000000002,0.04725000000000001,0.00945,0.0,2.4060663,25.223101300000003,1.0
2025-09-24,2025-09-24 13:18:00,ADJUST_CLOSE,pe,BUY,98.45,99.45,75,10.0,0.0,2.612800125,0.03729375,0.007458749999999999,0.2237625,2.2783594724999996,15.159674597499999,1.0
2025-09-24,2025-09-24 13:18:00,ADJUST_OPEN,pe,SELL,202.9,201.9,75,10.0,15.1425,5.30441775,0.0757125,0.0151425,0.0,2.7711490949999997,33.308921845,1.0
2025-09-24,2025-09-24 15:02:00,ADJUST_CLOSE,ce,BUY,129.45,130.45,75,10.0,0.0,3.427247625,0.048918750000000004,0.009783749999999999,0.2935125,2.4274710225,16.2069336475,1.0
2025-09-24,2025-09-24 15:02:00,ADJUST_OPEN,ce,SELL,275.3,274.3,75,10.0,20.5725,7.20654675,0.10286250000000001,0.0205725,0.0,3.119396715,41.021878465,1.0
2025-09-24,2025-09-24 15:15:00,TIME_EXIT,ce,BUY,290.3,291.3,75,10.0,0.0,7.65317925,0.10923750000000002,0.0218475,0.655425,3.201167565,21.640856815,1.0
2025-09-24,2025-09-24 15:15:00,TIME_EXIT,pe,BUY,249.5,250.5,75,10.0,0.0,6.58126125,0.09393750000000001,0.0187875,0.563625,3.0049175249999998,20.262528774999996,1.0
2025-09-25,2025-09-25 09:30:00,ENTRY,ce,SELL,125.6,124.6,75,10.0,9.345,3.2735535000000002,0.046725,0.009345,0.0,2.39933223,25.073955729999994,1.0
2025-09-25,2025-09-25 09:30:00,ENTRY,pe,SELL,122.7,121.7,75,10.0,9.1275,3.19736325,0.045637500000000004,0.0091275,0.0,2.385383085,24.765011335,1.0
2025-09-25,2025-09-25 12:08:00,ADJUST_CLOSE,ce,BUY,81.2,82.2,75,10.0,0.0,2.1595995,0.030825,0.0061649999999999995,0.18495,2.19538611,14.57692561,1.0
2025-09-25,2025-09-25 12:08:00,ADJUST_OPEN,ce,SELL,167.4,166.4,75,10.0,12.48,4.371744,0.062400000000000004,0.01248,0.0,2.60039232,29.52701632,1.0
2025-09-25,2025-09-25 15:15:00,TIME_EXIT,ce,BUY,128.0,129.0,75,10.0,0.0,3.3891525000000002,0.048375,0.009675,0.29025,2.42049645,16.157948949999998,1.0
2025-09-25,2025-09-25 15:15:00,TIME_EXIT,pe,BUY,186.1,187.1,75,10.0,0.0,4.91558475,0.0701625,0.0140325,0.420975,2.6999603550000004,18.120715105000002,1.0
2025-09-26,2025-09-26 09:30:00,ENTRY,ce,SELL,114.35,113.35,75,10.0,8.50125,2.977987875,0.04250625,0.00850125,0.0,2.3452191675000003,23.875464542499998,1.0
2025-09-26,2025-09-26 09:30:00,ENTRY,pe,SELL,123.4,122.4,75,10.0,9.18,3.215754,0.0459,0.009179999999999999,0.0,2.38875012,24.83958412,1.0
2025-09-26,2025-09-26 13:31:00,ADJUST_CLOSE,ce,BUY,70.55,71.55,75,10.0,0.0,1.879797375,0.02683125,0.0053662499999999995,0.1609875,2.1441590775000003,14.217141452500002,1.0
2025-09-26,2025-09-26 13:31:00,ADJUST_OPEN,ce,SELL,164.1,163.1,75,10.0,12.2325,4.28504475,0.0611625,0.012232499999999999,0.0,2.584519155,29.175458905,1.0
2025-09-26,2025-09-26 14:25:00,ADJUST_CLOSE,ce,BUY,103.6,104.6,75,10.0,0.0,2.7481035,0.039225,0.007845,0.23535,2.3031312299999995,15.33365473,1.0
2025-09-26,2025-09-26 14:25:00,ADJUST_OPEN,ce,SELL,203.65,202.65,75,10.0,15.19875,5.324122125,0.07599375000000001,0.015198749999999999,0.0,2.7747566324999995,33.3888212575,1.0
2025-09-26,2025-09-26 15:15:00,TIME_EXIT,ce,BUY,214.5,215.5,75,10.0,0.0,5.66172375,0.08081250000000001,0.0161625,0.484875,2.836565775,19.080139525,1.0
2025-09-26,2025-09-26 15:15:00,TIME_EXIT,pe,BUY,205.05,206.05,75,10.0,0.0,5.413448625,0.07726875000000001,0.015453749999999999,0.46361250000000004,2.7911108025,18.760894427500002,1.0
2025-09-29,2025-09-29 09:30:00,ENTRY,ce,SELL,76.55,75.55,75,10.0,5.66625,1.984887375,0.028331250000000002,0.005666249999999999,0.0,2.1633992775,19.8485341525,1.0
2025-09-29,2025-09-29 09:30:00,ENTRY,pe,SELL,130.1,129.1,75,10.0,9.682500000000001,3.39177975,0.048412500000000004,0.0096825,0.0,2.4209774549999996,25.553352205000003,1.0
2025-09-29,2025-09-29 11:37:00,ADJUST_CLOSE,ce,BUY,62.9,63.9,75,10.0,0.0,1.67881275,0.0239625,0.0047925,0.14377500000000001,2.107362195,13.958704945000001,1.0
2025-09-29,2025-09-29 11:37:00,ADJUST_OPEN,ce,SELL,127.4,126.4,75,10.0,9.48,3.320844,0.047400000000000005,0.009479999999999999,0.0,2.40799032,25.26571432,1.0
2025-09-29,2025-09-29 12:39:00,ADJUST_CLOSE,ce,BUY,81.55,82.55,75,10.0,0.0,2.168794875,0.03095625,0.00619125,0.1857375,2.1970696275,14.588749502499999,1.0
2025-09-29,2025-09-29 12:39:00,ADJUST_OPEN,ce,SELL,151.45,150.45,75,10.0,11.28375,3.952697625,0.056418750000000004,0.011283749999999999,0.0,2.5236720225,27.827822147499997,1.0
2025-09-29,2025-09-29 15:15:00,TIME_EXIT,ce,BUY,159.75,160.75,75,10.0,0.0,4.223304375,0.06028125,0.01205625,0.3616875,2.5732155375,17.2305449125,1.0
2025-09-29,2025-09-29 15:15:00,TIME_EXIT,pe,BUY,152.8,153.8,75,10.0,0.0,4.0407105,0.057675000000000004,0.011535,0.34605,2.53978569,16.995756189999998,1.0
2025-09-30,2025-09-30 09:30:00,ENTRY,ce,SELL,43.85,42.85,75,10.0,3.21375,1.125776625,0.01606875,0.00321375,0.0,2.0061106425000004,16.3649197675,1.0
2025-09-30,2025-09-30 09:30:00,ENTRY,pe,SELL,134.0,133.0,75,10.0,9.975,3.4942425,0.049875,0.009975,0.0,2.43973665,25.96882915,1.0
2025-09-30,2025-09-30 09:32:00,ADJUST_CLOSE,ce,BUY,42.2,43.2,75,10.0,0.0,1.134972,0.016200000000000003,0.00324,0.09720000000000001,2.0077941599999996,13.25940616,1.0
2025-09-30,2025-09-30 09:32:00,ADJUST_OPEN,ce,SELL,142.2,141.2,75,10.0,10.59,3.709677,0.052950000000000004,0.010589999999999999,0.0,2.47917906,26.84239606,1.0
2025-09-30,2025-09-30 10:37:00,ADJUST_CLOSE,ce,BUY,81.95,82.95,75,10.0,0.0,2.179303875,0.031106250000000002,0.006221249999999999,0.1866375,2.1989936475,14.6022625225,1.0
2025-09-30,2025-09-30 10:37:00,ADJUST_OPEN,ce,SELL,162.7,161.7,75,10.0,12.1275,4.24826325,0.060637500000000004,0.0121275,0.0,2.577785085,29.026313334999994,1.0
2025-09-30,2025-09-30 15:15:00,TIME_EXIT,ce,BUY,163.4,164.4,75,10.0,0.0,4.319199,0.06165,0.012329999999999999,0.3699,2.5907722200000003,17.353851220000003,1.0
2025-09-30,2025-09-30 15:15:00,TIME_EXIT,pe,BUY,139.0,140.0,75,10.0,0.0,3.67815,0.052500000000000005,0.010499999999999999,0.315,2.473407,16.529557,1.0
2025-10-01,2025-10-01 09:30:00,ENTRY,ce,SELL,137.35,136.35,75,10.0,10.22625,3.582255375,0.05113125,0.01022625,0.0,2.4558503174999995,26.325713192499997,1.0
2025-10-01,2025-10-01 09:30:00,ENTRY,pe,SELL,149.9,148.9,75,10.0,11.1675,3.9119752500000002,0.055837500000000005,0.0111675,0.0,2.5162164450000004,27.662696695,1.0
2025-10-01,2025-10-01 11:44:00,ADJUST_CLOSE,pe,BUY,98.05,99.05,75,10.0,0.0,2.602291125,0.03714375,0.00742875,0.22286250000000002,2.2764354525000003,15.146161577500003,1.0
2025-10-01,2025-10-01 11:44:00,ADJUST_OPEN,pe,SELL,199.6,198.6,75,10.0,14.895,5.2177185,0.074475,0.014894999999999999,0.0,2.75527593,32.95736443,1.0
2025-10-01,2025-10-01 15:15:00,TIME_EXIT,ce,BUY,243.85,244.85,75,10.0,0.0,6.432821625,0.09181875,0.018363749999999998,0.5509125,2.9777407425,20.0716573675,1.0
2025-10-01,2025-10-01 15:15:00,TIME_EXIT,pe,BUY,160.15,161.15,75,10.0,0.0,4.233813375,0.060431250000000006,0.01208625,0.3625875,2.5751395575,17.2440579325,1.0
2025-10-03,2025-10-03 09:30:00,ENTRY,ce,SELL,120.05,119.05,75,10.0,8.92875,3.127741125,0.04464375,0.00892875,0.0,2.3726364525,24.4827000775,1.0
2025-10-03,2025-10-03 09:30:00,ENTRY,pe,SELL,112.2,111.2,75,10.0,8.34,2.921502,0.0417,0.00834,0.0,2.3348775600000002,23.64641956,1.0
2025-10-03,2025-10-03 14:38:00,ADJUST_CLOSE,pe,BUY,77.95,78.95,75,10.0,0.0,2.074213875,0.029606250000000004,0.005921249999999999,0.1776375,2.1797534475,14.4671323225,1.0
2025-10-03,2025-10-03 14:38:00,ADJUST_OPEN,pe,SELL,156.15,155.15,75,10.0,11.63625,4.0761783750000005,0.058181250000000004,0.011636249999999999,0.0,2.5462792575,28.3285251325,1.0
2025-10-03,2025-10-03 15:15:00,TIME_EXIT,ce,BUY,185.7,186.7,75,10.0,0.0,4.90507575,0.0700125,0.0140025,0.42007500000000003,2.698036335,18.107202085,1.0
2025-10-03,2025-10-03 15:15:00,TIME_EXIT,pe,BUY,139.7,140.7,75,10.0,0.0,3.69654075,0.052762500000000004,0.0105525,0.316575,2.476774035,16.553204785,1.0
2025-10-06,2025-10-06 09:30:00,ENTRY,ce,SELL,62.7,61.7,75,10.0,4.6275,1.62101325,0.023137500000000002,0.0046275,0.0,2.0967800850000002,18.373058335000003,1.0
2025-10-06,2025-10-06 09:30:00,ENTRY,pe,SELL,118.5,117.5,75,10.0,8.8125,3.08701875,0.044062500000000004,0.0088125,0.0,2.365180875,24.317574625,1.0
2025-10-06,2025-10-06 11:30:00,ADJUST_CLOSE,pe,BUY,69.65,70.65,75,10.0,0.0,1.856152125,0.026493750000000003,0.00529875,0.1589625,2.1398300325,14.186737157499998,1.0
2025-10-06,2025-10-06 11:30:00,ADJUST_OPEN,pe,SELL,148.9,147.9,75,10.0,11.0925,3.88570275,0.055462500000000005,0.0110925,0.0,2.5114063950000003,27.556164145000004,1.0
2025-10-06,2025-10-06 13:34:00,ADJUST_CLOSE,pe,BUY,109.55,110.55,75,10.0,0.0,2.904424875,0.04145625,0.00829125,0.2487375,2.3317510274999997,15.534660902499999,1.0
2025-10-06,2025-10-06 13:34:00,ADJUST_OPEN,pe,SELL,216.75,215.75,75,10.0,16.18125,5.668291875,0.08090625000000001,0.016181249999999998,0.0,2.8377682875000003,34.7843976625,1.0
2025-10-06,2025-10-06 15:15:00,TIME_EXIT,ce,BUY,205.8,206.8,75,10.0,0.0,5.433153,0.07755000000000001,0.01551,0.4653,2.79471834,18.78623134,1.0
2025-10-06,2025-10-06 15:15:00,TIME_EXIT,pe,BUY,223.25,224.25,75,10.0,0.0,5.891608125,0.08409375000000001,0.01681875,0.5045625,2.8786537125000002,19.3757368375,1.0
2025-10-07,2025-10-07 09:30:00,ENTRY,ce,SELL,56.05,55.05,75,10.0,4.12875,1.446301125,0.020643750000000002,0.00412875,0.0,2.0647932525,17.6646168775,1.0
2025-10-07,2025-10-07 09:30:00,ENTRY,pe,SELL,98.0,97.0,75,10.0,7.275,2.5484325,0.036375000000000005,0.007274999999999999,0.0,2.26657485,22.13365735,1.0
2025-10-07,2025-10-07 11:25:00,ADJUST_CLOSE,ce,BUY,44.85,45.85,75,10.0,0.0,1.204594125,0.01719375,0.00343875,0.1031625,2.0205407925000003,13.348929917500001,1.0
2025-10-07,2025-10-07 11:25:00,ADJUST_OPEN,ce,SELL,78.6,77.6,75,10.0,5.82,2.038746,0.0291,0.00582,0.0,2.17325988,20.06692588,1.0
2025-10-07,2025-10-07 13:00:00,ADJUST_CLOSE,pe,BUY,68.2,69.2,75,10.0,0.0,1.818057,0.02595,0.00519,0.1557,2.13285546,14.13775246,1.0
2025-10-07,2025-10-07 13:00:00,ADJUST_OPEN,pe,SELL,130.1,129.1,75,10.0,9.682500000000001,3.39177975,0.048412500000000004,0.0096825,0.0,2.4209774549999996,25.553352205000003,1.0
2025-10-07,2025-10-07 15:07:00,ADJUST_CLOSE,ce,BUY,68.75,69.75,75,10.0,0.0,1.832506875,0.026156250000000002,0.00523125,0.1569375,2.1355009875,14.1563328625,1.0
2025-10-07,2025-10-07 15:07:00,ADJUST_OPEN,ce,SELL,168.35,167.35,75,10.0,12.55125,4.396702875,0.06275625,0.01255125,0.0,2.6049618674999997,29.628222242499998,1.0
2025-10-07,2025-10-07 15:15:00,TIME_EXIT,ce,BUY,153.6,154.6,75,10.0,0.0,4.0617285,0.057975000000000006,0.011595,0.34785,2.5436337300000003,17.02278223,1.0
2025-10-07,2025-10-07 15:15:00,TIME_EXIT,pe,BUY,162.2,163.2,75,10.0,0.0,4.287672,0.061200000000000004,0.01224,0.3672,2.58500016,17.313312160000002,1.0
2025-10-08,2025-10-08 09:30:00,ENTRY,ce,SELL,146.35,145.35,75,10.0,10.901250000000001,3.818707875,0.054506250000000006,0.01090125,0.0,2.4991407674999997,27.2845061425,1.0
2025-10-08,2025-10-08 09:30:00,ENTRY,pe,SELL,115.0,114.0,75,10.0,8.55,2.995065,0.04275,0.00855,0.0,2.3483457,23.9447107,1.0
2025-10-08,2025-10-08 11:02:00,ADJUST_CLOSE,ce,BUY,82.8,83.8,75,10.0,0.0,2.2016355,0.031425,0.006285,0.18855,2.20308219,14.63097769,1.0
2025-10-08,2025-10-08 11:02:00,ADJUST_OPEN,ce,SELL,166.6,165.6,75,10.0,12.42,4.350726,0.0621,0.012419999999999999,0.0,2.59654428,29.441790280000003,1.0
2025-10-08,2025-10-08 15:15:00,TIME_EXIT,ce,BUY,125.8,126.8,75,10.0,0.0,3.331353,0.04755,0.00951,0.2853,2.40991434,16.08362734,1.0
2025-10-08,2025-10-08 15:15:00,TIME_EXIT,pe,BUY,190.7,191.7,75,10.0,0.0,5.03643825,0.07188750000000001,0.0143775,0.431325,2.722086585,18.276114835,1.0
2025-10-09,2025-10-09 09:30:00,ENTRY,ce,SELL,118.55,117.55,75,10.0,8.81625,3.0883323750000002,0.04408125,0.00881625,0.0,2.3654213775,24.3229012525,1.0
2025-10-09,2025-10-09 09:30:00,ENTRY,pe,SELL,123.45,122.45,75,10.0,9.18375,3.217067625,0.04591875,0.00918375,0.0,2.3889906225,24.844910747499995,1.0
2025-10-09,2025-10-09 15:15:00,TIME_EXIT,ce,BUY,146.9,147.9,75,10.0,0.0,3.88570275,0.055462500000000005,0.0110925,0.332775,2.5114063950000003,16.796439145,1.0
2025-10-09,2025-10-09 15:15:00,TIME_EXIT,pe,BUY,90.85,91.85,75,10.0,0.0,2.413129125,0.03444375,0.00688875,0.2066625,2.2418030925,14.9029272175,1.0
2025-10-10,2025-10-10 09:30:00,ENTRY,ce,SELL,93.9,92.9,75,10.0,6.9675,2.4407152500000002,0.0348375,0.0069675,0.0,2.246853645,21.696873894999996,1.0
2025-10-10,2025-10-10 09:30:00,ENTRY,pe,SELL,118.3,117.3,75,10.0,8.7975,3.08176425,0.043987500000000006,0.0087975,0.0,2.364218865,24.296268114999997,1.0
2025-10-10,2025-10-10 13:34:00,ADJUST_CLOSE,pe,BUY,79.0,80.0,75,10.0,0.0,2.1018,0.030000000000000002,0.006,0.18,2.184804,14.502604,1.0
2025-10-10,2025-10-10 13:34:00,ADJUST_OPEN,pe,SELL,155.0,154.0,75,10.0,11.55,4.045965,0.05775,0.01155,0.0,2.5407477,28.2060127,1.0
2025-10-10,2025-10-10 15:15:00,TIME_EXIT,ce,BUY,128.9,129.9,75,10.0,0.0,3.41279775,0.048712500000000006,0.0097425,0.292275,2.424825495,16.188353245,1.0
2025-10-10,2025-10-10 15:15:00,TIME_EXIT,pe,BUY,174.25,175.25,75,10.0,0.0,4.604255625,0.06571875,0.01314375,0.3943125,2.6429612625,17.7203918875,1.0
2025-10-13,2025-10-13 09:30:00,ENTRY,ce,SELL,113.45,112.45,75,10.0,8.43375,2.954342625,0.042168750000000005,0.00843375,0.0,2.3408901225,23.779585247499995,1.0
2025-10-13,2025-10-13 09:30:00,ENTRY,pe,SELL,109.8,108.8,75,10.0,8.16,2.858448,0.0408,0.008159999999999999,0.0,2.32333344,23.39074144,1.0
2025-10-13,2025-10-13 15:15:00,TIME_EXIT,ce,BUY,114.95,115.95,75,10.0,0.0,3.046296375,0.043481250000000006,0.008696249999999999,0.2608875,2.3577252975,15.7170866725,1.0
2025-10-13,2025-10-13 15:15:00,TIME_EXIT,pe,BUY,90.5,91.5,75,10.0,0.0,2.40393375,0.0343125,0.0068625,0.205875,2.240119575,14.891103325000001,1.0
2025-10-14,2025-10-14 09:30:00,ENTRY,ce,SELL,49.85,48.85,75,10.0,3.6637500000000003,1.283411625,0.01831875,0.00366375,0.0,2.0349709424999998,17.0041150675,1.0
2025-10-14,2025-10-14 09:30:00,ENTRY,pe,SELL,113.5,112.5,75,10.0,8.4375,2.95565625,0.0421875,0.008437499999999999,0.0,2.341130625,23.784911875,1.0
2025-10-14,2025-10-14 09:32:00,ADJUST_CLOSE,ce,BUY,50.65,51.65,75,10.0,0.0,1.356974625,0.01936875,0.00387375,0.1162125,2.0484390825,13.5448687075,1.0
2025-10-14,2025-10-14 09:32:00,ADJUST_OPEN,ce,SELL,123.05,122.05,75,10.0,9.15375,3.206558625,0.045768750000000004,0.00915375,0.0,2.3870666025,24.8022977275,1.0
2025-10-14,2025-10-14 10:00:00,ADJUST_CLOSE,ce,BUY,73.0,74.0,75,10.0,0.0,1.944165,0.027750000000000004,0.005549999999999999,0.1665,2.1559437,14.299908699999998,1.0
2025-10-14,2025-10-14 10:00:00,ADJUST_OPEN,ce,SELL,149.15,148.15,75,10.0,11.11125,3.892270875,0.05555625,0.01111125,0.0,2.5126089075,27.582797282499996,1.0
2025-10-14,2025-10-14 11:11:00,ADJUST_CLOSE,ce,BUY,91.25,92.25,75,10.0,0.0,2.423638125,0.03459375,0.0069187499999999996,0.2075625,2.2437271125000002,14.916440237500002,1.0
2025-10-14,2025-10-14 11:11:00,ADJUST_OPEN,ce,SELL,172.25,171.25,75,10.0,12.84375,4.499165625,0.06421875,0.01284375,0.0,2.6237210625,30.043699187499996,1.0
2025-10-14,2025-10-14 12:29:00,ADJUST_CLOSE,ce,BUY,105.7,106.7,75,10.0,0.0,2.80327575,0.040012500000000006,0.0080025,0.240075,2.313232335,15.404598085,1.0
2025-10-14,2025-10-14 12:29:00,ADJUST_OPEN,ce,SELL,244.5,243.5,75,10.0,18.2625,6.39735375,0.0913125,0.018262499999999997,0.0,2.971247175,37.740675925,1.0
2025-10-14,2025-10-14 14:38:00,ADJUST_CLOSE,pe,BUY,172.3,173.3,75,10.0,0.0,4.55302425,0.0649875,0.012997499999999999,0.389925,2.6335816650000003,17.654515915,1.0
2025-10-14,2025-10-14 14:38:00,ADJUST_OPEN,pe,SELL,360.4,359.4,75,10.0,26.955000000000002,9.4423365,0.134775,0.026955,0.0,3.5287319700000004,50.087798469999996,1.0
2025-10-14,2025-10-14 15:15:00,TIME_EXIT,ce,BUY,297.65,298.65,75,10.0,0.0,7.846282125,0.11199375,0.02239875,0.6719625,3.2365214325000005,21.889158557500004,1.0
2025-10-14,2025-10-14 15:15:00,TIME_EXIT,pe,BUY,390.35,391.35,75,10.0,0.0,10.281742875,0.14675625,0.02935125,0.8805375,3.6824130674999997,25.0208009425,1.0
2025-10-15,2025-10-15 09:30:00,ENTRY,ce,SELL,156.1,155.1,75,10.0,11.6325,4.07486475,0.058162500000000006,0.011632499999999999,0.0,2.5460387549999997,28.323198505,1.0
2025-10-15,2025-10-15 09:30:00,ENTRY,pe,SELL,134.5,133.5,75,10.0,10.012500000000001,3.50737875,0.0500625,0.010012499999999999,0.0,2.442141675,26.022095425,1.0
2025-10-15,2025-10-15 13:17:00,ADJUST_CLOSE,pe,BUY,102.7,103.7,75,10.0,0.0,2.72445825,0.038887500000000005,0.0077775,0.233325,2.2988021849999996,15.303250434999999,1.0
2025-10-15,2025-10-15 13:17:00,ADJUST_OPEN,pe,SELL,224.65,223.65,75,10.0,16.77375,5.875844625,0.08386875,0.01677375,0.0,2.8757676825,35.626004807499996,1.0
2025-10-15,2025-10-15 15:15:00,TIME_EXIT,ce,BUY,194.4,195.4,75,10.0,0.0,5.1336465,0.073275,0.014655,0.43965,2.73988377,18.40111027,1.0
2025-10-15,2025-10-15 15:15:00,TIME_EXIT,pe,BUY,233.15,234.15,75,10.0,0.0,6.151705875,0.08780625,0.01756125,0.5268375,2.9262732075,19.7101840825,1.0
2025-10-16,2025-10-16 09:30:00,ENTRY,ce,SELL,111.05,110.05,75,10.0,8.25375,2.891288625,0.04126875000000001,0.008253749999999999,0.0,2.3293460025,23.523907127500003,1.0
2025-10-16,2025-10-16 09:30:00,ENTRY,pe,SELL,133.9,132.9,75,10.0,9.9675,3.49161525,0.04983750000000001,0.009967499999999999,0.0,2.4392556450000002,25.958175894999997,1.0
2025-10-16,2025-10-16 14:08:00,ADJUST_CLOSE,pe,BUY,93.95,94.95,75,10.0,0.0,2.494573875,0.035606250000000006,0.00712125,0.2136375,2.2567142475,15.007653122500002,1.0
2025-10-16,2025-10-16 14:08:00,ADJUST_OPEN,pe,SELL,210.75,209.75,75,10.0,15.731250000000001,5.5106568750000005,0.07865625000000001,0.01573125,0.0,2.8089079875,34.14520236250001,1.0
2025-10-16,2025-10-16 15:15:00,TIME_EXIT,ce,BUY,193.7,194.7,75,10.0,0.0,5.11525575,0.07301250000000001,0.0146025,0.438075,2.736516735,18.377462485,1.0
2025-10-16,2025-10-16 15:15:00,TIME_EXIT,pe,BUY,216.55,217.55,75,10.0,0.0,5.715582375,0.08158125000000001,0.01631625,0.4894875,2.8464263775,19.149393752499996,1.0
2025-10-17,2025-10-17 09:30:00,ENTRY,ce,SELL,101.5,100.5,75,10.0,7.5375000000000005,2.64038625,0.037687500000000006,0.0075375,0.0,2.2834100250000002,22.506521275000004,1.0
2025-10-17,2025-10-17 09:30:00,ENTRY,pe,SELL,143.8,142.8,75,10.0,10.71,3.751713,0.05355000000000001,0.010709999999999999,0.0,2.48687514,27.01284814,1.0
2025-10-17,2025-10-17 11:01:00,ADJUST_CLOSE,pe,BUY,99.2,100.2,75,10.0,0.0,2.6325045,0.037575000000000004,0.007515,0.22545,2.28196701,15.185011509999999,1.0
2025-10-17,2025-10-17 11:01:00,ADJUST_OPEN,pe,SELL,220.8,219.8,75,10.0,16.485,5.7746955,0.08242500000000001,0.016485,0.0,2.85724899,35.215854490000005,1.0
2025-10-17,2025-10-17 13:07:00,ADJUST_CLOSE,ce,BUY,138.75,139.75,75,10.0,0.0,3.671581875,0.05240625,0.01048125,0.3144375,2.4722044875,16.5211113625,1.0
2025-10-17,2025-10-17 13:07:00,ADJUST_OPEN,ce,SELL,296.35,295.35,75,10.0,22.15125,7.759582875,0.11075625000000001,0.022151249999999997,0.0,3.2206482675,43.26438864250001,1.0
2025-10-17,2025-10-17 15:15:00,TIME_EXIT,ce,BUY,335.55,336.55,75,10.0,0.0,8.842009875,0.12620625000000002,0.02524125,0.7572375,3.4188223275,23.1695172025,1.0
2025-10-17,2025-10-17 15:15:00,TIME_EXIT,pe,BUY,247.15,248.15,75,10.0,0.0,6.519520875,0.09305625000000001,0.01861125,0.5583375,2.9936139075,20.1831397825,1.0
2025-10-20,2025-10-20 09:30:00,ENTRY,ce,SELL,84.25,83.25,75,10.0,6.24375,2.187185625,0.031218750000000003,0.006243749999999999,0.0,2.2004366625,20.6688347875,1.0
2025-10-20,2025-10-20 09:30:00,ENTRY,pe,SELL,117.6,116.6,75,10.0,8.745000000000001,3.0633735,0.04372500000000001,0.008745,0.0,2.36085183,24.221695330000003,1.0
2025-10-20,2025-10-20 09:39:00,ADJUST_CLOSE,ce,BUY,65.45,66.45,75,10.0,0.0,1.745807625,0.024918750000000003,0.0049837499999999995,0.1495125,2.1196278224999996,14.044850447499998,1.0
2025-10-20,2025-10-20 09:39:00,ADJUST_OPEN,ce,SELL,131.25,130.25,75,10.0,9.76875,3.421993125,0.048843750000000005,0.00976875,0.0,2.4265090125,25.6758646375,1.0
2025-10-20,2025-10-20 14:31:00,ADJUST_CLOSE,ce,BUY,66.05,67.05,75,10.0,0.0,1.7615711250000001,0.025143750000000003,0.005028749999999999,0.1508625,2.1225138524999996,14.065119977499998,1.0
2025-10-20,2025-10-20 14:31:00,ADJUST_OPEN,ce,SELL,112.7,111.7,75,10.0,8.3775,2.93463825,0.0418875,0.0083775,0.0,2.3372825849999996,23.699685835,1.0
2025-10-20,2025-10-20 15:15:00,TIME_EXIT,ce,BUY,144.25,145.25,75,10.0,0.0,3.816080625,0.05446875,0.010893749999999999,0.3268125,2.4986597624999995,16.7069153875,1.0
2025-10-20,2025-10-20 15:15:00,TIME_EXIT,pe,BUY,109.35,110.35,75,10.0,0.0,2.899170375,0.04138125,0.008276249999999999,0.2482875,2.3307890175,15.527904392500002,1.0
2025-10-23,2025-10-23 09:30:00,ENTRY,ce,SELL,146.85,145.85,75,10.0,10.93875,3.831844125,0.054693750000000006,0.010938749999999999,0.0,2.5015457925,27.3377724175,1.0
2025-10-23,2025-10-23 09:30:00,ENTRY,pe,SELL,170.05,169.05,75,10.0,12.67875,4.441366125,0.06339375,0.012678749999999999,0.0,2.6131389524999995,29.8093275775,1.0
2025-10-23,2025-10-23 13:59:00,ADJUST_CLOSE,ce,BUY,89.05,90.05,75,10.0,0.0,2.365838625,0.03376875,0.006753749999999999,0.2026125,2.2331450025,14.842118627500001,1.0
2025-10-23,2025-10-23 13:59:00,ADJUST_OPEN,ce,SELL,209.1,208.1,75,10.0,15.6075,5.46730725,0.07803750000000001,0.0156075,0.0,2.8009714050000003,33.96942365500001,1.0
2025-10-23,2025-10-23 15:15:00,TIME_EXIT,ce,BUY,142.6,143.6,75,10.0,0.0,3.772731,0.05385,0.01077,0.3231,2.4907231800000003,16.65117418,1.0
2025-10-23,2025-10-23 15:15:00,TIME_EXIT,pe,BUY,252.45,253.45,75,10.0,0.0,6.658765125,0.09504375000000001,0.019008749999999998,0.5702625,3.0191071725,20.3621872975,1.0
2025-10-24,2025-10-24 09:30:00,ENTRY,ce,SELL,141.3,140.3,75,10.0,10.5225,3.68603175,0.052612500000000006,0.010522499999999999,0.0,2.474850015,26.746516765000003,1.0
2025-10-24,2025-10-24 09:30:00,ENTRY,pe,SELL,150.55,149.55,75,10.0,11.21625,3.929052375,0.056081250000000006,0.011216249999999999,0.0,2.5193429775,27.7319428525,1.0
2025-10-24,2025-10-24 10:29:00,ADJUST_CLOSE,ce,BUY,88.3,89.3,75,10.0,0.0,2.34613425,0.0334875,0.0066974999999999995,0.200925,2.229537465,14.816781715,1.0
2025-10-24,2025-10-24 10:29:00,ADJUST_OPEN,ce,SELL,177.3,176.3,75,10.0,13.2225,4.63184175,0.0661125,0.0132225,0.0,2.6480118149999994,30.581688565,1.0
2025-10-24,2025-10-24 13:40:00,ADJUST_CLOSE,ce,BUY,105.05,106.05,75,10.0,0.0,2.786198625,0.039768750000000005,0.007953749999999999,0.2386125,2.3101058025000003,15.382639427500003,1.0
2025-10-24,2025-10-24 13:40:00,ADJUST_OPEN,ce,SELL,241.85,240.85,75,10.0,18.06375,6.327731625,0.09031875,0.01806375,0.0,2.9585005425,37.4583646675,1.0
2025-10-24,2025-10-24 15:15:00,TIME_EXIT,ce,BUY,286.1,287.1,75,10.0,0.0,7.54283475,0.10766250000000001,0.0215325,0.645975,3.180965355,21.498970105,1.0
2025-10-24,2025-10-24 15:15:00,TIME_EXIT,pe,BUY,200.7,201.7,75,10.0,0.0,5.29916325,0.07563750000000001,0.015127499999999999,0.45382500000000003,2.770187085,18.613940335,1.0
2025-10-27,2025-10-27 09:30:00,ENTRY,ce,SELL,108.45,107.45,75,10.0,8.05875,2.822980125,0.04029375,0.00805875,0.0,2.3168398725,23.2469224975,1.0
2025-10-27,2025-10-27 09:30:00,ENTRY,pe,SELL,132.65,131.65,75,10.0,9.87375,3.458774625,0.04936875,0.009873749999999999,0.0,2.4332430824999998,25.8250102075,1.0
2025-10-27,2025-10-27 15:15:00,TIME_EXIT,ce,BUY,142.4,143.4,75,10.0,0.0,3.7674765,0.053775,0.010754999999999999,0.32265,2.48976117,16.64441767,1.0
2025-10-27,2025-10-27 15:15:00,TIME_EXIT,pe,BUY,108.15,109.15,75,10.0,0.0,2.867643375,0.04093125,0.008186249999999999,0.24558750000000001,2.3250169575,15.487365332499998,1.0
2025-10-28,2025-10-28 09:30:00,ENTRY,ce,SELL,45.8,44.8,75,10.0,3.36,1.177008,0.016800000000000002,0.0033599999999999997,0.0,2.01549024,16.572658240000003,1.0
2025-10-28,2025-10-28 09:30:00,ENTRY,pe,SELL,171.4,170.4,75,10.0,12.780000000000001,4.476834,0.0639,0.01278,0.0,2.6196325199999997,29.95314652,1.0
2025-10-28,2025-10-28 09:32:00,ADJUST_CLOSE,ce,BUY,47.3,48.3,75,10.0,0.0,1.26896175,0.0181125,0.0036225,0.10867500000000001,2.0323254150000003,13.431697165000003,1.0
2025-10-28,2025-10-28 09:32:00,ADJUST_OPEN,ce,SELL,177.95,176.95,75,10.0,13.27125,4.648918875,0.06635625,0.01327125,0.0,2.6511383475,30.650934722499997,1.0
2025-10-28,2025-10-28 10:06:00,ADJUST_CLOSE,ce,BUY,107.7,108.7,75,10.0,0.0,2.85582075,0.0407625,0.0081525,0.24457500000000001,2.3228524349999997,15.472163184999998,1.0
2025-10-28,2025-10-28 10:06:00,ADJUST_OPEN,ce,SELL,228.5,227.5,75,10.0,17.0625,5.97699375,0.08531250000000001,0.017062499999999998,0.0,2.894286375,36.036155125,1.0
2025-10-28,2025-10-28 14:27:00,ADJUST_CLOSE,ce,BUY,123.7,124.7,75,10.0,0.0,3.27618075,0.046762500000000005,0.0093525,0.280575,2.399813235,16.012683985000002,1.0
2025-10-28,2025-10-28 14:27:00,ADJUST_OPEN,ce,SELL,271.25,270.25,75,10.0,20.26875,7.100143125,0.10134375000000001,0.02026875,0.0,3.0999160125,40.5904216375,1.0
2025-10-28,2025-10-28 15:09:00,ADJUST_CLOSE,pe,BUY,190.5,191.5,75,10.0,0.0,5.03118375,0.0718125,0.014362499999999999,0.430875,2.721124575,18.269358325000002,1.0
2025-10-28,2025-10-28 15:09:00,ADJUST_OPEN,pe,SELL,397.35,396.35,75,10.0,29.72625,10.413105375,0.14863125000000002,0.02972625,0.0,3.7064633175,54.02417619250001,1.0
2025-10-28,2025-10-28 15:15:00,TIME_EXIT,ce,BUY,390.55,391.55,75,10.0,0.0,10.286997375,0.14683125000000002,0.02936625,0.8809875,3.6833750774999996,25.027557452499998,1.0
2025-10-28,2025-10-28 15:15:00,TIME_EXIT,pe,BUY,397.7,398.7,75,10.0,0.0,10.47484575,0.14951250000000002,0.0299025,0.8970750000000001,3.7177669349999998,25.269102685,1.0
2025-10-29,2025-10-29 09:30:00,ENTRY,ce,SELL,201.9,200.9,75,10.0,15.0675,5.27814525,0.0753375,0.0150675,0.0,2.766339045,33.202389295,1.0
2025-10-29,2025-10-29 09:30:00,ENTRY,pe,SELL,166.6,165.6,75,10.0,12.42,4.350726,0.0621,0.012419999999999999,0.0,2.59654428,29.441790280000003,1.0
2025-10-29,2025-10-29 15:15:00,TIME_EXIT,ce,BUY,216.85,217.85,75,10.0,0.0,5.7234641250000005,0.08169375000000001,0.01633875,0.4901625,2.8478693924999994,19.159528517499997,1.0
2025-10-29,2025-10-29 15:15:00,TIME_EXIT,pe,BUY,141.1,142.1,75,10.0,0.0,3.73332225,0.0532875,0.0106575,0.319725,2.483508105,16.600500355,1.0
2025-10-30,2025-10-30 09:30:00,ENTRY,ce,SELL,171.45,170.45,75,10.0,12.78375,4.478147625,0.06391875000000001,0.01278375,0.0,2.6198730224999998,29.958473147499994,1.0
2025-10-30,2025-10-30 09:30:00,ENTRY,pe,SELL,148.8,147.8,75,10.0,11.085,3.8830755,0.055425,0.011085,0.0,2.5109253899999997,27.545510890000003,1.0
2025-10-30,2025-10-30 15:15:00,TIME_EXIT,ce,BUY,114.6,115.6,75,10.0,0.0,3.037101,0.04335000000000001,0.008669999999999999,0.2601,2.35604178,15.70526278,1.0
2025-10-30,2025-10-30 15:15:00,TIME_EXIT,pe,BUY,183.65,184.65,75,10.0,0.0,4.851217125,0.06924375,0.01384875,0.4154625,2.6881757324999995,18.0379478575,1.0
2025-10-31,2025-10-31 09:30:00,ENTRY,ce,SELL,122.0,121.0,75,10.0,9.075000000000001,3.1789725,0.045375000000000006,0.009075,0.0,2.38201605,24.690438550000003,1.0
2025-10-31,2025-10-31 09:30:00,ENTRY,pe,SELL,161.0,160.0,75,10.0,12.0,4.2036,0.060000000000000005,0.012,0.0,2.569608,28.845208,1.0
2025-10-31,2025-10-31 10:16:00,ADJUST_CLOSE,ce,BUY,85.1,86.1,75,10.0,0.0,2.26206225,0.032287500000000004,0.0064575,0.193725,2.2141453049999997,14.708677555000001,1.0
2025-10-31,2025-10-31 10:16:00,ADJUST_OPEN,ce,SELL,202.1,201.1,75,10.0,15.0825,5.28339975,0.07541250000000001,0.015082499999999999,0.0,2.7673010550000003,33.223695805,1.0
2025-10-31,2025-10-31 15:15:00,TIME_EXIT,ce,BUY,127.75,128.75,75,10.0,0.0,3.382584375,0.048281250000000005,0.00965625,0.2896875,2.4192939375000004,16.149503312500002,1.0
2025-10-31,2025-10-31 15:15:00,TIME_EXIT,pe,BUY,237.9,238.9,75,10.0,0.0,6.27650025,0.0895875,0.0179175,0.537525,2.9491209449999993,19.870651194999997,1.0
2025-11-03,2025-11-03 09:30:00,ENTRY,ce,SELL,123.6,122.6,75,10.0,9.195,3.2210085,0.045975,0.009195,0.0,2.38971213,24.860890629999997,1.0
2025-11-03,2025-11-03 09:30:00,ENTRY,pe,SELL,134.0,133.0,75,10.0,9.975,3.4942425,0.049875,0.009975,0.0,2.43973665,25.96882915,1.0
2025-11-03,2025-11-03 10:44:00,ADJUST_CLOSE,pe,BUY,92.3,93.3,75,10.0,0.0,2.45122425,0.034987500000000005,0.006997499999999999,0.209925,2.248777665,14.951911915,1.0
2025-11-03,2025-11-03 10:44:00,ADJUST_OPEN,pe,SELL,191.1,190.1,75,10.0,14.2575,4.99440225,0.0712875,0.0142575,0.0,2.714390505,32.051837755,1.0
2025-11-03,2025-11-03 15:15:00,TIME_EXIT,ce,BUY,156.9,157.9,75,10.0,0.0,4.14842775,0.05921250000000001,0.011842499999999999,0.355275,2.5595068949999997,17.134264645,1.0
2025-11-03,2025-11-03 15:15:00,TIME_EXIT,pe,BUY,205.75,206.75,75,10.0,0.0,5.431839375,0.07753125000000001,0.01550625,0.46518750000000003,2.7944778374999997,18.7845422125,1.0
2025-11-04,2025-11-04 09:30:00,ENTRY,ce,SELL,66.45,65.45,75,10.0,4.90875,1.719535125,0.024543750000000003,0.00490875,0.0,2.1148177725,18.7725553975,1.0
2025-11-04,2025-11-04 09:30:00,ENTRY,pe,SELL,130.3,129.3,75,10.0,9.6975,3.39703425,0.0484875,0.0096975,0.0,2.421939465,25.574658715,1.0
2025-11-04,2025-11-04 09:32:00,ADJUST_CLOSE,ce,BUY,58.35,59.35,75,10.0,0.0,1.559272875,0.02225625,0.0044512499999999995,0.1335375,2.0854764675,13.804994342499999,1.0
2025-11-04,2025-11-04 09:32:00,ADJUST_OPEN,ce,SELL,123.25,122.25,75,10.0,9.168750000000001,3.211813125,0.04584375,0.00916875,0.0,2.3880286125,24.823604237500003,1.0
2025-11-04,2025-11-04 11:26:00,ADJUST_CLOSE,ce,BUY,76.6,77.6,75,10.0,0.0,2.038746,0.0291,0.00582,0.1746,2.17325988,14.421525879999999,1.0
2025-11-04,2025-11-04 11:26:00,ADJUST_OPEN,ce,SELL,159.7,158.7,75,10.0,11.9025,4.16944575,0.0595125,0.0119025,0.0,2.563354935,28.706715685000002,1.0
2025-11-04,2025-11-04 15:15:00,TIME_EXIT,ce,BUY,101.25,102.25,75,10.0,0.0,2.686363125,0.03834375,0.007668749999999999,0.2300625,2.2918276124999997,15.254265737499999,1.0
2025-11-04,2025-11-04 15:15:00,TIME_EXIT,pe,BUY,173.95,174.95,75,10.0,0.0,4.596373875,0.06560625,0.01312125,0.39363750000000003,2.6415182475,17.7102571225,1.0
2025-11-06,2025-11-06 09:30:00,ENTRY,ce,SELL,135.7,134.7,75,10.0,10.102500000000001,3.53890575,0.0505125,0.0101025,0.0,2.4479137349999998,26.149934485,1.0
2025-11-06,2025-11-06 09:30:00,ENTRY,pe,SELL,176.0,175.0,75,10.0,13.125,4.5976875,0.065625,0.013125,0.0,2.64175875,30.44319625,1.0
2025-11-06,2025-11-06 10:11:00,ADJUST_CLOSE,ce,BUY,94.35,95.35,75,10.0,0.0,2.505082875,0.03575625,0.00715125,0.2145375,2.2586382675,15.0211661425,1.0
2025-11-06,2025-11-06 10:11:00,ADJUST_OPEN,ce,SELL,206.45,205.45,75,10.0,15.40875,5.397685125,0.07704375000000001,0.015408749999999999,0.0,2.7882247724999996,33.687112397499995,1.0
2025-11-06,2025-11-06 15:15:00,TIME_EXIT,ce,BUY,158.5,159.5,75,10.0,0.0,4.19046375,0.059812500000000005,0.0119625,0.358875,2.5672029749999994,17.188316724999996,1.0
2025-11-06,2025-11-06 15:15:00,TIME_EXIT,pe,BUY,225.8,226.8,75,10.0,0.0,5.958603,0.08505,0.01701,0.5103,2.8909193399999995,19.46188234,1.0
2025-11-07,2025-11-07 09:30:00,ENTRY,ce,SELL,149.0,148.0,75,10.0,11.1,3.88833,0.05550000000000001,0.011099999999999999,0.0,2.5118874,27.566817399999998,1.0
2025-11-07,2025-11-07 09:30:00,ENTRY,pe,SELL,137.15,136.15,75,10.0,10.21125,3.577000875,0.051056250000000004,0.01021125,0.0,2.4548883074999996,26.304406682499998,1.0
2025-11-07,2025-11-07 11:30:00,ADJUST_CLOSE,pe,BUY,100.1,101.1,75,10.0,0.0,2.65614975,0.0379125,0.0075825,0.227475,2.2862960549999998,15.215415805,1.0
2025-11-07,2025-11-07 11:30:00,ADJUST_OPEN,pe,SELL,201.0,200.0,75,10.0,15.0,5.2545,0.07500000000000001,0.015,0.0,2.76201,33.10651,1.0
2025-11-07,2025-11-07 15:15:00,TIME_EXIT,ce,BUY,233.25,234.25,75,10.0,0.0,6.154333125,0.08784375000000001,0.017568749999999998,0.5270625,2.9267542125,19.7135623375,1.0
2025-11-07,2025-11-07 15:15:00,TIME_EXIT,pe,BUY,180.35,181.35,75,10.0,0.0,4.764517875,0.06800625,0.013601249999999999,0.4080375,2.6723025675,17.9264654425,1.0
2025-11-10,2025-11-10 09:30:00,ENTRY,ce,SELL,87.55,86.55,75,10.0,6.49125,2.273884875,0.032456250000000006,0.00649125,0.0,2.2163098275,21.0203922025,1.0
2025-11-10,2025-11-10 09:30:00,ENTRY,pe,SELL,148.3,147.3,75,10.0,11.0475,3.86993925,0.0552375,0.0110475,0.0,2.508520365,27.492244615,1.0
2025-11-10,2025-11-10 15:15:00,TIME_EXIT,ce,BUY,97.25,98.25,75,10.0,0.0,2.581273125,0.03684375,0.007368749999999999,0.2210625,2.2725874124999996,15.119135537499998,1.0
2025-11-10,2025-11-10 15:15:00,TIME_EXIT,pe,BUY,115.2,116.2,75,10.0,0.0,3.0528645,0.043575,0.008714999999999999,0.26145,2.35892781,15.725532310000002,1.0
2025-11-11,2025-11-11 09:30:00,ENTRY,ce,SELL,73.25,72.25,75,10.0,5.41875,1.8981881250000001,0.027093750000000003,0.00541875,0.0,2.1475261125000005,19.4969767375,1.0
2025-11-11,2025-11-11 09:30:00,ENTRY,pe,SELL,129.0,128.0,75,10.0,9.6,3.36288,0.048,0.0096,0.0,2.4156864000000002,25.436166399999998,1.0
2025-11-11,2025-11-11 09:33:00,ADJUST_CLOSE,ce,BUY,65.05,66.05,75,10.0,0.0,1.735298625,0.024768750000000003,0.00495375,0.1486125,2.1177038025,14.0313374275,1.0
2025-11-11,2025-11-11 09:33:00,ADJUST_OPEN,ce,SELL,136.2,135.2,75,10.0,10.14,3.552042,0.0507,0.01014,0.0,2.45031876,26.20320076,1.0
2025-11-11,2025-11-11 12:33:00,ADJUST_CLOSE,pe,BUY,92.95,93.95,75,10.0,0.0,2.4683013750000002,0.035231250000000006,0.0070462499999999996,0.2113875,2.2519041975,14.973870572500001,1.0
2025-11-11,2025-11-11 12:33:00,ADJUST_OPEN,pe,SELL,204.3,203.3,75,10.0,15.2475,5.34119925,0.0762375,0.015247499999999999,0.0,2.7778831649999995,33.458067415,1.0
2025-11-11,2025-11-11 14:32:00,ADJUST_CLOSE,pe,BUY,146.5,147.5,75,10.0,0.0,3.87519375,0.05531250000000001,0.0110625,0.33187500000000003,2.5094823749999997,16.782926125,1.0
2025-11-11,2025-11-11 14:32:00,ADJUST_OPEN,pe,SELL,295.0,294.0,75,10.0,22.05,7.724115,0.11025000000000001,0.02205,0.0,3.2141547000000004,43.1205697,1.0
2025-11-11,2025-11-11 15:15:00,TIME_EXIT,ce,BUY,289.7,290.7,75,10.0,0.0,7.63741575,0.10901250000000001,0.0218025,0.654075,3.1982815349999996,21.620587284999996,1.0
2025-11-11,2025-11-11 15:15:00,TIME_EXIT,pe,BUY,301.5,302.5,75,10.0,0.0,7.94743125,0.11343750000000001,0.0226875,0.680625,3.255040125,22.019221375,1.0
2025-11-12,2025-11-12 09:30:00,ENTRY,ce,SELL,184.0,183.0,75,10.0,13.725,4.8078675,0.068625,0.013725,0.0,2.6802391500000002,31.295456650000006,1.0
2025-11-12,2025-11-12 09:30:00,ENTRY,pe,SELL,161.3,160.3,75,10.0,12.0225,4.21148175,0.060112500000000006,0.0120225,0.0,2.571051015,28.877167765000003,1.0
2025-11-12,2025-11-12 12:37:00,ADJUST_CLOSE,pe,BUY,121.5,122.5,75,10.0,0.0,3.21838125,0.045937500000000006,0.0091875,0.275625,2.389231125,15.938362375,1.0
2025-11-12,2025-11-12 12:37:00,ADJUST_OPEN,pe,SELL,244.8,243.8,75,10.0,18.285,6.4052355,0.091425,0.018285,0.0,2.97269019,37.77263569,1.0
2025-11-12,2025-11-12 15:15:00,TIME_EXIT,ce,BUY,216.25,217.25,75,10.0,0.0,5.707700625,0.08146875,0.01629375,0.48881250000000004,2.8449833625000003,19.139258987500003,1.0
2025-11-12,2025-11-12 15:15:00,TIME_EXIT,pe,BUY,258.95,259.95,75,10.0,0.0,6.829536375,0.09748125,0.01949625,0.5848875,3.0503724975,20.5817738725,1.0
2025-11-13,2025-11-13 09:30:00,ENTRY,ce,SELL,167.1,166.1,75,10.0,12.4575,4.36386225,0.0622875,0.0124575,0.0,2.598949305,29.495056555,1.0
2025-11-13,2025-11-13 09:30:00,ENTRY,pe,SELL,152.0,151.0,75,10.0,11.325000000000001,3.9671475,0.056625,0.011325,0.0,2.52631755,27.886415050000004,1.0
2025-11-13,2025-11-13 11:05:00,ADJUST_CLOSE,pe,BUY,116.05,117.05,75,10.0,0.0,3.075196125,0.04389375,0.00877875,0.2633625,2.3630163525,15.754247477499998,1.0
2025-11-13,2025-11-13 11:05:00,ADJUST_OPEN,pe,SELL,241.0,240.0,75,10.0,18.0,6.3054,0.09000000000000001,0.018,0.0,2.9544119999999996,37.367812,1.0
2025-11-13,2025-11-13 14:13:00,ADJUST_CLOSE,ce,BUY,155.0,156.0,75,10.0,0.0,4.09851,0.0585,0.0117,0.35100000000000003,2.5503678,17.0700778,1.0
2025-11-13,2025-11-13 14:13:00,ADJUST_OPEN,ce,SELL,336.85,335.85,75,10.0,25.18875,8.823619125,0.12594375000000002,0.02518875,0.0,3.4154552925000004,47.578956917499994,1.0
2025-11-13,2025-11-13 15:15:00,TIME_EXIT,ce,BUY,352.25,353.25,75,10.0,0.0,9.280760625000001,0.13246875000000002,0.02649375,0.7948125,3.4991501625,23.7336857875,1.0
2025-11-13,2025-11-13 15:15:00,TIME_EXIT,pe,BUY,310.6,311.6,75,10.0,0.0,8.186511,0.11685000000000001,0.02337,0.7011000000000001,3.2988115799999997,22.326642579999998,1.0
2025-11-14,2025-11-14 09:30:00,ENTRY,ce,SELL,113.95,112.95,75,10.0,8.47125,2.967478875,0.042356250000000005,0.00847125,0.0,2.3432951474999997,23.8328515225,1.0
2025-11-14,2025-11-14 09:30:00,ENTRY,pe,SELL,192.0,191.0,75,10.0,14.325000000000001,5.0180475,0.07162500000000001,0.014325,0.0,2.7187195499999994,32.147717050000004,1.0
2025-11-14,2025-11-14 09:54:00,ADJUST_CLOSE,ce,BUY,97.35,98.35,75,10.0,0.0,2.5839003750000002,0.036881250000000004,0.00737625,0.2212875,2.2730684175,15.122513792500001,1.0
2025-11-14,2025-11-14 09:54:00,ADJUST_OPEN,ce,SELL,210.65,209.65,75,10.0,15.72375,5.508029625,0.07861875,0.015723749999999998,0.0,2.8084269824999994,34.1345491075,1.0
2025-11-14,2025-11-14 15:15:00,TIME_EXIT,ce,BUY,265.55,266.55,75,10.0,0.0,7.002934875,0.09995625000000001,0.01999125,0.5997375,3.0821188275000004,20.804738702500003,1.0
2025-11-14,2025-11-14 15:15:00,TIME_EXIT,pe,BUY,158.2,159.2,75,10.0,0.0,4.182582,0.0597,0.01194,0.3582,2.56575996,17.17818196,1.0
2025-11-17,2025-11-17 09:30:00,ENTRY,ce,SELL,106.85,105.85,75,10.0,7.93875,2.780944125,0.03969375,0.00793875,0.0,2.3091437924999996,23.0764704175,1.0
2025-11-17,2025-11-17 09:30:00,ENTRY,pe,SELL,140.85,139.85,75,10.0,10.48875,3.674209125,0.052443750000000004,0.01048875,0.0,2.4726854925,26.6985771175,1.0
2025-11-17,2025-11-17 11:29:00,ADJUST_CLOSE,ce,BUY,71.3,72.3,75,10.0,0.0,1.89950175,0.0271125,0.005422499999999999,0.16267500000000001,2.147766615,14.242478365,1.0
2025-11-17,2025-11-17 11:29:00,ADJUST_OPEN,ce,SELL,168.55,167.55,75,10.0,12.56625,4.401957375,0.06283125,0.01256625,0.0,2.6059238775,29.649528752499997,1.0
2025-11-17,2025-11-17 14:05:00,ADJUST_CLOSE,pe,BUY,113.4,114.4,75,10.0,0.0,3.005574,0.0429,0.008579999999999999,0.2574,2.3502697199999996,15.66472372,1.0
2025-11-17,2025-11-17 14:05:00,ADJUST_OPEN,pe,SELL,260.05,259.05,75,10.0,19.42875,6.8058911250000005,0.09714375000000001,0.019428749999999998,0.0,3.0460434525,39.39725707750001,1.0
2025-11-17,2025-11-17 15:15:00,TIME_EXIT,ce,BUY,223.4,224.4,75,10.0,0.0,5.895549,0.08415,0.016829999999999998,0.5049,2.8793752199999996,19.380804219999998,1.0
2025-11-17,2025-11-17 15:15:00,TIME_EXIT,pe,BUY,279.35,280.35,75,10.0,0.0,7.365495375,0.10513125000000001,0.02102625,0.6307875000000001,3.1484975174999996,21.2709378925,1.0
2025-11-18,2025-11-18 09:30:00,ENTRY,ce,SELL,57.1,56.1,75,10.0,4.2075000000000005,1.47388725,0.0210375,0.0042074999999999994,0.0,2.069843805,17.776476055,1.0
2025-11-18,2025-11-18 09:30:00,ENTRY,pe,SELL,148.9,147.9,75,10.0,11.0925,3.88570275,0.055462500000000005,0.0110925,0.0,2.5114063950000003,27.556164145000004,1.0
2025-11-18,2025-11-18 09:32:00,ADJUST_CLOSE,ce,BUY,55.85,56.85,75,10.0,0.0,1.493591625,0.02131875,0.00426375,0.1279125,2.0734513425000003,13.720537967500002,1.0
2025-11-18,2025-11-18 09:32:00,ADJUST_OPEN,ce,SELL,165.8,164.8,75,10.0,12.36,4.329708,0.06180000000000001,0.01236,0.0,2.59269624,29.35656424,1.0
2025-11-18,2025-11-18 15:15:00,TIME_EXIT,ce,BUY,111.0,112.0,75,10.0,0.0,2.94252,0.042,0.0084,0.252,2.3387256,15.5836456,1.0
2025-11-18,2025-11-18 15:15:00,TIME_EXIT,pe,BUY,161.3,162.3,75,10.0,0.0,4.26402675,0.06086250000000001,0.0121725,0.365175,2.580671115,17.282907865000002,1.0
2025-11-19,2025-11-19 09:30:00,ENTRY,ce,SELL,167.5,166.5,75,10.0,12.4875,4.37437125,0.06243750000000001,0.012487499999999999,0.0,2.600873325,29.537669575,1.0
2025-11-19,2025-11-19 09:30:00,ENTRY,pe,SELL,174.85,173.85,75,10.0,13.03875,4.567474125,0.06519375000000001,0.01303875,0.0,2.6362271925000003,30.3206838175,1.0
2025-11-19,2025-11-19 14:18:00,ADJUST_CLOSE,pe,BUY,118.0,119.0,75,10.0,0.0,3.1264275,0.044625000000000005,0.008924999999999999,0.26775,2.37239595,15.820123449999999,1.0
2025-11-19,2025-11-19 14:18:00,ADJUST_OPEN,pe,SELL,266.35,265.35,75,10.0,19.90125,6.971407875,0.09950625,0.01990125,0.0,3.0763467675,40.068412142499994,1.0
2025-11-19,2025-11-19 15:15:00,TIME_EXIT,ce,BUY,250.25,251.25,75,10.0,0.0,6.600965625,0.09421875,0.01884375,0.5653125,3.0085250624999995,20.2878656875,1.0
2025-11-19,2025-11-19 15:15:00,TIME_EXIT,pe,BUY,275.4,276.4,75,10.0,0.0,7.261719,0.10365,0.02073,0.6219,3.1294978199999997,21.13749682,1.0
2025-11-20,2025-11-20 09:30:00,ENTRY,ce,SELL,143.2,142.2,75,10.0,10.665000000000001,3.7359495000000003,0.053325000000000004,0.010665,0.0,2.4839891099999996,26.94892861,1.0
2025-11-20,2025-11-20 09:30:00,ENTRY,pe,SELL,163.6,162.6,75,10.0,12.195,4.2719085,0.06097500000000001,0.012195,0.0,2.5821141300000003,29.12219263,1.0
2025-11-20,2025-11-20 15:15:00,TIME_EXIT,ce,BUY,197.6,198.6,75,10.0,0.0,5.2177185,0.074475,0.014894999999999999,0.44685,2.75527593,18.50921443,1.0
2025-11-20,2025-11-20 15:15:00,TIME_EXIT,pe,BUY,122.7,123.7,75,10.0,0.0,3.24990825,0.046387500000000005,0.0092775,0.278325,2.3950031849999998,15.978901435000001,1.0
2025-11-21,2025-11-21 09:30:00,ENTRY,ce,SELL,125.5,124.5,75,10.0,9.3375,3.27092625,0.04668750000000001,0.0093375,0.0,2.3988512250000005,25.063302475,1.0
2025-11-21,2025-11-21 09:30:00,ENTRY,pe,SELL,161.9,160.9,75,10.0,12.0675,4.22724525,0.0603375,0.0120675,0.0,2.5739370449999996,28.941087295000003,1.0
2025-11-21,2025-11-21 10:04:00,ADJUST_CLOSE,ce,BUY,91.75,92.75,75,10.0,0.0,2.436774375,0.03478125,0.00695625,0.2086875,2.2461321375,14.9333315125,1.0
2025-11-21,2025-11-21 10:04:00,ADJUST_OPEN,ce,SELL,177.4,176.4,75,10.0,13.23,4.634469,0.06615,0.013229999999999999,0.0,2.64849282,30.59234182,1.0
2025-11-21,2025-11-21 15:15:00,TIME_EXIT,ce,BUY,153.5,154.5,75,10.0,0.0,4.05910125,0.0579375,0.011587499999999999,0.347625,2.543152725,17.019403975,1.0
2025-11-21,2025-11-21 15:15:00,TIME_EXIT,pe,BUY,198.4,199.4,75,10.0,0.0,5.2387365,0.07477500000000001,0.014955,0.44865,2.75912397,18.536240470000003,1.0
2025-11-24,2025-11-24 09:30:00,ENTRY,ce,SELL,104.6,103.6,75,10.0,7.7700000000000005,2.721831,0.03885,0.00777,0.0,2.29832118,22.836772179999997,1.0
2025-11-24,2025-11-24 09:30:00,ENTRY,pe,SELL,135.3,134.3,75,10.0,10.0725,3.52839675,0.050362500000000004,0.0100725,0.0,2.445989715,26.107321464999995,1.0
2025-11-24,2025-11-24 09:46:00,ADJUST_CLOSE,ce,BUY,78.55,79.55,75,10.0,0.0,2.089977375,0.029831250000000004,0.005966249999999999,0.1789875,2.1826394775,14.487401852500001,1.0
2025-11-24,2025-11-24 09:46:00,ADJUST_OPEN,ce,SELL,175.15,174.15,75,10.0,13.061250000000001,4.575355875,0.06530625000000001,0.01306125,0.0,2.6376702075,30.3526435825,1.0
2025-11-24,2025-11-24 15:06:00,ADJUST_CLOSE,ce,BUY,98.3,99.3,75,10.0,0.0,2.60885925,0.0372375,0.007447499999999999,0.223425,2.277637965,15.154607215,1.0
2025-11-24,2025-11-24 15:06:00,ADJUST_OPEN,ce,SELL,209.2,208.2,75,10.0,15.615,5.4699345,0.078075,0.015614999999999999,0.0,2.80145241,33.98007691,1.0
2025-11-24,2025-11-24 15:15:00,TIME_EXIT,ce,BUY,209.7,210.7,75,10.0,0.0,5.53561575,0.07901250000000001,0.0158025,0.474075,2.8134775349999996,18.917983285,1.0
2025-11-24,2025-11-24 15:15:00,TIME_EXIT,pe,BUY,200.4,201.4,75,10.0,0.0,5.2912815,0.07552500000000001,0.015104999999999999,0.45315,2.76874407,18.603805570000002,1.0
2025-11-25,2025-11-25 09:30:00,ENTRY,ce,SELL,34.75,33.75,75,10.0,2.53125,0.886696875,0.01265625,0.00253125,0.0,1.9623391874999998,15.3954735625,1.0
2025-11-25,2025-11-25 09:30:00,ENTRY,pe,SELL,162.0,161.0,75,10.0,12.075000000000001,4.2298725,0.060375000000000005,0.012074999999999999,0.0,2.57441805,28.95174055,1.0
2025-11-25,2025-11-25 09:32:00,ADJUST_CLOSE,ce,BUY,36.3,37.3,75,10.0,0.0,0.97996425,0.013987500000000002,0.0027975,0.083925,1.979414865,13.060089115000002,1.0
2025-11-25,2025-11-25 09:32:00,ADJUST_OPEN,ce,SELL,169.35,168.35,75,10.0,12.62625,4.422975375,0.06313125,0.012626249999999999,0.0,2.6097719175,29.7347547925,1.0
2025-11-25,2025-11-25 15:01:00,ADJUST_CLOSE,ce,BUY,85.9,86.9,75,10.0,0.0,2.28308025,0.032587500000000005,0.0065175,0.195525,2.2179933449999996,14.735703594999999,1.0
2025-11-25,2025-11-25 15:01:00,ADJUST_OPEN,ce,SELL,185.55,184.55,75,10.0,13.84125,4.848589875,0.06920625000000001,0.01384125,0.0,2.6876947275000003,31.460582102500005,1.0
2025-11-25,2025-11-25 15:15:00,TIME_EXIT,ce,BUY,186.3,187.3,75,10.0,0.0,4.92083925,0.07023750000000001,0.0140475,0.421425,2.700922365,18.127471614999997,1.0
2025-11-25,2025-11-25 15:15:00,TIME_EXIT,pe,BUY,181.0,182.0,75,10.0,0.0,4.781595,0.06825,0.013649999999999999,0.40950000000000003,2.6754291,17.9484241,1.0
2025-11-26,2025-11-26 09:30:00,ENTRY,ce,SELL,154.7,153.7,75,10.0,11.5275,4.03808325,0.05763750000000001,0.0115275,0.0,2.539304685,28.174052935,1.0
2025-11-26,2025-11-26 09:30:00,ENTRY,pe,SELL,160.45,159.45,75,10.0,11.95875,4.189150125,0.05979375000000001,0.011958749999999999,0.0,2.5669624725,28.786615097500004,1.0
2025-11-26,2025-11-26 10:46:00,ADJUST_CLOSE,pe,BUY,119.25,120.25,75,10.0,0.0,3.159268125,0.04509375,0.009018749999999999,0.2705625,2.3784085124999996,15.8623516375,1.0
2025-11-26,2025-11-26 10:46:00,ADJUST_OPEN,pe,SELL,243.25,242.25,75,10.0,18.16875,6.364513125,0.09084375,0.01816875,0.0,2.9652346125000006,37.607510237499994,1.0
2025-11-26,2025-11-26 15:15:00,TIME_EXIT,ce,BUY,288.6,289.6,75,10.0,0.0,7.608516,0.1086,0.02172,0.6516000000000001,3.1929904799999997,21.583426479999996,1.0
2025-11-26,2025-11-26 15:15:00,TIME_EXIT,pe,BUY,209.35,210.35,75,10.0,0.0,5.526420375,0.07888125,0.01577625,0.4732875,2.8117940175,18.9061593925,1.0
2025-11-27,2025-11-27 09:30:00,ENTRY,ce,SELL,128.3,127.30000000000001,75,10.0,9.5475,3.34448925,0.0477375,0.0095475,0.0,2.412319365,25.361593614999997,1.0
2025-11-27,2025-11-27 09:30:00,ENTRY,pe,SELL,165.55,164.55,75,10.0,12.34125,4.323139875,0.061706250000000004,0.01234125,0.0,2.5914937275,29.3299311025,1.0
2025-11-27,2025-11-27 11:54:00,ADJUST_CLOSE,ce,BUY,91.5,92.5,75,10.0,0.0,2.43020625,0.0346875,0.0069375,0.208125,2.2449296249999997,14.924885875,1.0
2025-11-27,2025-11-27 11:54:00,ADJUST_OPEN,ce,SELL,177.55,176.55,75,10.0,13.24125,4.638409875,0.06620625000000001,0.01324125,0.0,2.6492143275,30.608321702500003,1.0
2025-11-27,2025-11-27 15:15:00,TIME_EXIT,ce,BUY,160.3,161.3,75,10.0,0.0,4.23775425,0.06048750000000001,0.012097499999999999,0.362925,2.575861065,17.249125315,1.0
2025-11-27,2025-11-27 15:15:00,TIME_EXIT,pe,BUY,182.8,183.8,75,10.0,0.0,4.8288855,0.068925,0.013784999999999999,0.41355000000000003,2.68408719,18.00923269,1.0
2025-11-28,2025-11-28 09:30:00,ENTRY,ce,SELL,106.85,105.85,75,10.0,7.93875,2.780944125,0.03969375,0.00793875,0.0,2.3091437924999996,23.0764704175,1.0
2025-11-28,2025-11-28 09:30:00,ENTRY,pe,SELL,149.0,148.0,75,10.0,11.1,3.88833,0.05550000000000001,0.011099999999999999,0.0,2.5118874,27.566817399999998,1.0
2025-11-28,2025-11-28 12:49:00,ADJUST_CLOSE,ce,BUY,77.9,78.9,75,10.0,0.0,2.07290025,0.029587500000000003,0.0059175,0.17752500000000002,2.179512945,14.465443194999999,1.0
2025-11-28,2025-11-28 12:49:00,ADJUST_OPEN,ce,SELL,170.25,169.25,75,10.0,12.69375,4.446620625,0.06346875,0.01269375,0.0,2.6141009625000002,29.830634087500002,1.0
2025-11-28,2025-11-28 15:15:00,TIME_EXIT,ce,BUY,173.25,174.25,75,10.0,0.0,4.577983125,0.06534375,0.013068749999999999,0.39206250000000004,2.6381512125,17.6866093375,1.0
2025-11-28,2025-11-28 15:15:00,TIME_EXIT,pe,BUY,151.35,152.35,75,10.0,0.0,4.002615375,0.05713125,0.011426249999999999,0.3427875,2.5328111175,16.9467714925,1.0
2025-12-01,2025-12-01 09:30:00,ENTRY,ce,SELL,81.3,80.3,75,10.0,6.0225,2.10968175,0.030112500000000004,0.0060225,0.0,2.1862470149999997,20.354563765,1.0
2025-12-01,2025-12-01 09:30:00,ENTRY,pe,SELL,130.5,129.5,75,10.0,9.7125,3.40228875,0.0485625,0.009712499999999999,0.0,2.4229014749999997,25.595965224999997,1.0
2025-12-01,2025-12-01 10:00:00,ADJUST_CLOSE,ce,BUY,67.0,68.0,75,10.0,0.0,1.78653,0.025500000000000002,0.0050999999999999995,0.153,2.1270833999999996,14.0972134,1.0
2025-12-01,2025-12-01 10:00:00,ADJUST_OPEN,ce,SELL,127.4,126.4,75,10.0,9.48,3.320844,0.047400000000000005,0.009479999999999999,0.0,2.40799032,25.26571432,1.0
2025-12-01,2025-12-01 11:45:00,ADJUST_CLOSE,ce,BUY,84.3,85.3,75,10.0,0.0,2.24104425,0.0319875,0.0063974999999999995,0.191925,2.210297265,14.681651514999999,1.0
2025-12-01,2025-12-01 11:45:00,ADJUST_OPEN,ce,SELL,152.4,151.4,75,10.0,11.355,3.9776565,0.056775000000000006,0.011354999999999999,0.0,2.52824157,27.929028069999994,1.0
2025-12-01,2025-12-01 15:15:00,TIME_EXIT,ce,BUY,121.75,122.75,75,10.0,0.0,3.224949375,0.04603125,0.00920625,0.27618750000000003,2.3904336374999997,15.9468080125,1.0
2025-12-01,2025-12-01 15:15:00,TIME_EXIT,pe,BUY,182.6,183.6,75,10.0,0.0,4.823631,0.06885000000000001,0.01377,0.4131,2.6831251799999993,18.002476179999995,1.0
2025-12-02,2025-12-02 09:30:00,ENTRY,ce,SELL,75.3,74.3,75,10.0,5.5725,1.95204675,0.027862500000000002,0.005572499999999999,0.0,2.157386715,19.715368465,1.0
2025-12-02,2025-12-02 09:30:00,ENTRY,pe,SELL,109.55,108.55,75,10.0,8.14125,2.851879875,0.040706250000000006,0.00814125,0.0,2.3221309274999995,23.3641083025,1.0
2025-12-02,2025-12-02 09:41:00,ADJUST_CLOSE,ce,BUY,56.95,57.95,75,10.0,0.0,1.522491375,0.02173125,0.004346249999999999,0.1303875,2.0787423974999997,13.757698772499998,1.0
2025-12-02,2025-12-02 09:41:00,ADJUST_OPEN,ce,SELL,128.4,127.4,75,10.0,9.555,3.3471165,0.047775000000000005,0.009555,0.0,2.41280037,25.372246869999998,1.0
2025-12-02,2025-12-02 12:55:00,ADJUST_CLOSE,ce,BUY,64.95,65.95,75,10.0,0.0,1.732671375,0.024731250000000003,0.00494625,0.1483875,2.1172227975,14.027959172500001,1.0
2025-12-02,2025-12-02 12:55:00,ADJUST_OPEN,ce,SELL,152.1,151.1,75,10.0,11.3325,3.96977475,0.056662500000000005,0.011332499999999999,0.0,2.5267985549999996,27.897068305,1.0
2025-12-02,2025-12-02 15:15:00,TIME_EXIT,ce,BUY,129.35,130.35,75,10.0,0.0,3.424620375,0.04888125,0.00977625,0.29328750000000003,2.4269900175,16.2035553925,1.0
2025-12-02,2025-12-02 15:15:00,TIME_EXIT,pe,BUY,134.65,135.65,75,10.0,0.0,3.563864625,0.050868750000000004,0.010173749999999999,0.3052125,2.4524832825,16.3826029075,1.0
2025-12-03,2025-12-03 09:30:00,ENTRY,ce,SELL,167.95,166.95,75,10.0,12.52125,4.386193875,0.06260625,0.01252125,0.0,2.6030378475,29.585609222500004,1.0
2025-12-03,2025-12-03 09:30:00,ENTRY,pe,SELL,150.55,149.55,75,10.0,11.21625,3.929052375,0.056081250000000006,0.011216249999999999,0.0,2.5193429775,27.7319428525,1.0
2025-12-03,2025-12-03 15:15:00,TIME_EXIT,ce,BUY,169.95,170.95,75,10.0,0.0,4.491283875,0.06410625,0.01282125,0.3846375,2.6222780475,17.5751269225,1.0
2025-12-03,2025-12-03 15:15:00,TIME_EXIT,pe,BUY,130.85,131.85,75,10.0,0.0,3.464029125,0.04944375,0.00988875,0.2966625,2.4342050925,16.2542292175,1.0
2025-12-04,2025-12-04 09:30:00,ENTRY,ce,SELL,131.0,130.0,75,10.0,9.75,3.415425,0.04875,0.00975,0.0,2.4253065,25.6492315,1.0
2025-12-04,2025-12-04 09:30:00,ENTRY,pe,SELL,150.75,149.75,75,10.0,11.231250000000001,3.934306875,0.056156250000000005,0.01123125,0.0,2.5203049875000003,27.753249362500007,1.0
2025-12-04,2025-12-04 15:15:00,TIME_EXIT,ce,BUY,143.15,144.15,75,10.0,0.0,3.7871808750000002,0.05405625000000001,0.01081125,0.3243375,2.4933687075,16.6697545825,1.0
2025-12-04,2025-12-04 15:15:00,TIME_EXIT,pe,BUY,117.75,118.75,75,10.0,0.0,3.119859375,0.04453125,0.00890625,0.2671875,2.3711934375,15.811677812500003,1.0
2025-12-05,2025-12-05 09:30:00,ENTRY,ce,SELL,108.0,107.0,75,10.0,8.025,2.8111575,0.040125,0.008025,0.0,2.31467535,23.19898285,1.0
2025-12-05,2025-12-05 09:30:00,ENTRY,pe,SELL,143.15,142.15,75,10.0,10.66125,3.734635875,0.053306250000000006,0.010661249999999999,0.0,2.4837486075,26.9436019825,1.0
2025-12-05,2025-12-05 11:23:00,ADJUST_CLOSE,pe,BUY,84.65,85.65,75,10.0,0.0,2.250239625,0.03211875,0.00642375,0.1927125,2.2119807825,14.6934754075,1.0
2025-12-05,2025-12-05 11:23:00,ADJUST_OPEN,pe,SELL,162.4,161.4,75,10.0,12.105,4.2403815,0.060525,0.012105,0.0,2.57634207,28.994353569999998,1.0
2025-12-05,2025-12-05 15:15:00,TIME_EXIT,ce,BUY,183.75,184.75,75,10.0,0.0,4.853844375,0.06928125,0.013856249999999999,0.4156875,2.6886567375,18.041326112500002,1.0
2025-12-05,2025-12-05 15:15:00,TIME_EXIT,pe,BUY,148.6,149.6,75,10.0,0.0,3.9303660000000002,0.056100000000000004,0.011219999999999999,0.3366,2.51958348,16.85386948,1.0
2025-12-08,2025-12-08 09:30:00,ENTRY,ce,SELL,77.55,76.55,75,10.0,5.74125,2.011159875,0.028706250000000003,0.00574125,0.0,2.1682093275,19.9550667025,1.0
2025-12-08,2025-12-08 09:30:00,ENTRY,pe,SELL,121.6,120.6,75,10.0,9.045,3.1684635,0.045225,0.009045,0.0,2.38009203,24.647825530000002,1.0
2025-12-08,2025-12-08 09:48:00,ADJUST_CLOSE,ce,BUY,59.35,60.35,75,10.0,0.0,1.585545375,0.022631250000000002,0.00452625,0.1357875,2.0902865175,13.8387768925,1.0
2025-12-08,2025-12-08 09:48:00,ADJUST_OPEN,ce,SELL,152.65,151.65,75,10.0,11.37375,3.984224625,0.05686875,0.01137375,0.0,2.5294440825,27.9556612075,1.0
2025-12-08,2025-12-08 13:21:00,ADJUST_CLOSE,ce,BUY,79.15,80.15,75,10.0,0.0,2.105740875,0.030056250000000003,0.00601125,0.1803375,2.1855255075,14.5076713825,1.0
2025-12-08,2025-12-08 13:21:00,ADJUST_OPEN,ce,SELL,189.1,188.1,75,10.0,14.1075,4.94185725,0.0705375,0.014107499999999999,0.0,2.704770405,31.838772655000003,1.0
2025-12-08,2025-12-08 13:34:00,ADJUST_CLOSE,ce,BUY,122.6,123.6,75,10.0,0.0,3.247281,0.04635,0.009269999999999999,0.2781,2.3945221800000005,15.975523180000003,1.0
2025-12-08,2025-12-08 13:34:00,ADJUST_OPEN,ce,SELL,243.6,242.6,75,10.0,18.195,6.3737085,0.09097500000000001,0.018195,0.0,2.9669181299999994,37.644796629999995,1.0
2025-12-08,2025-12-08 15:15:00,TIME_EXIT,ce,BUY,271.6,272.6,75,10.0,0.0,7.1618835,0.10222500000000001,0.020444999999999998,0.6133500000000001,3.11121963,21.009123130000003,1.0
2025-12-08,2025-12-08 15:15:00,TIME_EXIT,pe,BUY,233.2,234.2,75,10.0,0.0,6.1530195,0.087825,0.017565,0.52695,2.9265137099999996,19.711873209999997,1.0
2025-12-09,2025-12-09 09:30:00,ENTRY,ce,SELL,90.2,89.2,75,10.0,6.69,2.3435070000000002,0.03345,0.00669,0.0,2.2290564600000002,21.302703459999996,1.0
2025-12-09,2025-12-09 09:30:00,ENTRY,pe,SELL,103.0,102.0,75,10.0,7.65,2.679795,0.038250000000000006,0.00765,0.0,2.2906250999999997,22.6663201,1.0
2025-12-09,2025-12-09 09:49:00,ADJUST_CLOSE,ce,BUY,61.15,62.15,75,10.0,0.0,1.632835875,0.02330625,0.00466125,0.1398375,2.0989446074999996,13.8995854825,1.0
2025-12-09,2025-12-09 09:49:00,ADJUST_OPEN,ce,SELL,128.95,127.94999999999999,75,10.0,9.59625,3.361566375,0.04798125,0.009596249999999999,0.0,2.4154458974999997,25.430839772499997,1.0
2025-12-09,2025-12-09 10:19:00,ADJUST_CLOSE,pe,BUY,87.7,88.7,75,10.0,0.0,2.33037075,0.0332625,0.0066524999999999996,0.199575,2.2266514349999995,14.796512184999997,1.0
2025-12-09,2025-12-09 10:19:00,ADJUST_OPEN,pe,SELL,201.8,200.8,75,10.0,15.06,5.275518,0.0753,0.015059999999999999,0.0,2.76585804,33.191736039999995,1.0
2025-12-09,2025-12-09 15:15:00,TIME_EXIT,ce,BUY,188.35,189.35,75,10.0,0.0,4.974697875,0.07100625,0.014201249999999999,0.4260375,2.7107829674999997,18.196725842499998,1.0
2025-12-09,2025-12-09 15:15:00,TIME_EXIT,pe,BUY,201.55,202.55,75,10.0,0.0,5.321494875,0.07595625,0.01519125,0.4557375,2.7742756275000002,18.642655502500002,1.0
2025-12-10,2025-12-10 09:30:00,ENTRY,ce,SELL,138.1,137.1,75,10.0,10.2825,3.6019597500000002,0.05141250000000001,0.0102825,0.0,2.459457855,26.405612604999998,1.0
2025-12-10,2025-12-10 09:30:00,ENTRY,pe,SELL,164.15,163.15,75,10.0,12.23625,4.286358375,0.061181250000000006,0.012236249999999999,0.0,2.5847596575,29.1807855325,1.0
2025-12-10,2025-12-10 12:31:00,ADJUST_CLOSE,ce,BUY,98.7,99.7,75,10.0,0.0,2.61936825,0.037387500000000004,0.0074775,0.224325,2.279561985,15.168120235,1.0
2025-12-10,2025-12-10 12:31:00,ADJUST_OPEN,ce,SELL,209.05,208.05,75,10.0,15.60375,5.465993625,0.07801875000000001,0.01560375,0.0,2.8007309025,33.964097027499996,1.0
2025-12-10,2025-12-10 15:15:00,TIME_EXIT,ce,BUY,182.5,183.5,75,10.0,0.0,4.82100375,0.06881250000000001,0.013762499999999999,0.412875,2.6826441749999996,17.999097924999997,1.0
2025-12-10,2025-12-10 15:15:00,TIME_EXIT,pe,BUY,224.65,225.65,75,10.0,0.0,5.928389625,0.08461875,0.016923749999999998,0.5077125,2.8853877825,19.423032407500003,1.0
2025-12-11,2025-12-11 09:30:00,ENTRY,ce,SELL,140.25,139.25,75,10.0,10.44375,3.658445625,0.05221875,0.01044375,0.0,2.4697994625,26.6346575875,1.0
2025-12-11,2025-12-11 09:30:00,ENTRY,pe,SELL,144.85,143.85,75,10.0,10.78875,3.779299125,0.053943750000000006,0.01078875,0.0,2.4919256924999997,27.1247073175,1.0
2025-12-11,2025-12-11 09:41:00,ADJUST_CLOSE,ce,BUY,93.35,94.35,75,10.0,0.0,2.478810375,0.03538125,0.00707625,0.21228750000000002,2.2538282175,14.987383592500002,1.0
2025-12-11,2025-12-11 09:41:00,ADJUST_OPEN,ce,SELL,202.8,201.8,75,10.0,15.135,5.3017905,0.075675,0.015135,0.0,2.77066809,33.29826859,1.0
2025-12-11,2025-12-11 10:15:00,ADJUST_CLOSE,pe,BUY,136.85,137.85,75,10.0,0.0,3.621664125,0.051693750000000004,0.010338749999999999,0.3101625,2.4630653925000003,16.456924517500003,1.0
2025-12-11,2025-12-11 10:15:00,ADJUST_OPEN,pe,SELL,294.9,293.9,75,10.0,22.0425,7.72148775,0.1102125,0.0220425,0.0,3.213673695,43.109916445,1.0
2025-12-11,2025-12-11 15:15:00,TIME_EXIT,ce,BUY,344.75,345.75,75,10.0,0.0,9.083716875,0.12965625,0.02593125,0.7779375000000001,3.4630747874999996,23.480316662499998,1.0
2025-12-11,2025-12-11 15:15:00,TIME_EXIT,pe,BUY,233.3,234.3,75,10.0,0.0,6.15564675,0.08786250000000001,0.017572499999999998,0.5271750000000001,2.9269947149999997,19.715251464999998,1.0
2025-12-12,2025-12-12 09:30:00,ENTRY,ce,SELL,87.4,86.4,75,10.0,6.48,2.269944,0.032400000000000005,0.00648,0.0,2.21558832,21.00441232,1.0
2025-12-12,2025-12-12 09:30:00,ENTRY,pe,SELL,145.35,144.35,75,10.0,10.82625,3.792435375,0.054131250000000006,0.010826249999999999,0.0,2.4943307174999996,27.177973592500003,1.0
2025-12-12,2025-12-12 10:09:00,ADJUST_CLOSE,ce,BUY,67.1,68.1,75,10.0,0.0,1.78915725,0.0255375,0.0051075,0.153225,2.127564405,14.100591655000002,1.0
2025-12-12,2025-12-12 10:09:00,ADJUST_OPEN,ce,SELL,150.45,149.45,75,10.0,11.20875,3.926425125,0.05604375,0.01120875,0.0,2.5188619725,27.721289597500004,1.0
2025-12-12,2025-12-12 15:15:00,TIME_EXIT,ce,BUY,186.0,187.0,75,10.0,0.0,4.9129575,0.070125,0.014025,0.42075,2.6994793500000003,18.11733685,1.0
2025-12-12,2025-12-12 15:15:00,TIME_EXIT,pe,BUY,123.3,124.3,75,10.0,0.0,3.26567175,0.0466125,0.0093225,0.279675,2.3978892149999997,15.999170964999998,1.0
2025-12-15,2025-12-15 09:30:00,ENTRY,ce,SELL,91.75,90.75,75,10.0,6.80625,2.384229375,0.034031250000000006,0.00680625,0.0,2.2365120375,21.4678289125,1.0
2025-12-15,2025-12-15 09:30:00,ENTRY,pe,SELL,122.55,121.55,75,10.0,9.11625,3.193422375,0.045581250000000004,0.00911625,0.0,2.3846615775,24.749031452500006,1.0
2025-12-15,2025-12-15 13:08:00,ADJUST_CLOSE,pe,BUY,76.7,77.7,75,10.0,0.0,2.04137325,0.029137500000000004,0.005827499999999999,0.174825,2.173740885,14.424904134999998,1.0
2025-12-15,2025-12-15 13:08:00,ADJUST_OPEN,pe,SELL,155.6,154.6,75,10.0,11.595,4.0617285,0.057975000000000006,0.011595,0.0,2.5436337300000003,28.26993223,1.0
2025-12-15,2025-12-15 15:15:00,TIME_EXIT,ce,BUY,148.45,149.45,75,10.0,0.0,3.926425125,0.05604375,0.01120875,0.3362625,2.5188619725,16.8488020975,1.0
2025-12-15,2025-12-15 15:15:00,TIME_EXIT,pe,BUY,152.0,153.0,75,10.0,0.0,4.0196925,0.057375,0.011474999999999999,0.34425,2.53593765,16.968730150000003,1.0
2025-12-16,2025-12-16 09:30:00,ENTRY,ce,SELL,61.65,60.65,75,10.0,4.54875,1.593427125,0.022743750000000004,0.00454875,0.0,2.0917295325,18.261199157500002,1.0
2025-12-16,2025-12-16 09:30:00,ENTRY,pe,SELL,110.0,109.0,75,10.0,8.175,2.8637025,0.040875,0.008175,0.0,2.3242954499999997,23.41204795,1.0
2025-12-16,2025-12-16 09:32:00,ADJUST_CLOSE,ce,BUY,56.7,57.7,75,10.0,0.0,1.51592325,0.0216375,0.0043275,0.129825,2.077539885,13.749253135000002,1.0
2025-12-16,2025-12-16 09:32:00,ADJUST_OPEN,ce,SELL,127.55,126.55,75,10.0,9.49125,3.324784875,0.047456250000000005,0.00949125,0.0,2.4087118275,25.2816942025,1.0
2025-12-16,2025-12-16 14:20:00,ADJUST_CLOSE,ce,BUY,60.85,61.85,75,10.0,0.0,1.624954125,0.023193750000000003,0.00463875,0.1391625,2.0975015925,13.8894507175,1.0
2025-12-16,2025-12-16 14:20:00,ADJUST_OPEN,ce,SELL,108.2,107.2,75,10.0,8.040000000000001,2.816412,0.04020000000000001,0.00804,0.0,2.3156373599999998,23.22028936,1.0
2025-12-16,2025-12-16 15:15:00,TIME_EXIT,ce,BUY,115.65,116.65,75,10.0,0.0,3.064687125,0.043743750000000005,0.00874875,0.2624625,2.3610923325,15.7407344575,1.0
2025-12-16,2025-12-16 15:15:00,TIME_EXIT,pe,BUY,124.3,125.3,75,10.0,0.0,3.2919442500000002,0.0469875,0.0093975,0.281925,2.402699265,16.032953515,1.0
2025-12-17,2025-12-17 09:30:00,ENTRY,ce,SELL,146.7,145.7,75,10.0,10.9275,3.82790325,0.054637500000000006,0.0109275,0.0,2.5008242849999998,27.321792535,1.0
2025-12-17,2025-12-17 09:30:00,ENTRY,pe,SELL,143.3,142.3,75,10.0,10.6725,3.73857675,0.05336250000000001,0.0106725,0.0,2.484470115,26.959581864999997,1.0
2025-12-17,2025-12-17 12:03:00,ADJUST_CLOSE,ce,BUY,89.95,90.95,75,10.0,0.0,2.389483875,0.034106250000000005,0.00682125,0.2046375,2.2374740475,14.8725229225,1.0
2025-12-17,2025-12-17 12:03:00,ADJUST_OPEN,ce,SELL,200.45,199.45,75,10.0,14.95875,5.240050125,0.07479375,0.01495875,0.0,2.7593644724999997,33.047917097500005,1.0
2025-12-17,2025-12-17 15:15:00,TIME_EXIT,ce,BUY,213.0,214.0,75,10.0,0.0,5.622315,0.08025,0.01605,0.48150000000000004,2.8293507,19.0294657,1.0
2025-12-17,2025-12-17 15:15:00,TIME_EXIT,pe,BUY,171.8,172.8,75,10.0,0.0,4.539888,0.06480000000000001,0.01296,0.38880000000000003,2.63117664,17.637624640000002,1.0
2025-12-18,2025-12-18 09:30:00,ENTRY,ce,SELL,115.85,114.85,75,10.0,8.61375,3.017396625,0.04306875,0.00861375,0.0,2.3524342424999998,24.035263367499997,1.0
2025-12-18,2025-12-18 09:30:00,ENTRY,pe,SELL,140.1,139.1,75,10.0,10.432500000000001,3.65450475,0.05216250000000001,0.010432499999999999,0.0,2.469077955,26.618677705000003,1.0
2025-12-18,2025-12-18 15:15:00,TIME_EXIT,ce,BUY,122.0,123.0,75,10.0,0.0,3.2315175,0.046125000000000006,0.009224999999999999,0.27675,2.3916361499999996,15.95525365,1.0
2025-12-18,2025-12-18 15:15:00,TIME_EXIT,pe,BUY,120.7,121.7,75,10.0,0.0,3.19736325,0.045637500000000004,0.0091275,0.273825,2.385383085,15.911336335000001,1.0
2025-12-19,2025-12-19 09:30:00,ENTRY,ce,SELL,103.5,102.5,75,10.0,7.6875,2.69293125,0.038437500000000006,0.0076875,0.0,2.293030125,22.719586375000002,1.0
2025-12-19,2025-12-19 09:30:00,ENTRY,pe,SELL,124.55,123.55,75,10.0,9.26625,3.245967375,0.046331250000000004,0.00926625,0.0,2.3942816774999995,24.9620965525,1.0
2025-12-19,2025-12-19 11:46:00,ADJUST_CLOSE,ce,BUY,68.8,69.8,75,10.0,0.0,1.8338205,0.026175000000000004,0.005235,0.15705,2.13574149,14.158021990000002,1.0
2025-12-19,2025-12-19 11:46:00,ADJUST_OPEN,ce,SELL,123.85,122.85,75,10.0,9.213750000000001,3.227576625,0.046068750000000006,0.00921375,0.0,2.3909146425000003,24.887523767500003,1.0
2025-12-19,2025-12-19 15:15:00,TIME_EXIT,ce,BUY,160.55,161.55,75,10.0,0.0,4.244322375,0.06058125,0.01211625,0.3634875,2.5770635774999997,17.2575709525,1.0
2025-12-19,2025-12-19 15:15:00,TIME_EXIT,pe,BUY,108.4,109.4,75,10.0,0.0,2.8742115,0.041025000000000006,0.008205,0.24615,2.32621947,15.495810969999999,1.0
2025-12-22,2025-12-22 09:30:00,ENTRY,ce,SELL,57.55,56.55,75,10.0,4.24125,1.485709875,0.021206250000000003,0.00424125,0.0,2.0720083275,17.8244157025,1.0
2025-12-22,2025-12-22 09:30:00,ENTRY,pe,SELL,118.05,117.05,75,10.0,8.77875,3.075196125,0.04389375,0.00877875,0.0,2.3630163525,24.269634977500004,1.0
2025-12-22,2025-12-22 09:32:00,ADJUST_CLOSE,ce,BUY,58.1,59.1,75,10.0,0.0,1.55270475,0.0221625,0.0044325,0.132975,2.084273955,13.796548705000001,1.0
2025-12-22,2025-12-22 09:32:00,ADJUST_OPEN,ce,SELL,119.5,118.5,75,10.0,8.887500000000001,3.11329125,0.044437500000000005,0.0088875,0.0,2.369990925,24.424107175000003,1.0
2025-12-22,2025-12-22 15:15:00,TIME_EXIT,ce,BUY,122.15,123.15,75,10.0,0.0,3.235458375,0.04618125000000001,0.00923625,0.2770875,2.3923576575000003,15.960321032500001,1.0
2025-12-22,2025-12-22 15:15:00,TIME_EXIT,pe,BUY,108.1,109.1,75,10.0,0.0,2.8663297500000002,0.040912500000000004,0.008182499999999999,0.245475,2.324776455,15.485676205,1.0
2025-12-23,2025-12-23 09:30:00,ENTRY,ce,SELL,40.35,39.35,75,10.0,2.95125,1.033822875,0.014756250000000002,0.00295125,0.0,1.9892754675,15.992055842500001,1.0
2025-12-23,2025-12-23 09:30:00,ENTRY,pe,SELL,107.8,106.8,75,10.0,8.01,2.805903,0.04005,0.00801,0.0,2.31371334,23.177676339999998,1.0
2025-12-23,2025-12-23 09:32:00,ADJUST_CLOSE,ce,BUY,38.55,39.55,75,10.0,0.0,1.039077375,0.01483125,0.0029662499999999997,0.0889875,1.9902374775,13.1360998525,1.0
2025-12-23,2025-12-23 09:32:00,ADJUST_OPEN,ce,SELL,106.45,105.45,75,10.0,7.90875,2.770435125,0.03954375,0.007908749999999999,0.0,2.3072197725,23.0338573975,1.0
2025-12-23,2025-12-23 14:15:00,ADJUST_CLOSE,pe,BUY,77.4,78.4,75,10.0,0.0,2.059764,0.029400000000000003,0.00588,0.1764,2.1771079199999996,14.448551919999998,1.0
2025-12-23,2025-12-23 14:15:00,ADJUST_OPEN,pe,SELL,175.7,174.7,75,10.0,13.102500000000001,4.58980575,0.0655125,0.0131025,0.0,2.640315735,30.411236485,1.0
2025-12-23,2025-12-23 15:15:00,TIME_EXIT,ce,BUY,127.7,128.7,75,10.0,0.0,3.38127075,0.04826250000000001,0.0096525,0.289575,2.419053435,16.147814184999998,0.9999999999999858
2025-12-23,2025-12-23 15:15:00,TIME_EXIT,pe,BUY,194.1,195.1,75,10.0,0.0,5.12576475,0.0731625,0.0146325,0.438975,2.738440755,18.390975505,1.0
2025-12-31,2025-12-31 09:30:00,ENTRY,ce,SELL,142.3,141.3,65,10.0,9.1845,3.21733035,0.045922500000000005,0.0091845,0.0,2.389038723,24.845976073,1.0
2025-12-31,2025-12-31 09:30:00,ENTRY,pe,SELL,114.5,113.5,65,10.0,7.3775,2.58433825,0.036887500000000004,0.0073774999999999995,0.0,2.273148585,22.279251835,1.0
2025-12-31,2025-12-31 12:09:00,ADJUST_CLOSE,pe,BUY,85.9,86.9,65,10.0,0.0,1.97866955,0.028242500000000004,0.0056485,0.169455,2.1622608989999996,14.344276448999997,1.0
2025-12-31,2025-12-31 12:09:00,ADJUST_OPEN,pe,SELL,167.75,166.75,65,10.0,10.838750000000001,3.796814125,0.054193750000000006,0.01083875,0.0,2.4951323925,27.195729017500003,1.0
2025-12-31,2025-12-31 15:15:00,TIME_EXIT,ce,BUY,214.25,215.25,65,10.0,0.0,4.901134875,0.06995625000000001,0.01399125,0.4197375,2.6973148275,18.102134702500003,1.0
2025-12-31,2025-12-31 15:15:00,TIME_EXIT,pe,BUY,146.69,147.69,65,10.0,0.0,3.362827455,0.04799925000000001,0.00959985,0.2879955,2.4156767799,16.1240988349,1.0
